{
  "nodes": [
    {
      "id": "M7NDMWW5654DX",
      "Relationship NAME": "Employment at",
      "Relationship Summary": "Ben Hu is employed at the Wuhan Institute who was one of three workers.",
      "Article Text": "\"Ben Hu, a researcher at the Wuhan Institute of Virology, was one of three workers known to have fallen sick with a mysterious illness in November 2019.\"",
      "Relationship Date": "06/17/23",
      "article URL": "https://theintercept.com/2023/06/17/covid-origin-wuhan-patient-zero/",
      "Tag": "Virology",
      "type": "Relationship",
      "name": "Ben Hu is employed at the Wuhan Institute who was one of three workers."
    },
    {
      "id": "M7NDMWWBNU4ZM",
      "Relationship Summary": "Ben Hu's role at WIV",
      "Article Text": "\"Ben Hu Co-Investigator at Wuhan Institute of Virology\"",
      "type": "Relationship",
      "name": "Ben Hu's role at WIV"
    },
    {
      "id": "M7NDMWWC5KIT3",
      "Relationship NAME": "Now Considered",
      "Relationship Summary": "NIAID provided funding to Ben Hu, now considered patient zero.",
      "Article Text": "\"The documents obtained by WCW show that NIAID provided funding to Ben Hu, a scientist at the Wuhan Institute of Virology who is now considered by some to be 'patient zero' for the novel coronavirus.\"",
      "Relationship Date": "06/15/23",
      "article URL": "https://blog.whitecoatwaste.org/2023/06/15/covid-origin-wcw-investigation-proves-u-s-govt-funded-patient-zero/",
      "Tag": "Virology",
      "type": "Relationship",
      "name": "NIAID provided funding to Ben Hu, now considered patient zero."
    },
    {
      "id": "M7NDMWWCW8CLI",
      "Relationship NAME": "Potentially",
      "Relationship Summary": "Ben Hu is the subject of investigation naming him potentially patient zero.",
      "Article Text": "\"This investigation has now named Ben Hu, a researcher at the Wuhan Institute of Virology, as potentially 'patient zero' for the virus.\"",
      "Relationship Date": "06/15/23",
      "article URL": "https://blog.whitecoatwaste.org/2023/06/15/covid-origin-wcw-investigation-proves-u-s-govt-funded-patient-zero/",
      "Tag": "Virology",
      "type": "Relationship",
      "name": "Ben Hu is the subject of investigation naming him potentially patient zero."
    },
    {
      "id": "M7NDMWWD5WWPM",
      "Relationship NAME": "None",
      "Relationship Summary": "Modeling hotspots and conducting surveillance in wildlife",
      "Article Text": "\"Completed Research Support USAID EPT PREDICT-1 Mazet (Pl) 10/01/09 - 09/30/14 Modeling hotspots for disease emergence and conducting surveillance in wildlife in hotspots for new emerging zoonoses Amount: $18 million subcontract on a $75 million award Role: Lead Field Scientist\"",
      "Relationship Date": "02/09/25",
      "article URL": "https://s3.documentcloud.org/documents/21055989/understanding-risk-bat-coronavirus-emergence-grant-notice.pdf",
      "Tag": "Virology",
      "type": "Relationship",
      "name": "Modeling hotspots and conducting surveillance in wildlife"
    },
    {
      "id": "M7NDMWWEM9HG8",
      "Relationship NAME": "None",
      "Relationship Summary": "Ben Hu is potentially 'patient zero' for COVID-19",
      "Article Text": "\"The significance of the fact that ‘patient zero’: (is) Ben Hu\"",
      "Relationship Date": "06/17/23",
      "article URL": "https://theintercept.com/2023/06/17/covid-origin-wuhan-patient-zero/",
      "Tag": "Virology",
      "type": "Relationship",
      "name": "Ben Hu is potentially 'patient zero' for COVID-19"
    },
    {
      "id": "M7NDMWWET66XA",
      "Relationship NAME": "in response to",
      "Relationship Summary": "Ben Hu potentially directly funded the insertion of FCS sequences into SARS-like coronaviruses",
      "Article Text": "\"Hu potentially directly funded the insertion of FCS sequences into SARS-ike coronaviruses\"",
      "Relationship Date": "06/17/23",
      "article URL": "https://theintercept.com/2023/06/17/covid-origin-wuhan-patient-zero/",
      "Tag": "Virology",
      "type": "Relationship",
      "name": "Ben Hu potentially directly funded the insertion of FCS sequences into SARS-like coronaviruses"
    },
    {
      "id": "M7NDMWWEGAZQS",
      "Relationship NAME": "found by",
      "Relationship Summary": "Ben Hu received funding from NIAID found by FOIA documents.",
      "Article Text": "\"In FOIA documents, The Intercept found that Ben Hu was the recipient of grants from USAID and NIAID to the tune of about $41 million.\"",
      "Relationship Date": "06/17/23",
      "article URL": "https://theintercept.com/2023/06/17/covid-origin-wuhan-patient-zero/",
      "Tag": "Virology",
      "type": "Relationship",
      "name": "Ben Hu received funding from NIAID found by FOIA documents."
    },
    {
      "id": "M7NDMWWEDM82Q",
      "Relationship NAME": "engaged in",
      "Relationship Summary": "Ben Hu was involved in gain-of-function research engaged in gain-of-function research.",
      "Article Text": "\"The three researchers were engaged in gain-of-function research on coronaviruses.\"",
      "Relationship Date": "06/17/23",
      "article URL": "https://theintercept.com/2023/06/17/covid-origin-wuhan-patient-zero/",
      "Tag": "Virology",
      "type": "Relationship",
      "name": "Ben Hu was involved in gain-of-function research engaged in gain-of-function research."
    },
    {
      "id": "M7NDMWWEP50LC",
      "Relationship NAME": "suggested that if",
      "Relationship Summary": "Richard Ebright commented on the Wuhan Institute suggested that if information about Ben Hu's illness is accurate.",
      "Article Text": "\"Richard Ebright suggested that if the information about Ben Hu's illness is accurate, it would be significant for the lab leak theory.\"",
      "Relationship Date": "06/17/23",
      "article URL": "https://theintercept.com/2023/06/17/covid-origin-wuhan-patient-zero/",
      "Tag": "Virology",
      "type": "Relationship",
      "name": "Richard Ebright commented on the Wuhan Institute suggested that if information about Ben Hu's illness is accurate."
    },
    {
      "id": "M7NDMWWEU8CY1",
      "Relationship NAME": "found",
      "Relationship Summary": "The Intercept published FOIA documents found grants from USAID and NIAID.",
      "Article Text": "\"In FOIA documents, The Intercept found that Ben Hu was the recipient of grants from USAID and NIAID to the tune of about $41 million.\"",
      "Relationship Date": "06/17/23",
      "article URL": "https://theintercept.com/2023/06/17/covid-origin-wuhan-patient-zero/",
      "Tag": "Virology",
      "type": "Relationship",
      "name": "The Intercept published FOIA documents found grants from USAID and NIAID."
    },
    {
      "id": "M7NDMWWEYNFRL",
      "Relationship NAME": "found",
      "Relationship Summary": "Freedom of Information Act was utilized for FOIA documents found grants from USAID and NIAID.",
      "Article Text": "\"In FOIA documents, The Intercept found that Ben Hu was the recipient of grants from USAID and NIAID to the tune of about $41 million.\"",
      "Relationship Date": "06/17/23",
      "article URL": "https://theintercept.com/2023/06/17/covid-origin-wuhan-patient-zero/",
      "Tag": "Virology",
      "type": "Relationship",
      "name": "Freedom of Information Act was utilized for FOIA documents found grants from USAID and NIAID."
    },
    {
      "id": "M7NDMWWE7W1QS",
      "Relationship NAME": "reportedly",
      "Relationship Summary": "Hospitalization of Researchers was an incident at the Wuhan Institute reportedly hospitalized.",
      "Article Text": "\"Three researchers from the Wuhan Institute of Virology were reportedly hospitalized with symptoms resembling those of COVID-19 in November 2019.\"",
      "Relationship Date": "11/01/19",
      "article URL": "https://theintercept.com/2023/06/17/covid-origin-wuhan-patient-zero/",
      "Tag": "Virology",
      "type": "Relationship",
      "name": "Hospitalization of Researchers was an incident at the Wuhan Institute reportedly hospitalized."
    },
    {
      "id": "M7NDMWWJJZG4Z",
      "Relationship NAME": "in response to",
      "Relationship Summary": "Ben Hu denies being the first person with Covid-19 at WIV",
      "Article Text": "\"The recent news about so-called ‘patient zero’ in WIV are absolutely rumors and ridiculous,” Ben Hu emailed Science in his first public response to the charges, which have been attributed to anonymous former and current U.S. Department of State officials.\"",
      "Relationship Date": "June 2023",
      "article URL": "https://www.science.org/content/article/ridiculous-says-chinese-scientist-accused-being-pandemic-s-patient-zero",
      "Tag": "Virology",
      "type": "Relationship",
      "name": "Ben Hu denies being the first person with Covid-19 at WIV"
    },
    {
      "id": "M7NDMWWJQ8IMH",
      "Relationship NAME": "in response to",
      "Relationship Summary": "Ben Hu denies his research work on coronaviruses at WIV led to the outbreak",
      "Article Text": "\"The recent news about so-called ‘patient zero’ in WIV are absolutely rumors and ridiculous,” Ben Hu emailed Science in his first public response to the charges, which have been attributed to anonymous former and current U.S. Department of State officials.\"",
      "Relationship Date": "June 2023",
      "article URL": "https://www.science.org/content/article/ridiculous-says-chinese-scientist-accused-being-pandemic-s-patient-zero",
      "Tag": "Virology",
      "type": "Relationship",
      "name": "Ben Hu denies his research work on coronaviruses at WIV led to the outbreak"
    },
    {
      "id": "M7NDNMIHH6F3S",
      "Relationship NAME": "found by",
      "Relationship Summary": "Ben Hu received funding from USAID found by FOIA documents.",
      "Article Text": "\"In FOIA documents, The Intercept found that Ben Hu was the recipient of grants from USAID and NIAID to the tune of about $41 million.\"",
      "Relationship Date": "June 2023",
      "article URL": "https://theintercept.com/2023/06/17/covid-origin-wuhan-patient-zero/",
      "type": "Relationship",
      "Modifier Entity Name": "FOIA documents",
      "Entity 2 Name": "Ben Hu",
      "name": "Ben Hu received funding from USAID found by FOIA documents."
    },
    {
      "id": "M7NDNMIHCR7XB",
      "Relationship NAME": "found by",
      "Relationship Summary": "USAID provided funding for Ben Hu found by FOIA documents.",
      "Article Text": "\"In FOIA documents, The Intercept found that Ben Hu was the recipient of grants from USAID and NIAID to the tune of about $41 million.\"",
      "Relationship Date": "June 2023",
      "article URL": "https://theintercept.com/2023/06/17/covid-origin-wuhan-patient-zero/",
      "type": "Relationship",
      "Modifier Entity Name": "FOIA documents",
      "name": "USAID provided funding for Ben Hu found by FOIA documents."
    },
    {
      "id": "M7NDQ6RHG7RCL",
      "Relationship Summary": "Worked as a Laboratory Scientist in the program",
      "Article Text": "Completed Research Support USAID EPT PREDICT-1 Mazet (PI) 10/01/09 - 09/30/14 Modeling hotspots for disease emergence and conducting surveillance in wildlife in hotspots for new emerging zoonoses Amount: $18 million subcontract on a $75 million award Role: Laboratory Scientist",
      "type": "Relationship",
      "Date": "2009-2014",
      "Article URL": "https://s3.documentcloud.org/documents/21055989/understanding-risk-bat-coronavirus-emergence-grant-notice.pdf",
      "name": "Worked as a Laboratory Scientist in the program"
    },
    {
      "id": "M7NDQ6RHD4JSA",
      "Relationship Summary": "Worked as a Laboratory Scientist under USAID Mazet",
      "Article Text": "Completed Research Support USAID EPT PREDICT-1 Mazet (PI) 10/01/09 - 09/30/14 Modeling hotspots for disease emergence and conducting surveillance in wildlife in hotspots for new emerging zoonoses Amount: $18 million subcontract on a $75 million award Role: Laboratory Scientist",
      "type": "Relationship",
      "Date": "2009-2014",
      "Article URL": "https://s3.documentcloud.org/documents/21055989/understanding-risk-bat-coronavirus-emergence-grant-notice.pdf",
      "name": "Worked as a Laboratory Scientist under USAID Mazet"
    },
    {
      "id": "M7NDQ6RHBC3A1",
      "Relationship Summary": "Contributed to the discovery of SARS-related coronaviruses",
      "Article Text": "Discovery of a rich gene pool of bat SARS-related coronaviruses provides new insights into the origin of SARS coronavirus",
      "type": "Relationship",
      "Article URL": "https://pmc.ncbi.nlm.nih.gov/articles/PMC5708621/",
      "name": "Contributed to the discovery of SARS-related coronaviruses"
    },
    {
      "id": "M7NDMWVID0PNH",
      "Entity Name": "Ben Hu",
      "Article URL": "https://pmc.ncbi.nlm.nih.gov/articles/PMC5708621/",
      "type": "Entity",
      "name": "Ben Hu"
    },
    {
      "id": "M7NDMWVIZ3WIN",
      "Entity Name": "EcoHealth Alliance",
      "Article URL": "WCW-complaint-to-NIH-EcoHealth-Alliance-March-15-2021.pdf",
      "type": "Entity",
      "URL": "https://blog.whitecoatwaste.org/wp-content/uploads/2023/06/wuhan-patient-zero_chmura-gima-correspondence.pdf",
      "Article Text": "\"Peter Daszak,b ... The Global Virome Project\"",
      "Article Title": "The Global Virome Project",
      "Entity Acronym": "WCW",
      "name": "EcoHealth Alliance"
    },
    {
      "id": "M7NDMWVJT9RE2",
      "Entity Name": "NIAID",
      "Article URL": "https://s3.documentcloud.org/documents/21055989/understanding-risk-bat-coronavirus-emergence-grant-notice.pdf",
      "type": "Entity",
      "Article Text": "\"Michael Kurilla Office of Biodefense Research Resources and Translational Research, NIAID, National Institutes of Health\"",
      "Article Title": "Our History - Global Virome Project",
      "article URL": "https://web.archive.org/web/20200718034514/http://www.globalviromeproject.org/our-history",
      "name": "NIAID"
    },
    {
      "id": "M7NDMWVKX7AQ8",
      "Entity Name": "Wuhan Institute of Virology",
      "Article URL": "PMC Article",
      "type": "Entity",
      "URL": "https://blog.whitecoatwaste.org/wp-content/uploads/2023/06/wuhan-patient-zero_chmura-gima-correspondence.pdf",
      "Article Text": "\"The National Institutes of Health is pressing a U.S. nonprofit, EcoHealth Alliance, for details on a research project at China’s Wuhan Institute of Virology that studied whether bat coronaviruses could be manipulated to infect humans.\"",
      "Article Title": "NIH Presses U.S. Nonprofit for Information on Wuhan Virology Lab",
      "article URL": "https://www.wsj.com/articles/nih-presses-u-s-nonprofit-for-information-on-wuhan-virology-lab-11597829400",
      "Entity Acronym": "USAID",
      "name": "Wuhan Institute of Virology"
    },
    {
      "id": "M7NDMWVL1SHIO",
      "Entity Name": "The Intercept",
      "type": "Entity",
      "name": "The Intercept"
    },
    {
      "id": "M7NDMWVLGVZUQ",
      "Entity Name": "Insertion of FCS sequences into SARS-like coronaviruses",
      "type": "Entity",
      "name": "Insertion of FCS sequences into SARS-like coronaviruses"
    },
    {
      "id": "M7NDMWVLW4O0U",
      "Entity Name": "Richard Ebright",
      "Article URL": "https://www.dailymail.co.uk/news/article-9129749/How-Peter-Daszak-WHOs-team-investigating-original-source-outbreak.html",
      "type": "Entity",
      "name": "Richard Ebright"
    },
    {
      "id": "M7NDMWVLRJ0JO",
      "Entity Name": "Freedom of Information Act",
      "type": "Entity",
      "Article Text": "\"U.S. Right to Know obtained the emails through the Freedom of Information Act and the California Public Records Act in an investigation of potentially dangerous viral research funded through taxpayer dollars.\"",
      "Article Title": "Dennis Carroll Used Taxpayer Funds for Risky Private Project",
      "article URL": "https://childrenshealthdefense.org/defender/dennis-carroll-taxpayer-funds-risky-private-project/",
      "name": "Freedom of Information Act"
    },
    {
      "id": "M7NDMWVLL9VC1",
      "Entity Name": "Gain-of-Function Research",
      "Article URL": "https://www.wsj.com/articles/who-are-the-covid-investigators1271499946",
      "type": "Entity",
      "Article Text": "\"The three researchers were engaged in gain-of-function research on coronaviruses.\"",
      "Relationship Date": "06/17/23",
      "Article Title": "covid-origin-wuhan-patient-zero",
      "article URL": "https://theintercept.com/2023/06/17/covid-origin-wuhan-patient-zero/",
      "Entity Acronym": "WIV",
      "name": "Gain-of-Function Research"
    },
    {
      "id": "M7NDMWVL8GB43",
      "Entity Name": "Hospitalization of Researchers",
      "type": "Entity",
      "name": "Hospitalization of Researchers"
    },
    {
      "id": "M7NDMWVSV121P",
      "Entity Name": "China",
      "Article URL": "https://www.wsj.com/articles/who-are-the-covid-investigators1271499940",
      "type": "Entity",
      "Entity Acronym": "WHO",
      "name": "China"
    },
    {
      "id": "M7NDMWVTKA53J",
      "Entity Name": "COVID-19",
      "type": "Entity",
      "Article Text": "\"The United States Government has supported the Government of Uzbekistan’s efforts to respond to the COVID-19 pandemic, providing life-saving equipment, laboratory and medical supplies, and technical assistance.\"",
      "article URL": "https://web.archive.org/web/20250201201217/https://www.usaid.gov/uzbekistan/fact-sheets",
      "name": "COVID-19"
    },
    {
      "id": "M7NDMWVV7G4OJ",
      "Entity Name": "FOIA documents",
      "type": "Entity",
      "Article Text": "\"In FOIA documents, The Intercept found that Ben Hu was the recipient of grants from USAID and NIAID to the tune of about $41 million.\"",
      "Relationship Date": "06/17/23",
      "Article Title": "covid-origin-wuhan-patient-zero",
      "article URL": "https://theintercept.com/2023/06/17/covid-origin-wuhan-patient-zero/",
      "name": "FOIA documents"
    },
    {
      "id": "M7NDMWW0J9YYR",
      "Entity Name": "SARS-CoV",
      "type": "Entity",
      "name": "SARS-CoV"
    },
    {
      "id": "M7NDMWWK2WQ5Q",
      "Entity Name": "Patient Zero",
      "type": "Entity",
      "Article Text": "\"This investigation has now named Ben Hu, a researcher at the Wuhan Institute of Virology, as potentially 'patient zero' for the virus.\"",
      "Relationship Date": "06/15/23",
      "Article Title": "covid-origin-wcw-investigation-proves-u-s-govt-funded-patient-zero",
      "article URL": "https://blog.whitecoatwaste.org/2023/06/15/covid-origin-wcw-investigation-proves-u-s-govt-funded-patient-zero/",
      "name": "Patient Zero"
    },
    {
      "id": "M7NDMWWMNUYGF",
      "Entity Name": "EcoHealth Alliance's proposal",
      "type": "Entity",
      "Article Text": "\"Hu potentially directly funded the insertion of FCS sequences into SARS-ike coronaviruses\"",
      "Relationship Date": "06/17/23",
      "Article Title": "U.S. Funded Research in China Focused on Creating Deadlier Coronaviruses",
      "article URL": "https://theintercept.com/2023/06/17/covid-origin-wuhan-patient-zero/",
      "name": "EcoHealth Alliance's proposal"
    },
    {
      "id": "M7NDMWWMS45AD",
      "Entity Name": "One of Three Workers",
      "type": "Entity",
      "Article Text": "\"Ben Hu, a researcher at the Wuhan Institute of Virology, was one of three workers known to have fallen sick with a mysterious illness in November 2019.\"",
      "Relationship Date": "06/17/23",
      "Article Title": "covid-origin-wuhan-patient-zero",
      "article URL": "https://theintercept.com/2023/06/17/covid-origin-wuhan-patient-zero/",
      "name": "One of Three Workers"
    },
    {
      "id": "M7NDMWWMSTV93",
      "Entity Name": "Information about Ben Hu's Illness",
      "type": "Entity",
      "Article Text": "\"Richard Ebright suggested that if the information about Ben Hu's illness is accurate, it would be significant for the lab leak theory.\"",
      "Relationship Date": "06/17/23",
      "Article Title": "covid-origin-wuhan-patient-zero",
      "article URL": "https://theintercept.com/2023/06/17/covid-origin-wuhan-patient-zero/",
      "name": "Information about Ben Hu's Illness"
    },
    {
      "id": "M7NDMWWMPRT5Y",
      "Entity Name": "Grants from USAID and NIAID",
      "type": "Entity",
      "Article Text": "\"In FOIA documents, The Intercept found that Ben Hu was the recipient of grants from USAID and NIAID to the tune of about $41 million.\"",
      "Relationship Date": "06/17/23",
      "Article Title": "covid-origin-wuhan-patient-zero",
      "article URL": "https://theintercept.com/2023/06/17/covid-origin-wuhan-patient-zero/",
      "name": "Grants from USAID and NIAID"
    },
    {
      "id": "M7NDMWWM87TVE",
      "Entity Name": "Hospitalized",
      "type": "Entity",
      "Article Text": "\"Three researchers from the Wuhan Institute of Virology were reportedly hospitalized with symptoms resembling those of COVID-19 in November 2019.\"",
      "Relationship Date": "11/01/19",
      "Article Title": "covid-origin-wuhan-patient-zero",
      "article URL": "https://theintercept.com/2023/06/17/covid-origin-wuhan-patient-zero/",
      "name": "Hospitalized"
    },
    {
      "id": "M7NDOJRP5V0UH",
      "Entity Name": "SARS-related coronaviruses",
      "type": "Entity",
      "name": "SARS-related coronaviruses"
    },
    {
      "id": "M7NDOJRPS21QQ",
      "Entity Name": "Human ACE2 receptor",
      "type": "Entity",
      "name": "Human ACE2 receptor"
    },
    {
      "id": "M7NDOJRPHZQ25",
      "Entity Name": "Rhinolophus sinicus",
      "type": "Entity",
      "name": "Rhinolophus sinicus"
    },
    {
      "id": "M7NDOJRPUXCY9",
      "Action Summary": "Researchers conducted surveillance on SARS-related coronaviruses in bats.",
      "Action Text": "\"Herein, we report the findings of our 5-year surveillance of SARSr-CoVs in a cave inhabited by multiple species of horseshoe bats in Yunnan Province, China.\"",
      "Article Title": "Discovery of a rich gene pool of bat SARS-related coronaviruses provides new insights into the origin of SARS coronavirus",
      "Article URL": "PMC5708621",
      "type": "Action",
      "name": "Researchers conducted surveillance on SARS-related coronaviruses in bats."
    },
    {
      "id": "M7NDOJRPHOWOZ",
      "Action Summary": "Discovery of new strains in horseshoe bats.",
      "Action Text": "\"The full-length genomes of 11 newly discovered SARSr-CoV strains, together with our previous findings, reveals that the SARSr-CoVs circulating in this single location are highly diverse in the S gene, ORF3 and ORF8.\"",
      "Article Title": "Discovery of a rich gene pool of bat SARS-related coronaviruses provides new insights into the origin of SARS coronavirus",
      "Article URL": "PMC5708621",
      "type": "Action",
      "name": "Discovery of new strains in horseshoe bats."
    },
    {
      "id": "M7NDOJRPT25KH",
      "Action Summary": "Hypothesis that SARS-CoV originated from recombination events among SARSr-CoVs.",
      "Action Text": "\"We hypothesize that the direct progenitor of SARS-CoV may have originated after sequential recombination events between the precursors of these SARSr-CoVs.\"",
      "Article Title": "Discovery of a rich gene pool of bat SARS-related coronaviruses provides new insights into the origin of SARS coronavirus",
      "Article URL": "PMC5708621",
      "type": "Action",
      "name": "Hypothesis that SARS-CoV originated from recombination events among SARSr-CoVs."
    },
    {
      "id": "M7NDOJRPNUEL6",
      "Action Summary": "Demonstrated that SARSr-CoVs can use human ACE2 for cell entry.",
      "Action Text": "\"Cell entry studies demonstrated that three newly identified SARSr-CoVs with different S protein sequences are all able to use human ACE2 as the receptor, further exhibiting the close relationship between strains in this cave and SARS-CoV.\"",
      "Article Title": "Discovery of a rich gene pool of bat SARS-related coronaviruses provides new insights into the origin of SARS coronavirus",
      "Article URL": "PMC5708621",
      "type": "Action",
      "name": "Demonstrated that SARSr-CoVs can use human ACE2 for cell entry."
    },
    {
      "id": "M7NDOJRPU0JQ7",
      "Action Summary": "Genetic analysis of viruses found in Rhinolophus sinicus.",
      "Action Text": "\"Host species identification by amplification of either Cytb or ND1 gene suggested that most (57/64) of the SARSr-CoV positive samples were from Rhinolophus sinicus...\"",
      "Article Title": "Discovery of a rich gene pool of bat SARS-related coronaviruses provides new insights into the origin of SARS coronavirus",
      "Article URL": "PMC5708621",
      "type": "Action",
      "name": "Genetic analysis of viruses found in Rhinolophus sinicus."
    },
    {
      "id": "M7NDOJRPH44V0",
      "Action Summary": "Recombination analysis within the SARSr-CoV strains.",
      "Action Text": "\"Recombination analysis shows evidence of frequent recombination events within the S gene and around the ORF8 between these SARSr-CoVs.\"",
      "Article Title": "Discovery of a rich gene pool of bat SARS-related coronaviruses provides new insights into the origin of SARS coronavirus",
      "Article URL": "PMC5708621",
      "type": "Action",
      "name": "Recombination analysis within the SARSr-CoV strains."
    },
    {
      "id": "M7NDOJRPE76VD",
      "Action Summary": "Genomic comparison to understand evolutionary relationships.",
      "Action Text": "\"The genomes of all 15 SARSr-CoVs circulating in this single cave shared 92.0% to 99.9% nt sequence identity. The overall nt sequence identity between these SARSr-CoVs and human and civet SARS-CoVs is 93.2% to 96%...\"",
      "Article Title": "Discovery of a rich gene pool of bat SARS-related coronaviruses provides new insights into the origin of SARS coronavirus",
      "Article URL": "PMC5708621",
      "type": "Action",
      "name": "Genomic comparison to understand evolutionary relationships."
    },
    {
      "id": "M7NDOJRPG5I6H",
      "Action Summary": "Identification of additional ORFs in the virus genome.",
      "Action Text": "\"In our previous study, we identified an additional ORF termed ORFx present between ORF6 and ORF7 in strain WIV1 and WIV16. In this study, ORFx was also found in the genomes of Rs7327 and Rs4874.\"",
      "Article Title": "Discovery of a rich gene pool of bat SARS-related coronaviruses provides new insights into the origin of SARS coronavirus",
      "Article URL": "PMC5708621",
      "type": "Action",
      "name": "Identification of additional ORFs in the virus genome."
    }
  ],
  "links": [
    {
      "sourceId": "M7NDMWVSV121P",
      "targetId": "M7NDMWVKX7AQ8"
    },
    {
      "sourceId": "M7NDMWVKX7AQ8",
      "targetId": "M7NDMWVID0PNH"
    },
    {
      "sourceId": "M7NDMWVKX7AQ8",
      "targetId": "M7NDMWVID0PNH"
    },
    {
      "sourceId": "M7NDMWVKX7AQ8",
      "targetId": "M7NDMWVID0PNH"
    },
    {
      "sourceId": "M7NDMWVKX7AQ8",
      "targetId": "M7NDMWVID0PNH"
    },
    {
      "sourceId": "M7NDMWVKX7AQ8",
      "targetId": "M7NDMWVID0PNH"
    },
    {
      "sourceId": "M7NDMWVKX7AQ8",
      "targetId": "M7NDMWVID0PNH"
    },
    {
      "sourceId": "M7NDMWVKX7AQ8",
      "targetId": "M7NDMWVID0PNH"
    },
    {
      "sourceId": "M7NDMWVKX7AQ8",
      "targetId": "M7NDMWVID0PNH"
    },
    {
      "sourceId": "M7NDMWVSV121P",
      "targetId": "M7NDMWVKX7AQ8"
    },
    {
      "sourceId": "M7NDMWVSV121P",
      "targetId": "M7NDMWVKX7AQ8"
    },
    {
      "sourceId": "M7NDMWVSV121P",
      "targetId": "M7NDMWVKX7AQ8"
    },
    {
      "sourceId": "M7NDMWVSV121P",
      "targetId": "M7NDMWVKX7AQ8"
    },
    {
      "sourceId": "M7NDMWVSV121P",
      "targetId": "M7NDMWVKX7AQ8"
    },
    {
      "sourceId": "M7NDMWVSV121P",
      "targetId": "M7NDMWVKX7AQ8"
    },
    {
      "sourceId": "M7NDMWVSV121P",
      "targetId": "M7NDOJRP5V0UH"
    },
    {
      "sourceId": "M7NDMWVSV121P",
      "targetId": "M7NDOJRP5V0UH"
    },
    {
      "sourceId": "M7NDMWVSV121P",
      "targetId": "M7NDOJRPHZQ25"
    },
    {
      "sourceId": "M7NDMWVSV121P",
      "targetId": "M7NDOJRP5V0UH"
    },
    {
      "sourceId": "M7NDMWVSV121P",
      "targetId": "M7NDOJRP5V0UH"
    },
    {
      "sourceId": "M7NDMWVID0PNH",
      "targetId": "M7NDOJRPUXCY9",
      "Action Summary": "Researchers conducted surveillance on SARS-related coronaviruses in bats.",
      "Action Text": "\"Herein, we report the findings of our 5-year surveillance of SARSr-CoVs in a cave inhabited by multiple species of horseshoe bats in Yunnan Province, China.\"",
      "Article Title": "Discovery of a rich gene pool of bat SARS-related coronaviruses provides new insights into the origin of SARS coronavirus",
      "Article URL": "PMC5708621"
    },
    {
      "sourceId": "M7NDMWVID0PNH",
      "targetId": "M7NDOJRPHOWOZ",
      "Action Summary": "Discovery of new strains in horseshoe bats.",
      "Action Text": "\"The full-length genomes of 11 newly discovered SARSr-CoV strains, together with our previous findings, reveals that the SARSr-CoVs circulating in this single location are highly diverse in the S gene, ORF3 and ORF8.\"",
      "Article Title": "Discovery of a rich gene pool of bat SARS-related coronaviruses provides new insights into the origin of SARS coronavirus",
      "Article URL": "PMC5708621"
    },
    {
      "sourceId": "M7NDMWVID0PNH",
      "targetId": "M7NDOJRPT25KH",
      "Action Summary": "Hypothesis that SARS-CoV originated from recombination events among SARSr-CoVs.",
      "Action Text": "\"We hypothesize that the direct progenitor of SARS-CoV may have originated after sequential recombination events between the precursors of these SARSr-CoVs.\"",
      "Article Title": "Discovery of a rich gene pool of bat SARS-related coronaviruses provides new insights into the origin of SARS coronavirus",
      "Article URL": "PMC5708621"
    },
    {
      "sourceId": "M7NDMWVID0PNH",
      "targetId": "M7NDOJRPNUEL6",
      "Action Summary": "Demonstrated that SARSr-CoVs can use human ACE2 for cell entry.",
      "Action Text": "\"Cell entry studies demonstrated that three newly identified SARSr-CoVs with different S protein sequences are all able to use human ACE2 as the receptor, further exhibiting the close relationship between strains in this cave and SARS-CoV.\"",
      "Article Title": "Discovery of a rich gene pool of bat SARS-related coronaviruses provides new insights into the origin of SARS coronavirus",
      "Article URL": "PMC5708621"
    },
    {
      "sourceId": "M7NDMWVID0PNH",
      "targetId": "M7NDOJRPU0JQ7",
      "Action Summary": "Genetic analysis of viruses found in Rhinolophus sinicus.",
      "Action Text": "\"Host species identification by amplification of either Cytb or ND1 gene suggested that most (57/64) of the SARSr-CoV positive samples were from Rhinolophus sinicus...\"",
      "Article Title": "Discovery of a rich gene pool of bat SARS-related coronaviruses provides new insights into the origin of SARS coronavirus",
      "Article URL": "PMC5708621"
    },
    {
      "sourceId": "M7NDMWVID0PNH",
      "targetId": "M7NDOJRPH44V0",
      "Action Summary": "Recombination analysis within the SARSr-CoV strains.",
      "Action Text": "\"Recombination analysis shows evidence of frequent recombination events within the S gene and around the ORF8 between these SARSr-CoVs.\"",
      "Article Title": "Discovery of a rich gene pool of bat SARS-related coronaviruses provides new insights into the origin of SARS coronavirus",
      "Article URL": "PMC5708621"
    },
    {
      "sourceId": "M7NDMWVID0PNH",
      "targetId": "M7NDOJRPE76VD",
      "Action Summary": "Genomic comparison to understand evolutionary relationships.",
      "Action Text": "\"The genomes of all 15 SARSr-CoVs circulating in this single cave shared 92.0% to 99.9% nt sequence identity. The overall nt sequence identity between these SARSr-CoVs and human and civet SARS-CoVs is 93.2% to 96%...\"",
      "Article Title": "Discovery of a rich gene pool of bat SARS-related coronaviruses provides new insights into the origin of SARS coronavirus",
      "Article URL": "PMC5708621"
    },
    {
      "sourceId": "M7NDMWVID0PNH",
      "targetId": "M7NDOJRPG5I6H",
      "Action Summary": "Identification of additional ORFs in the virus genome.",
      "Action Text": "\"In our previous study, we identified an additional ORF termed ORFx present between ORF6 and ORF7 in strain WIV1 and WIV16. In this study, ORFx was also found in the genomes of Rs7327 and Rs4874.\"",
      "Article Title": "Discovery of a rich gene pool of bat SARS-related coronaviruses provides new insights into the origin of SARS coronavirus",
      "Article URL": "PMC5708621"
    },
    {
      "sourceId": "M7NDMWVKX7AQ8",
      "targetId": "M7NDOJRPUXCY9",
      "Action Summary": "Researchers conducted surveillance on SARS-related coronaviruses in bats.",
      "Action Text": "\"Herein, we report the findings of our 5-year surveillance of SARSr-CoVs in a cave inhabited by multiple species of horseshoe bats in Yunnan Province, China.\"",
      "Article Title": "Discovery of a rich gene pool of bat SARS-related coronaviruses provides new insights into the origin of SARS coronavirus",
      "Article URL": "PMC5708621"
    },
    {
      "sourceId": "M7NDMWVKX7AQ8",
      "targetId": "M7NDOJRPHOWOZ",
      "Action Summary": "Discovery of new strains in horseshoe bats.",
      "Action Text": "\"The full-length genomes of 11 newly discovered SARSr-CoV strains, together with our previous findings, reveals that the SARSr-CoVs circulating in this single location are highly diverse in the S gene, ORF3 and ORF8.\"",
      "Article Title": "Discovery of a rich gene pool of bat SARS-related coronaviruses provides new insights into the origin of SARS coronavirus",
      "Article URL": "PMC5708621"
    },
    {
      "sourceId": "M7NDMWVKX7AQ8",
      "targetId": "M7NDOJRPT25KH",
      "Action Summary": "Hypothesis that SARS-CoV originated from recombination events among SARSr-CoVs.",
      "Action Text": "\"We hypothesize that the direct progenitor of SARS-CoV may have originated after sequential recombination events between the precursors of these SARSr-CoVs.\"",
      "Article Title": "Discovery of a rich gene pool of bat SARS-related coronaviruses provides new insights into the origin of SARS coronavirus",
      "Article URL": "PMC5708621"
    },
    {
      "sourceId": "M7NDMWVKX7AQ8",
      "targetId": "M7NDOJRPNUEL6",
      "Action Summary": "Demonstrated that SARSr-CoVs can use human ACE2 for cell entry.",
      "Action Text": "\"Cell entry studies demonstrated that three newly identified SARSr-CoVs with different S protein sequences are all able to use human ACE2 as the receptor, further exhibiting the close relationship between strains in this cave and SARS-CoV.\"",
      "Article Title": "Discovery of a rich gene pool of bat SARS-related coronaviruses provides new insights into the origin of SARS coronavirus",
      "Article URL": "PMC5708621"
    },
    {
      "sourceId": "M7NDMWVKX7AQ8",
      "targetId": "M7NDOJRPU0JQ7",
      "Action Summary": "Genetic analysis of viruses found in Rhinolophus sinicus.",
      "Action Text": "\"Host species identification by amplification of either Cytb or ND1 gene suggested that most (57/64) of the SARSr-CoV positive samples were from Rhinolophus sinicus...\"",
      "Article Title": "Discovery of a rich gene pool of bat SARS-related coronaviruses provides new insights into the origin of SARS coronavirus",
      "Article URL": "PMC5708621"
    },
    {
      "sourceId": "M7NDMWVKX7AQ8",
      "targetId": "M7NDOJRPH44V0",
      "Action Summary": "Recombination analysis within the SARSr-CoV strains.",
      "Action Text": "\"Recombination analysis shows evidence of frequent recombination events within the S gene and around the ORF8 between these SARSr-CoVs.\"",
      "Article Title": "Discovery of a rich gene pool of bat SARS-related coronaviruses provides new insights into the origin of SARS coronavirus",
      "Article URL": "PMC5708621"
    },
    {
      "sourceId": "M7NDMWVKX7AQ8",
      "targetId": "M7NDOJRPE76VD",
      "Action Summary": "Genomic comparison to understand evolutionary relationships.",
      "Action Text": "\"The genomes of all 15 SARSr-CoVs circulating in this single cave shared 92.0% to 99.9% nt sequence identity. The overall nt sequence identity between these SARSr-CoVs and human and civet SARS-CoVs is 93.2% to 96%...\"",
      "Article Title": "Discovery of a rich gene pool of bat SARS-related coronaviruses provides new insights into the origin of SARS coronavirus",
      "Article URL": "PMC5708621"
    },
    {
      "sourceId": "M7NDMWVKX7AQ8",
      "targetId": "M7NDOJRPG5I6H",
      "Action Summary": "Identification of additional ORFs in the virus genome.",
      "Action Text": "\"In our previous study, we identified an additional ORF termed ORFx present between ORF6 and ORF7 in strain WIV1 and WIV16. In this study, ORFx was also found in the genomes of Rs7327 and Rs4874.\"",
      "Article Title": "Discovery of a rich gene pool of bat SARS-related coronaviruses provides new insights into the origin of SARS coronavirus",
      "Article URL": "PMC5708621"
    },
    {
      "sourceId": "M7NDOJRPUXCY9",
      "targetId": "M7NDOJRP5V0UH",
      "Action Summary": "Researchers conducted surveillance on SARS-related coronaviruses in bats.",
      "Article Title": "Discovery of a rich gene pool of bat SARS-related coronaviruses provides new insights into the origin of SARS coronavirus",
      "Article URL": "PMC5708621"
    },
    {
      "sourceId": "M7NDOJRPT25KH",
      "targetId": "M7NDOJRP5V0UH",
      "Action Summary": "Hypothesis that SARS-CoV originated from recombination events among SARSr-CoVs.",
      "Article Title": "Discovery of a rich gene pool of bat SARS-related coronaviruses provides new insights into the origin of SARS coronavirus",
      "Article URL": "PMC5708621"
    },
    {
      "sourceId": "M7NDOJRPNUEL6",
      "targetId": "M7NDOJRPS21QQ",
      "Action Summary": "Demonstrated that SARSr-CoVs can use human ACE2 for cell entry.",
      "Article Title": "Discovery of a rich gene pool of bat SARS-related coronaviruses provides new insights into the origin of SARS coronavirus",
      "Article URL": "PMC5708621"
    },
    {
      "sourceId": "M7NDOJRPU0JQ7",
      "targetId": "M7NDOJRPHZQ25",
      "Action Summary": "Genetic analysis of viruses found in Rhinolophus sinicus.",
      "Article Title": "Discovery of a rich gene pool of bat SARS-related coronaviruses provides new insights into the origin of SARS coronavirus",
      "Article URL": "PMC5708621"
    },
    {
      "sourceId": "M7NDOJRPH44V0",
      "targetId": "M7NDOJRP5V0UH",
      "Action Summary": "Recombination analysis within the SARSr-CoV strains.",
      "Article Title": "Discovery of a rich gene pool of bat SARS-related coronaviruses provides new insights into the origin of SARS coronavirus",
      "Article URL": "PMC5708621"
    },
    {
      "sourceId": "M7NDOJRPE76VD",
      "targetId": "M7NDMWW0J9YYR",
      "Action Summary": "Genomic comparison to understand evolutionary relationships.",
      "Article Title": "Discovery of a rich gene pool of bat SARS-related coronaviruses provides new insights into the origin of SARS coronavirus",
      "Article URL": "PMC5708621"
    },
    {
      "sourceId": "M7NDOJRPG5I6H",
      "targetId": "M7NDOJRP5V0UH",
      "Action Summary": "Identification of additional ORFs in the virus genome.",
      "Article Title": "Discovery of a rich gene pool of bat SARS-related coronaviruses provides new insights into the origin of SARS coronavirus",
      "Article URL": "PMC5708621"
    },
    {
      "sourceId": "M7NDMWVID0PNH",
      "targetId": "M7NDMWW5654DX",
      "Relationship Summary": "Ben Hu is employed at the Wuhan Institute who was one of three workers.",
      "Article Text": "\"Ben Hu, a researcher at the Wuhan Institute of Virology, was one of three workers known to have fallen sick with a mysterious illness in November 2019.\"",
      "Relationship Date": "06/17/23",
      "Article Title": "covid-origin-wuhan-patient-zero",
      "article URL": "https://theintercept.com/2023/06/17/covid-origin-wuhan-patient-zero/"
    },
    {
      "sourceId": "M7NDMWWC5KIT3",
      "targetId": "M7NDMWWK2WQ5Q",
      "Article Text": "\"The documents obtained by WCW show that NIAID provided funding to Ben Hu, a scientist at the Wuhan Institute of Virology who is now considered by some to be 'patient zero' for the novel coronavirus.\"",
      "Relationship Date": "06/15/23",
      "Article Title": "covid-origin-wcw-investigation-proves-u-s-govt-funded-patient-zero",
      "article URL": "https://blog.whitecoatwaste.org/2023/06/15/covid-origin-wcw-investigation-proves-u-s-govt-funded-patient-zero/",
      "Modifier Relationship": "Now Considered"
    },
    {
      "sourceId": "M7NDMWWCW8CLI",
      "targetId": "M7NDMWWK2WQ5Q",
      "Article Text": "\"This investigation has now named Ben Hu, a researcher at the Wuhan Institute of Virology, as potentially 'patient zero' for the virus.\"",
      "Relationship Date": "06/15/23",
      "Article Title": "covid-origin-wcw-investigation-proves-u-s-govt-funded-patient-zero",
      "article URL": "https://blog.whitecoatwaste.org/2023/06/15/covid-origin-wcw-investigation-proves-u-s-govt-funded-patient-zero/",
      "Modifier Relationship": "Potentially"
    },
    {
      "sourceId": "M7NDMWWET66XA",
      "targetId": "M7NDMWWMNUYGF",
      "Article Text": "\"Hu potentially directly funded the insertion of FCS sequences into SARS-ike coronaviruses\"",
      "Relationship Date": "06/17/23",
      "Article Title": "U.S. Funded Research in China Focused on Creating Deadlier Coronaviruses",
      "article URL": "https://theintercept.com/2023/06/17/covid-origin-wuhan-patient-zero/",
      "Modifier Relationship": "in response to"
    },
    {
      "sourceId": "M7NDMWWEGAZQS",
      "targetId": "M7NDMWVV7G4OJ",
      "Article Text": "\"In FOIA documents, The Intercept found that Ben Hu was the recipient of grants from USAID and NIAID to the tune of about $41 million.\"",
      "Relationship Date": "06/17/23",
      "Article Title": "covid-origin-wuhan-patient-zero",
      "article URL": "https://theintercept.com/2023/06/17/covid-origin-wuhan-patient-zero/",
      "Modifier Relationship": "found by"
    },
    {
      "sourceId": "M7NDMWWEDM82Q",
      "targetId": "M7NDMWVLL9VC1",
      "Article Text": "\"The three researchers were engaged in gain-of-function research on coronaviruses.\"",
      "Relationship Date": "06/17/23",
      "Article Title": "covid-origin-wuhan-patient-zero",
      "article URL": "https://theintercept.com/2023/06/17/covid-origin-wuhan-patient-zero/",
      "Modifier Relationship": "engaged in"
    },
    {
      "sourceId": "M7NDMWWEP50LC",
      "targetId": "M7NDMWWMSTV93",
      "Article Text": "\"Richard Ebright suggested that if the information about Ben Hu's illness is accurate, it would be significant for the lab leak theory.\"",
      "Relationship Date": "06/17/23",
      "Article Title": "covid-origin-wuhan-patient-zero",
      "article URL": "https://theintercept.com/2023/06/17/covid-origin-wuhan-patient-zero/",
      "Modifier Relationship": "suggested that if"
    },
    {
      "sourceId": "M7NDMWWEU8CY1",
      "targetId": "M7NDMWWMPRT5Y",
      "Article Text": "\"In FOIA documents, The Intercept found that Ben Hu was the recipient of grants from USAID and NIAID to the tune of about $41 million.\"",
      "Relationship Date": "06/17/23",
      "Article Title": "covid-origin-wuhan-patient-zero",
      "article URL": "https://theintercept.com/2023/06/17/covid-origin-wuhan-patient-zero/",
      "Modifier Relationship": "found"
    },
    {
      "sourceId": "M7NDMWWEYNFRL",
      "targetId": "M7NDMWWMPRT5Y",
      "Article Text": "\"In FOIA documents, The Intercept found that Ben Hu was the recipient of grants from USAID and NIAID to the tune of about $41 million.\"",
      "Relationship Date": "06/17/23",
      "Article Title": "covid-origin-wuhan-patient-zero",
      "article URL": "https://theintercept.com/2023/06/17/covid-origin-wuhan-patient-zero/",
      "Modifier Relationship": "found"
    },
    {
      "sourceId": "M7NDMWWE7W1QS",
      "targetId": "M7NDMWWM87TVE",
      "Article Text": "\"Three researchers from the Wuhan Institute of Virology were reportedly hospitalized with symptoms resembling those of COVID-19 in November 2019.\"",
      "Relationship Date": "11/01/19",
      "Article Title": "covid-origin-wuhan-patient-zero",
      "article URL": "https://theintercept.com/2023/06/17/covid-origin-wuhan-patient-zero/",
      "Modifier Relationship": "reportedly"
    },
    {
      "sourceId": "M7NDMWVID0PNH",
      "targetId": "M7NDMWWEGAZQS",
      "Relationship Summary": "Ben Hu received funding from NIAID found by FOIA documents.",
      "Article Text": "\"In FOIA documents, The Intercept found that Ben Hu was the recipient of grants from USAID and NIAID to the tune of about $41 million.\"",
      "Relationship Date": "06/17/23",
      "Article Title": "covid-origin-wuhan-patient-zero",
      "article URL": "https://theintercept.com/2023/06/17/covid-origin-wuhan-patient-zero/",
      "Modifier Relationship": "found by"
    },
    {
      "sourceId": "M7NDMWVL8GB43",
      "targetId": "M7NDMWWE7W1QS",
      "Relationship Summary": "Hospitalization of Researchers was an incident at the Wuhan Institute reportedly hospitalized.",
      "Article Text": "\"Three researchers from the Wuhan Institute of Virology were reportedly hospitalized with symptoms resembling those of COVID-19 in November 2019.\"",
      "Relationship Date": "11/01/19",
      "Article Title": "covid-origin-wuhan-patient-zero",
      "article URL": "https://theintercept.com/2023/06/17/covid-origin-wuhan-patient-zero/",
      "Modifier Relationship": "reportedly"
    },
    {
      "sourceId": "M7NDMWVJT9RE2",
      "targetId": "M7NDMWWEGAZQS",
      "Article Text": "\"In FOIA documents, The Intercept found that Ben Hu was the recipient of grants from USAID and NIAID to the tune of about $41 million.\"",
      "Relationship Date": "06/17/23",
      "Article Title": "covid-origin-wuhan-patient-zero",
      "article URL": "https://theintercept.com/2023/06/17/covid-origin-wuhan-patient-zero/",
      "Modifier Relationship": "found by"
    },
    {
      "sourceId": "M7NDMWW5654DX",
      "targetId": "M7NDMWWMS45AD",
      "Article Text": "\"Ben Hu, a researcher at the Wuhan Institute of Virology, was one of three workers known to have fallen sick with a mysterious illness in November 2019.\"",
      "Relationship Date": "06/17/23",
      "Article Title": "covid-origin-wuhan-patient-zero",
      "article URL": "https://theintercept.com/2023/06/17/covid-origin-wuhan-patient-zero/",
      "Modifier Relationship": "who was"
    },
    {
      "sourceId": "M7NDMWVSV121P",
      "targetId": "M7NDMWVID0PNH",
      "Action Summary": "Identification of additional ORFs in the virus genome.",
      "Article Summary": "Novel open reading frames (ORFs) were identified in some SARSr-CoV strains, potentially affecting viral function or evolution.",
      "Action Text": "\"In our previous study, we identified an additional ORF termed ORFx present between ORF6 and ORF7 in strain WIV1 and WIV16. In this study, ORFx was also found in the genomes of Rs7327 and Rs4874.\""
    },
    {
      "sourceId": "M7NDMWVSV121P",
      "targetId": "M7NDMWVKX7AQ8",
      "Action Summary": "Identification of additional ORFs in the virus genome.",
      "Article Summary": "Novel open reading frames (ORFs) were identified in some SARSr-CoV strains, potentially affecting viral function or evolution.",
      "Action Text": "\"In our previous study, we identified an additional ORF termed ORFx present between ORF6 and ORF7 in strain WIV1 and WIV16. In this study, ORFx was also found in the genomes of Rs7327 and Rs4874.\""
    },
    {
      "sourceId": "M7NDMWVKX7AQ8",
      "targetId": "M7NDMWVLL9VC1",
      "Article Title": "Who Are the Covid Investigators?",
      "Article Summary": "The article discusses the WHO's investigation into the origins of COVID-19, highlighting issues with China's cooperation and conflicts of interest among investigators.",
      "Article URL": "https://www.wsj.com/articles/who-are-the-covid-investigators1271499940"
    },
    {
      "sourceId": "M7NDMWVKX7AQ8",
      "targetId": "M7NDMWVIZ3WIN",
      "Article Title": "NIH Presses U.S. Nonprofit for Information on Wuhan Virology Lab",
      "Article Summary": "NIH is seeking more details from EcoHealth Alliance about the research at the Wuhan Institute of Virology, focusing on virus modification and safety protocols.",
      "Article URL": "articles/nih-presses-u-s-nonprofit-for-information-on-wuhan-virology-lab-11597829400"
    },
    {
      "sourceId": "M7NDMWVID0PNH",
      "targetId": "M7NDOJRPS21QQ",
      "Article Title": "Discovery of a rich gene pool of bat SARS-related coronaviruses provides new insights into the origin of SARS coronavirus",
      "Article Summary": "Three newly identified SARSr-CoVs were shown to use human ACE2 as a receptor for cell entry, indicating potential for human infection.",
      "Article URL": "PMC5708621"
    },
    {
      "sourceId": "M7NDMWVID0PNH",
      "targetId": "M7NDOJRPHZQ25",
      "Article Title": "Discovery of a rich gene pool of bat SARS-related coronaviruses provides new insights into the origin of SARS coronavirus",
      "Article Summary": "The genetic analysis of SARSr-CoVs from Rhinolophus sinicus showed high sequence identity with human SARS-CoV in several genes.",
      "Article URL": "PMC5708621"
    },
    {
      "sourceId": "M7NDMWVID0PNH",
      "targetId": "M7NDMWW0J9YYR",
      "Article Title": "Discovery of a rich gene pool of bat SARS-related coronaviruses provides new insights into the origin of SARS coronavirus",
      "Article Summary": "The genomic sequences of the new SARSr-CoVs were compared to SARS-CoV, highlighting similarities and differences in key regions like the spike gene.",
      "Article URL": "PMC5708621"
    },
    {
      "sourceId": "M7NDMWVID0PNH",
      "targetId": "M7NDOJRP5V0UH",
      "Article Title": "Discovery of a rich gene pool of bat SARS-related coronaviruses provides new insights into the origin of SARS coronavirus",
      "Article Summary": "Novel open reading frames (ORFs) were identified in some SARSr-CoV strains, potentially affecting viral function or evolution.",
      "Article URL": "PMC5708621"
    },
    {
      "sourceId": "M7NDMWWBNU4ZM",
      "targetId": "M7NDMWVKX7AQ8",
      "Relationship Summary": "Ben Hu's role at WIV",
      "Article Text": "\"Ben Hu Co-Investigator at Wuhan Institute of Virology\""
    },
    {
      "sourceId": "M7NDMWVID0PNH",
      "targetId": "M7NDMWWBNU4ZM",
      "Relationship Summary": "Ben Hu's role at WIV",
      "Article Text": "\"Ben Hu Co-Investigator at Wuhan Institute of Virology\""
    },
    {
      "sourceId": "M7NDMWWC5KIT3",
      "targetId": "M7NDMWVID0PNH",
      "Relationship Summary": "NIAID provided funding to Ben Hu, now considered patient zero.",
      "Article Text": "\"The documents obtained by WCW show that NIAID provided funding to Ben Hu, a scientist at the Wuhan Institute of Virology who is now considered by some to be 'patient zero' for the novel coronavirus.\"",
      "Relationship Date": "06/15/23",
      "Article Title": "covid-origin-wcw-investigation-proves-u-s-govt-funded-patient-zero",
      "article URL": "https://blog.whitecoatwaste.org/2023/06/15/covid-origin-wcw-investigation-proves-u-s-govt-funded-patient-zero/"
    },
    {
      "sourceId": "M7NDMWVJT9RE2",
      "targetId": "M7NDMWWC5KIT3",
      "Relationship Summary": "NIAID provided funding to Ben Hu, now considered patient zero.",
      "Article Text": "\"The documents obtained by WCW show that NIAID provided funding to Ben Hu, a scientist at the Wuhan Institute of Virology who is now considered by some to be 'patient zero' for the novel coronavirus.\"",
      "Relationship Date": "06/15/23",
      "Article Title": "covid-origin-wcw-investigation-proves-u-s-govt-funded-patient-zero",
      "article URL": "https://blog.whitecoatwaste.org/2023/06/15/covid-origin-wcw-investigation-proves-u-s-govt-funded-patient-zero/"
    },
    {
      "sourceId": "M7NDMWVID0PNH",
      "targetId": "M7NDMWWCW8CLI",
      "Relationship Summary": "Ben Hu is the subject of investigation naming him potentially patient zero.",
      "Article Text": "\"This investigation has now named Ben Hu, a researcher at the Wuhan Institute of Virology, as potentially 'patient zero' for the virus.\"",
      "Relationship Date": "06/15/23",
      "Article Title": "covid-origin-wcw-investigation-proves-u-s-govt-funded-patient-zero",
      "article URL": "https://blog.whitecoatwaste.org/2023/06/15/covid-origin-wcw-investigation-proves-u-s-govt-funded-patient-zero/"
    },
    {
      "sourceId": "M7NDMWVID0PNH",
      "targetId": "M7NDMWWD5WWPM",
      "Relationship Summary": "Modeling hotspots and conducting surveillance in wildlife",
      "Article Text": "\"Completed Research Support USAID EPT PREDICT-1 Mazet (Pl) 10/01/09 - 09/30/14 Modeling hotspots for disease emergence and conducting surveillance in wildlife in hotspots for new emerging zoonoses Amount: $18 million subcontract on a $75 million award Role: Laboratory Scientist\"",
      "Relationship Date": "02/09/25",
      "Article Title": "CV Summaries",
      "article URL": "https://s3.documentcloud.org/documents/21055989/understanding-risk-bat-coronavirus-emergence-grant-notice.pdf",
      "Modifier Relationship": "None"
    },
    {
      "sourceId": "M7NDMWWEM9HG8",
      "targetId": "M7NDMWVTKA53J",
      "Relationship Summary": "Ben Hu is potentially 'patient zero' for COVID-19",
      "Article Text": "\"The significance of the fact that ‘patient zero’: (is) Ben Hu\"",
      "Relationship Date": "06/17/23",
      "Article Title": "U.S. Funded Research in China Focused on Creating Deadlier Coronaviruses",
      "article URL": "https://theintercept.com/2023/06/17/covid-origin-wuhan-patient-zero/"
    },
    {
      "sourceId": "M7NDMWVID0PNH",
      "targetId": "M7NDMWWEM9HG8",
      "Relationship Summary": "Ben Hu is potentially 'patient zero' for COVID-19",
      "Article Text": "\"The significance of the fact that ‘patient zero’: (is) Ben Hu\"",
      "Relationship Date": "06/17/23",
      "Article Title": "U.S. Funded Research in China Focused on Creating Deadlier Coronaviruses",
      "article URL": "https://theintercept.com/2023/06/17/covid-origin-wuhan-patient-zero/"
    },
    {
      "sourceId": "M7NDMWWET66XA",
      "targetId": "M7NDMWVLGVZUQ",
      "Relationship Summary": "Ben Hu potentially directly funded the insertion of FCS sequences into SARS-like coronaviruses",
      "Article Text": "\"Hu potentially directly funded the insertion of FCS sequences into SARS-ike coronaviruses\"",
      "Relationship Date": "06/17/23",
      "Article Title": "U.S. Funded Research in China Focused on Creating Deadlier Coronaviruses",
      "article URL": "https://theintercept.com/2023/06/17/covid-origin-wuhan-patient-zero/"
    },
    {
      "sourceId": "M7NDMWVID0PNH",
      "targetId": "M7NDMWWET66XA",
      "Relationship Summary": "Ben Hu potentially directly funded the insertion of FCS sequences into SARS-like coronaviruses",
      "Article Text": "\"Hu potentially directly funded the insertion of FCS sequences into SARS-ike coronaviruses\"",
      "Relationship Date": "06/17/23",
      "Article Title": "U.S. Funded Research in China Focused on Creating Deadlier Coronaviruses",
      "article URL": "https://theintercept.com/2023/06/17/covid-origin-wuhan-patient-zero/"
    },
    {
      "sourceId": "M7NDMWVID0PNH",
      "targetId": "M7NDMWWEDM82Q",
      "Relationship Summary": "Ben Hu was involved in gain-of-function research engaged in gain-of-function research.",
      "Article Text": "\"The three researchers were engaged in gain-of-function research on coronaviruses.\"",
      "Relationship Date": "06/17/23",
      "Article Title": "covid-origin-wuhan-patient-zero",
      "article URL": "https://theintercept.com/2023/06/17/covid-origin-wuhan-patient-zero/"
    },
    {
      "sourceId": "M7NDMWVLW4O0U",
      "targetId": "M7NDMWWEP50LC",
      "Relationship Summary": "Richard Ebright commented on the Wuhan Institute suggested that if information about Ben Hu's illness is accurate.",
      "Article Text": "\"Richard Ebright suggested that if the information about Ben Hu's illness is accurate, it would be significant for the lab leak theory.\"",
      "Relationship Date": "06/17/23",
      "Article Title": "covid-origin-wuhan-patient-zero",
      "article URL": "https://theintercept.com/2023/06/17/covid-origin-wuhan-patient-zero/"
    },
    {
      "sourceId": "M7NDMWWEU8CY1",
      "targetId": "M7NDMWVV7G4OJ",
      "Relationship Summary": "The Intercept published FOIA documents found grants from USAID and NIAID.",
      "Article Text": "\"In FOIA documents, The Intercept found that Ben Hu was the recipient of grants from USAID and NIAID to the tune of about $41 million.\"",
      "Relationship Date": "06/17/23",
      "Article Title": "covid-origin-wuhan-patient-zero",
      "article URL": "https://theintercept.com/2023/06/17/covid-origin-wuhan-patient-zero/"
    },
    {
      "sourceId": "M7NDMWVL1SHIO",
      "targetId": "M7NDMWWEU8CY1",
      "Relationship Summary": "The Intercept published FOIA documents found grants from USAID and NIAID.",
      "Article Text": "\"In FOIA documents, The Intercept found that Ben Hu was the recipient of grants from USAID and NIAID to the tune of about $41 million.\"",
      "Relationship Date": "06/17/23",
      "Article Title": "covid-origin-wuhan-patient-zero",
      "article URL": "https://theintercept.com/2023/06/17/covid-origin-wuhan-patient-zero/"
    },
    {
      "sourceId": "M7NDMWWEYNFRL",
      "targetId": "M7NDMWVV7G4OJ",
      "Relationship Summary": "Freedom of Information Act was utilized for FOIA documents found grants from USAID and NIAID.",
      "Article Text": "\"In FOIA documents, The Intercept found that Ben Hu was the recipient of grants from USAID and NIAID to the tune of about $41 million.\"",
      "Relationship Date": "06/17/23",
      "Article Title": "covid-origin-wuhan-patient-zero",
      "article URL": "https://theintercept.com/2023/06/17/covid-origin-wuhan-patient-zero/"
    },
    {
      "sourceId": "M7NDMWVLRJ0JO",
      "targetId": "M7NDMWWEYNFRL",
      "Relationship Summary": "Freedom of Information Act was utilized for FOIA documents found grants from USAID and NIAID.",
      "Article Text": "\"In FOIA documents, The Intercept found that Ben Hu was the recipient of grants from USAID and NIAID to the tune of about $41 million.\"",
      "Relationship Date": "06/17/23",
      "Article Title": "covid-origin-wuhan-patient-zero",
      "article URL": "https://theintercept.com/2023/06/17/covid-origin-wuhan-patient-zero/"
    },
    {
      "sourceId": "M7NDMWWJJZG4Z",
      "targetId": "M7NDMWVKX7AQ8",
      "Relationship Summary": "Ben Hu denies being the first person with Covid-19 at WIV",
      "Article Text": "\"The recent news about so-called ‘patient zero’ in WIV are absolutely rumors and ridiculous,” Ben Hu emailed Science in his first public response to the charges, which have been attributed to anonymous former and current U.S. Department of State officials.\"",
      "Relationship Date": "June 2023",
      "Article Title": "Ridiculous,' says Chinese scientist accused of being pandemic's 'patient zero'",
      "article URL": "https://www.science.org/content/article/ridiculous-says-chinese-scientist-accused-being-pandemic-s-patient-zero"
    },
    {
      "sourceId": "M7NDMWVID0PNH",
      "targetId": "M7NDMWWJJZG4Z",
      "Relationship Summary": "Ben Hu denies being the first person with Covid-19 at WIV",
      "Article Text": "\"The recent news about so-called ‘patient zero’ in WIV are absolutely rumors and ridiculous,” Ben Hu emailed Science in his first public response to the charges, which have been attributed to anonymous former and current U.S. Department of State officials.\"",
      "Relationship Date": "June 2023",
      "Article Title": "Ridiculous,' says Chinese scientist accused of being pandemic's 'patient zero'",
      "article URL": "https://www.science.org/content/article/ridiculous-says-chinese-scientist-accused-being-pandemic-s-patient-zero"
    },
    {
      "sourceId": "M7NDMWWJQ8IMH",
      "targetId": "M7NDMWVKX7AQ8",
      "Relationship Summary": "Ben Hu denies his research work on coronaviruses at WIV led to the outbreak",
      "Article Text": "\"The recent news about so-called ‘patient zero’ in WIV are absolutely rumors and ridiculous,” Ben Hu emailed Science in his first public response to the charges, which have been attributed to anonymous former and current U.S. Department of State officials.\"",
      "Relationship Date": "June 2023",
      "Article Title": "Ridiculous,' says Chinese scientist accused of being pandemic's 'patient zero'",
      "article URL": "https://www.science.org/content/article/ridiculous-says-chinese-scientist-accused-being-pandemic-s-patient-zero"
    },
    {
      "sourceId": "M7NDMWVID0PNH",
      "targetId": "M7NDMWWJQ8IMH",
      "Relationship Summary": "Ben Hu denies his research work on coronaviruses at WIV led to the outbreak",
      "Article Text": "\"The recent news about so-called ‘patient zero’ in WIV are absolutely rumors and ridiculous,” Ben Hu emailed Science in his first public response to the charges, which have been attributed to anonymous former and current U.S. Department of State officials.\"",
      "Relationship Date": "June 2023",
      "Article Title": "Ridiculous,' says Chinese scientist accused of being pandemic's 'patient zero'",
      "article URL": "https://www.science.org/content/article/ridiculous-says-chinese-scientist-accused-being-pandemic-s-patient-zero"
    },
    {
      "sourceId": "M7NDNMIHH6F3S",
      "targetId": "M7NDMWVID0PNH",
      "Relationship Summary": "Ben Hu received funding from USAID found by FOIA documents.",
      "Article Text": "\"In FOIA documents, The Intercept found that Ben Hu was the recipient of grants from USAID and NIAID to the tune of about $41 million.\"",
      "Relationship Date": "June 2023",
      "Article Title": "covid-origin-wuhan-patient-zero",
      "article URL": "https://theintercept.com/2023/06/17/covid-origin-wuhan-patient-zero/"
    },
    {
      "sourceId": "M7NDNMIHH6F3S",
      "targetId": "M7NDMWVV7G4OJ",
      "Relationship Summary": "Ben Hu received funding from USAID found by FOIA documents.",
      "Article Text": "\"In FOIA documents, The Intercept found that Ben Hu was the recipient of grants from USAID and NIAID to the tune of about $41 million.\"",
      "Relationship Date": "June 2023",
      "Article Title": "covid-origin-wuhan-patient-zero",
      "article URL": "https://theintercept.com/2023/06/17/covid-origin-wuhan-patient-zero/"
    },
    {
      "sourceId": "M7NDNMIHCR7XB",
      "targetId": "M7NDMWVV7G4OJ",
      "Relationship Summary": "USAID provided funding for Ben Hu found by FOIA documents.",
      "Article Text": "\"In FOIA documents, The Intercept found that Ben Hu was the recipient of grants from USAID and NIAID to the tune of about $41 million.\"",
      "Relationship Date": "June 2023",
      "Article Title": "covid-origin-wuhan-patient-zero",
      "article URL": "https://theintercept.com/2023/06/17/covid-origin-wuhan-patient-zero/"
    },
    {
      "sourceId": "M7NDMWVID0PNH",
      "targetId": "M7NDQ6RHBC3A1",
      "Relationship Summary": "Contributed to the discovery of SARS-related coronaviruses",
      "Article Text": "Discovery of a rich gene pool of bat SARS-related coronaviruses provides new insights into the origin of SARS coronavirus",
      "Article URL": "https://pmc.ncbi.nlm.nih.gov/articles/PMC5708621/",
      "Relationship": "Author"
    },
    {
      "sourceId": "M7NDMWVID0PNH",
      "targetId": "M7NDQ6RHG7RCL",
      "Relationship Summary": "Worked as a Laboratory Scientist in the program",
      "Article Text": "Emerging Pandemic Threat Program, USAID Mazet (PI) 10/01/14-09/30/19 PREDICT 2 The goal of this project is to create and implement a global virus surveillance system in animals and humans and analyze spillover risk. Role: Laboratory Scientist",
      "Article URL": "https://s3.documentcloud.org/documents/21055989/understanding-risk-bat-coronavirus-emergence-grant-notice.pdf",
      "Relationship": "Laboratory Scientist",
      "Date": "2014-2019"
    },
    {
      "sourceId": "M7NDMWVID0PNH",
      "targetId": "M7NDQ6RHD4JSA",
      "Relationship Summary": "Worked as a Laboratory Scientist under USAID Mazet",
      "Article Text": "Emerging Pandemic Threat Program, USAID Mazet (PI) 10/01/14-09/30/19 PREDICT 2 The goal of this project is to create and implement a global virus surveillance system in animals and humans and analyze spillover risk. Role: Laboratory Scientist",
      "Article URL": "https://s3.documentcloud.org/documents/21055989/understanding-risk-bat-coronavirus-emergence-grant-notice.pdf",
      "Relationship": "Laboratory Scientist",
      "Date": "2014-2019"
    },
    {
      "sourceId": "M7NDMWVKX7AQ8",
      "targetId": "M7NDMWWE7W1QS",
      "Article Text": "\"Three researchers from the Wuhan Institute of Virology were reportedly hospitalized with symptoms resembling those of COVID-19 in November 2019.\"",
      "Relationship Date": "11/01/19",
      "Article Title": "covid-origin-wuhan-patient-zero",
      "article URL": "https://theintercept.com/2023/06/17/covid-origin-wuhan-patient-zero/",
      "Modifier Relationship": "reportedly"
    },
    {
      "sourceId": "M7NDMWW5654DX",
      "targetId": "M7NDMWVKX7AQ8",
      "Relationship Summary": "Ben Hu is employed at the Wuhan Institute who was one of three workers.",
      "Article Text": "\"Ben Hu, a researcher at the Wuhan Institute of Virology, was one of three workers known to have fallen sick with a mysterious illness in November 2019.\"",
      "Relationship Date": "06/17/23",
      "Article Title": "covid-origin-wuhan-patient-zero",
      "article URL": "https://theintercept.com/2023/06/17/covid-origin-wuhan-patient-zero/"
    },
    {
      "sourceId": "M7NDMWWEP50LC",
      "targetId": "M7NDMWVKX7AQ8",
      "Relationship Summary": "Richard Ebright commented on the Wuhan Institute suggested that if information about Ben Hu's illness is accurate.",
      "Article Text": "\"Richard Ebright suggested that if the information about Ben Hu's illness is accurate, it would be significant for the lab leak theory.\"",
      "Relationship Date": "06/17/23",
      "Article Title": "covid-origin-wuhan-patient-zero",
      "article URL": "https://theintercept.com/2023/06/17/covid-origin-wuhan-patient-zero/"
    }
  ]
}