{
  "nodes": [
    {
      "id": "M7NDMWWC16RJL",
      "Relationship Summary": "Jonna Mazet served as Global Director for PREDICT at UC Davis",
      "Article Text": "\"with epidemiologist Jonna Mazet of the University of California, Davis, as its global director.\"",
      "article URL": "https://en.wikipedia.org/wiki/Predict_(USAID)",
      "Tag": "Virology",
      "type": "Relationship",
      "name": "Jonna Mazet served as Global Director for PREDICT at UC Davis"
    },
    {
      "id": "M7NDMWWD7KGQR",
      "Relationship Summary": "Jonna Mazet and Peter Daszak worked together for years",
      "Article Text": "\"Baric, Jonna Mazet, and Peter Daszak of EcoHealth worked together for years — and Daszak also routed Predict money to Shi Zhengli’s bat-surveillance team in Wuhan through his nonprofit, mingling it with NIH money and money from the U.S. Defense Threat Reduction Agency.\"",
      "article URL": "https://nymag.com/intelligencer/article/coronavirus-lab-escape-theory.html",
      "Tag": "Virology",
      "type": "Relationship",
      "name": "Jonna Mazet and Peter Daszak worked together for years"
    },
    {
      "id": "M7NDMWWD5OZRV",
      "Relationship Summary": "Jonna Mazet works for UC Davis OHI",
      "Article Text": "\"Jonna Mazet, UC Davis OHI\"",
      "article URL": "https://p2.predict.global/team",
      "Tag": "Virology",
      "type": "Relationship",
      "name": "Jonna Mazet works for UC Davis OHI"
    },
    {
      "id": "M7NDMWWEJJHHO",
      "Relationship Summary": "Eddy Rubin emailed regarding corrective action plan to PREDICT Director, emailed Jonna Mazet.",
      "Article Text": "\"On April 17, 2017, Metabiota’s Chief Scientific Officer Eddy Rubin emailed PREDICT Director Jonna Mazet: 'We are also working on a Sample and Data Quality Risk and Corrective Action plan which I will get to you before this Friday.'\"",
      "Relationship NAME": "Emailed",
      "Relationship Date": "04/17/17",
      "article URL": "https://usrtk.org/covid-19-origins/metabiota-safety-and-data-problems/",
      "Tag": "Virology",
      "type": "Relationship",
      "name": "Eddy Rubin emailed regarding corrective action plan to PREDICT Director, emailed Jonna Mazet."
    },
    {
      "id": "M7NDMWWJYFLK2",
      "Relationship Summary": "Jonna Mazet attended a meeting at Bellagio Conference Center",
      "Article Text": "\"The (USAID PREDICT) idea grew out of a meeting that Mazet attended at the Rockefeller Foundation's Bellagio Conference Center last August.\"",
      "article URL": "https://www.smithsonianmag.com/science-nature/how-to-stop-next-animal-borne-pandemic-180967908/",
      "Tag": "Virology",
      "type": "Relationship",
      "name": "Jonna Mazet attended a meeting at Bellagio Conference Center"
    },
    {
      "id": "M7UDX5VKZILOR",
      "Relationship Summary": "Dean Jamison was copied on an email by Jonna Mazet about GVP funding.",
      "Article Text": "\"“This will be funded through USAID PREDICT at Jonna’s institute at UCD,” Jamison wrote, copying Jonna Mazet of UC Davis on the email.\"",
      "Relationship NAME": "Funded through",
      "article URL": "https://disinformationchronicle.substack.com/p/virome-violation-in-pursuing-science",
      "type": "Relationship",
      "name": "Dean Jamison was copied on an email by Jonna Mazet about GVP funding."
    },
    {
      "id": "M7UDX5VKZF8DG",
      "Relationship Summary": "Dean Jamison was responded to by Jonna Mazet about GVP funding details.",
      "Article Text": "\"After several more emails discussing a budget for Jamison and how to transfer funds between universities, Mazet wrote that they would need to describe the scope of work and financing for salary and travel.\"",
      "Relationship NAME": "Discussing",
      "article URL": "https://disinformationchronicle.substack.com/p/virome-violation-in-pursuing-science",
      "type": "Relationship",
      "name": "Dean Jamison was responded to by Jonna Mazet about GVP funding details."
    },
    {
      "id": "M7UDX5VKOPV5H",
      "Relationship Summary": "Edward “Eddy” Rubin served as a board member of the Global Virome Project.",
      "Article Text": "\"Global Virome Project’s list of board members includes Peter Daszak of the EcoHealth Alliance, Jonna Mazet of UC Davis, Oyewale Tomori of Nigeria, and Edward 'Eddy' Rubin of Metabiota.\"",
      "Relationship NAME": "Includes",
      "article URL": "https://disinformationchronicle.substack.com/p/virome-violation-in-pursuing-science",
      "type": "Relationship",
      "name": "Edward “Eddy” Rubin served as a board member of the Global Virome Project."
    },
    {
      "id": "M7UDX5VKU4EXE",
      "Relationship Summary": "Edward “Eddy” Rubin was employed by Metabiota and involved with GVP.",
      "Article Text": "\"Global Virome Project’s list of board members includes Peter Daszak of the EcoHealth Alliance, Jonna Mazet of UC Davis, Oyewale Tomori of Nigeria, and Edward 'Eddy' Rubin of Metabiota.\"",
      "Relationship NAME": "Involved with",
      "article URL": "https://disinformationchronicle.substack.com/p/virome-violation-in-pursuing-science",
      "type": "Relationship",
      "name": "Edward “Eddy” Rubin was employed by Metabiota and involved with GVP."
    },
    {
      "id": "M7UDX5VKTIUEF",
      "Relationship Summary": "The Global Virome Project included Peter Daszak as a board member.",
      "Article Text": "\"Global Virome Project’s list of board members includes Peter Daszak of the EcoHealth Alliance, Jonna Mazet of UC Davis, Oyewale Tomori of Nigeria, and Edward 'Eddy' Rubin of Metabiota.\"",
      "Relationship NAME": "Employed by",
      "article URL": "https://disinformationchronicle.substack.com/p/virome-violation-in-pursuing-science",
      "type": "Relationship",
      "name": "The Global Virome Project included Peter Daszak as a board member."
    },
    {
      "id": "M7UDX5VKYY25C",
      "Relationship Summary": "The Global Virome Project included Jonna Mazet as a board member.",
      "Article Text": "\"Global Virome Project’s list of board members includes Peter Daszak of the EcoHealth Alliance, Jonna Mazet of UC Davis, Oyewale Tomori of Nigeria, and Edward 'Eddy' Rubin of Metabiota.\"",
      "Relationship NAME": "Employed by",
      "article URL": "https://disinformationchronicle.substack.com/p/virome-violation-in-pursuing-science",
      "type": "Relationship",
      "name": "The Global Virome Project included Jonna Mazet as a board member."
    },
    {
      "id": "M7UDX5VK6BMNR",
      "Relationship Summary": "Jonna Mazet was involved with the Global Virome Project as a key player.",
      "Article Text": "\"The reporter with STAT also interviewed UC Davis’s Jonna Mazet who is a key player in an ambitious endeavor called the Global Virome Project, which has proposed cataloguing nearly all of the unknown viruses lurking in nature around the world.\"",
      "Relationship NAME": "Interviewed by",
      "article URL": "https://disinformationchronicle.substack.com/p/virome-violation-in-pursuing-science",
      "type": "Relationship",
      "name": "Jonna Mazet was involved with the Global Virome Project as a key player."
    },
    {
      "id": "M7UDX5VKRVMN4",
      "Relationship Summary": "Jonna Mazet was copied on an email by Dean Jamison about a GVP analysis.",
      "Article Text": "\"“This will be funded through USAID PREDICT at Jonna’s institute at UCD,” Jamison wrote, copying Jonna Mazet of UC Davis on the email.\"",
      "Relationship NAME": "Funded through",
      "article URL": "https://disinformationchronicle.substack.com/p/virome-violation-in-pursuing-science",
      "type": "Relationship",
      "name": "Jonna Mazet was copied on an email by Dean Jamison about a GVP analysis."
    },
    {
      "id": "M7UDX5VKCEHSZ",
      "Relationship Summary": "Jonna Mazet responded to Dean Jamison about GVP funding details.",
      "Article Text": "\"After several more emails discussing a budget for Jamison and how to transfer funds between universities, Mazet wrote that they would need to describe the scope of work and financing for salary and travel.\"",
      "Relationship NAME": "Discussing",
      "article URL": "https://disinformationchronicle.substack.com/p/virome-violation-in-pursuing-science",
      "type": "Relationship",
      "name": "Jonna Mazet responded to Dean Jamison about GVP funding details."
    },
    {
      "id": "M7UDX5VKVKD4V",
      "Relationship Summary": "Peter Daszak served as a board member of the Global Virome Project.",
      "Article Text": "\"Global Virome Project’s list of board members includes Peter Daszak of the EcoHealth Alliance, Jonna Mazet of UC Davis, Oyewale Tomori of Nigeria, and Edward 'Eddy' Rubin of Metabiota.\"",
      "Relationship NAME": "Employed by",
      "article URL": "https://disinformationchronicle.substack.com/p/virome-violation-in-pursuing-science",
      "type": "Relationship",
      "name": "Peter Daszak served as a board member of the Global Virome Project."
    },
    {
      "id": "M7UDX5VKMPKCT",
      "Relationship Summary": "Peter Daszak was employed by EcoHealth Alliance and served on GVP’s board.",
      "Article Text": "\"Global Virome Project’s list of board members includes Peter Daszak of the EcoHealth Alliance, Jonna Mazet of UC Davis, Oyewale Tomori of Nigeria, and Edward 'Eddy' Rubin of Metabiota.\"",
      "Relationship NAME": "Served on",
      "article URL": "https://disinformationchronicle.substack.com/p/virome-violation-in-pursuing-science",
      "type": "Relationship",
      "name": "Peter Daszak was employed by EcoHealth Alliance and served on GVP’s board."
    },
    {
      "id": "M7UDX5VKBPBN4",
      "Relationship Summary": "UC Davis employed Jonna Mazet who was involved with GVP.",
      "Article Text": "\"The reporter with STAT also interviewed UC Davis’s Jonna Mazet who is a key player in an ambitious endeavor called the Global Virome Project, which has proposed cataloguing nearly all of the unknown viruses lurking in nature around the world.\"",
      "Relationship NAME": "Involved with",
      "article URL": "https://disinformationchronicle.substack.com/p/virome-violation-in-pursuing-science",
      "type": "Relationship",
      "name": "UC Davis employed Jonna Mazet who was involved with GVP."
    },
    {
      "id": "M7UDX5VKPS47N",
      "Relationship Summary": "Jonna Mazet serves on Leadership Board and directs implementation",
      "Article Text": "\"JONNA MAZET is a member and Implementation Director of the Global Virome Project Leadership Board.\"",
      "article URL": "https://web.archive.org/web/20200713124729/http://www.globalviromeproject.org/who-we-are/leadership/jonna-mazet",
      "type": "Relationship",
      "name": "Jonna Mazet serves on Leadership Board and directs implementation"
    },
    {
      "id": "M7UDX5VK977C4",
      "Relationship Summary": "Jonna Mazet teaches and researches at UC Davis",
      "Article Text": "\"Jonna is a Professor of Epidemiology and Disease Ecology at the UC Davis School of Veterinary Medicine and Executive Director of the UC Davis One Health Institute.\"",
      "article URL": "https://web.archive.org/web/20200713124729/http://www.globalviromeproject.org/who-we-are/leadership/jonna-mazet",
      "type": "Relationship",
      "name": "Jonna Mazet teaches and researches at UC Davis"
    },
    {
      "id": "M7UDX5VKFO30U",
      "Relationship Summary": "Jonna Mazet leads the One Health Institute",
      "Article Text": "\"Jonna is a Professor of Epidemiology and Disease Ecology at the UC Davis School of Veterinary Medicine and Executive Director of the UC Davis One Health Institute.\"",
      "article URL": "https://web.archive.org/web/20200713124729/http://www.globalviromeproject.org/who-we-are/leadership/jonna-mazet",
      "type": "Relationship",
      "name": "Jonna Mazet leads the One Health Institute"
    },
    {
      "id": "M7UDX5VKSR15W",
      "Relationship Summary": "Jonna Mazet co-directs USAID’s One Health Workforce",
      "Article Text": "\"Currently, Jonna is the Co-Director of the US Agency for International Development’s One Health Workforce – Next Generation, an $85 million educational strengthening project to empower professionals in Central/East Africa and Southeast Asia to address complex and emerging health threats.\"",
      "Relationship NAME": "to address",
      "article URL": "https://web.archive.org/web/20200713124729/http://www.globalviromeproject.org/who-we-are/leadership/jonna-mazet",
      "type": "Relationship",
      "name": "Jonna Mazet co-directs USAID’s One Health Workforce"
    },
    {
      "id": "M7UDX5VK5BDNN",
      "Relationship Summary": "Jonna Mazet leads USAID’s PREDICT Project",
      "Article Text": "\"She is the Principal Investigator of and served as the Global Director of PREDICT Project for 10 years, a greater than $200 million viral emergence early warning project under USAID’s Emerging Pandemic Threats Division.\"",
      "Relationship Date": "2009-2019",
      "article URL": "https://web.archive.org/web/20200713124729/http://www.globalviromeproject.org/who-we-are/leadership/jonna-mazet",
      "type": "Relationship",
      "name": "Jonna Mazet leads USAID’s PREDICT Project"
    },
    {
      "id": "M7UDX5VKQHMSD",
      "Relationship Summary": "Jonna Mazet became a member of the academy",
      "Article Text": "\"Jonna was elected to the US National Academy of Medicine in 2013 in recognition of her successful and innovative approach to emerging environmental and global health threats.\"",
      "Relationship NAME": "in recognition of",
      "Relationship Date": "2013",
      "article URL": "https://web.archive.org/web/20200713124729/http://www.globalviromeproject.org/who-we-are/leadership/jonna-mazet",
      "type": "Relationship",
      "name": "Jonna Mazet became a member of the academy"
    },
    {
      "id": "M7UDX5VK0BLCV",
      "Relationship Summary": "Jonna Mazet participates in NASEM Forum",
      "Article Text": "\"Jonna was elected to the US National Academy of Medicine in 2013 in recognition of her successful and innovative approach to emerging environmental and global health threats and serves on the National Academies of Science, Engineering, and Medicine’s Forum on Microbial Threats.\"",
      "article URL": "https://web.archive.org/web/20200713124729/http://www.globalviromeproject.org/who-we-are/leadership/jonna-mazet",
      "type": "Relationship",
      "name": "Jonna Mazet participates in NASEM Forum"
    },
    {
      "id": "M7UDX5VKBDJN8",
      "Relationship Summary": "Jonna Mazet leads NASEM’s One Health Collaborative",
      "Article Text": "\"Jonna was elected to the US National Academy of Medicine in 2013 in recognition of her successful and innovative approach to emerging environmental and global health threats and serves on the National Academies of Science, Engineering, and Medicine’s Forum on Microbial Threats and chairs the Academies’ One Health Action Collaborative.\"",
      "article URL": "https://web.archive.org/web/20200713124729/http://www.globalviromeproject.org/who-we-are/leadership/jonna-mazet",
      "type": "Relationship",
      "name": "Jonna Mazet leads NASEM’s One Health Collaborative"
    },
    {
      "id": "M7UDX5VKV76D3",
      "Relationship Summary": "Jonna Mazet serves on NASEM’s Emerging Diseases Committee",
      "Article Text": "\"She was appointed to the National Academies Standing Committee on Emerging Infectious Diseases and 21st Century Health Threats, which was created to assist the federal government with critical science and policy issues related to the COVID-19 crisis and other emerging health threats.\"",
      "Relationship NAME": "related to",
      "article URL": "https://web.archive.org/web/20200713124729/http://www.globalviromeproject.org/who-we-are/leadership/jonna-mazet",
      "type": "Relationship",
      "name": "Jonna Mazet serves on NASEM’s Emerging Diseases Committee"
    },
    {
      "id": "M7UDX5VKYBL2J",
      "Relationship Summary": "Jonna Mazet participated in the forum",
      "Article Text": "\"2016 GVP Bellagio Forum Attendees Jonna Mazet\"",
      "Relationship Date": "2016",
      "article URL": "https://web.archive.org/web/20200718034514/http://www.globalviromeproject.org/our-history",
      "type": "Relationship",
      "name": "Jonna Mazet participated in the forum"
    },
    {
      "id": "M7UDX5VK8R3DD",
      "Relationship Summary": "Jonna Mazet works with UC Davis",
      "Article Text": "\"Jonna Mazet One Health Institute, UC Davis School of Veterinary Medicine\"",
      "article URL": "https://web.archive.org/web/20200718034514/http://www.globalviromeproject.org/our-history",
      "type": "Relationship",
      "name": "Jonna Mazet works with UC Davis"
    },
    {
      "id": "M7NDMWVIZ3WIN",
      "Entity Name": "EcoHealth Alliance",
      "URL": "https://blog.whitecoatwaste.org/wp-content/uploads/2023/06/wuhan-patient-zero_chmura-gima-correspondence.pdf",
      "Article Text": "\"Peter Daszak,b ... The Global Virome Project\"",
      "Article Title": "The Global Virome Project",
      "Article URL": "WCW-complaint-to-NIH-EcoHealth-Alliance-March-15-2021.pdf",
      "Entity Acronym": "WCW",
      "type": "Entity",
      "name": "EcoHealth Alliance"
    },
    {
      "id": "M7NDMWVIJWSG1",
      "Entity Name": "Peter Daszak",
      "Article Text": "\"Nine years ago Dr. Daszak became the Executive Director of EcoHealth Alliance's Consortium for Conservation Medicine (CCM)\"",
      "Relationship Date": "2007",
      "Article Title": "Dr. Peter Daszak Scientists Bio",
      "article URL": "https://web.archive.org/web/20160912221609/http://www.ecohealthalliance.org/personnel/dr-peter-daszak",
      "Article URL": "https://reschenthaler.house.gov/media/press-releases/reschenthaler-introduces-bill-defund-ecohealth-alliance",
      "Entity Acronym": "Not specified",
      "type": "Entity",
      "name": "Peter Daszak"
    },
    {
      "id": "M7NDMWVJ9ILLE",
      "Entity Name": "Jonna Mazet",
      "Article Text": "\"On April 17, 2017, Metabiota’s Chief Scientific Officer Eddy Rubin emailed PREDICT Director Jonna Mazet: 'We are also working on a Sample and Data Quality Risk and Corrective Action plan which I will get to you before this Friday.'\"",
      "Relationship Date": "04/17/17",
      "Article Title": "Metabiota Safety and Data Problems",
      "article URL": "https://usrtk.org/covid-19-origins/metabiota-safety-and-data-problems/",
      "Article URL": "https://s3.documentcloud.org/documents/21055989/understanding-risk-bat-coronavirus-emergence-grant-notice.pdf",
      "type": "Entity",
      "name": "Jonna Mazet"
    },
    {
      "id": "M7NDMWVMWJBSA",
      "Entity Name": "Global Virome Project",
      "Article Text": "\"'Even if you could find some loophole out of the criminal statute because GVP wasn’t technically a legal entity yet, this is a fundamental conflict of interest,' said Citizens for Responsibility and Ethics in Washington chief ethics counsel Virginia Canter.\"",
      "Article Title": "Dennis Carroll Used Taxpayer Funds for Risky Private Project",
      "article URL": "https://childrenshealthdefense.org/defender/dennis-carroll-taxpayer-funds-risky-private-project/",
      "type": "Entity",
      "name": "Global Virome Project"
    },
    {
      "id": "M7NDMWVTWZDC1",
      "Entity Name": "UC Davis One Health Institute",
      "type": "Entity",
      "name": "UC Davis One Health Institute"
    },
    {
      "id": "M7NDQ6RDTP3E7",
      "Entity Name": "Emerging Viruses",
      "Article Text": "\"PREDICT served as an early-warning system-strengthening effort aimed at finding emerging viruses before they spread to humans.\"",
      "Relationship Date": "2009-2019",
      "Article Title": "Leadership - Global Virome Project",
      "article URL": "https://web.archive.org/web/20200713124729/http://www.globalviromeproject.org/who-we-are/leadership/jonna-mazet",
      "Article URL": "coronavirus-lab-escape-theory.html",
      "type": "Entity",
      "name": "Emerging Viruses"
    },
    {
      "id": "M7UDX5VDHIVHE",
      "Entity Name": "Dean Jamison",
      "type": "Entity",
      "name": "Dean Jamison"
    },
    {
      "id": "M7UDX5VE8BPE0",
      "Entity Name": "PREDICT",
      "Article Text": "\"While at USAID, Dennis Carroll oversaw a federal program called PREDICT, from which funds were used to launch another organization called the Global Virome Project.\"",
      "Article Title": "Virome Violation: In Pursuing Science, USAID Official May Have Violated Law",
      "article URL": "https://disinformationchronicle.substack.com/p/virome-violation-in-pursuing-science",
      "type": "Entity",
      "name": "PREDICT"
    },
    {
      "id": "M7UDX5VEGPSBV",
      "Entity Name": "University of California-Davis",
      "Article Text": "\"an assistant at UC Davis emailed a USAID official and asked to fund Metabiota’s Eddy Rubin with PREDICT money so that Rubin could discuss the GVP in China.\"",
      "Article Title": "Virome Violation: In Pursuing Science, USAID Official May Have Violated Law",
      "article URL": "https://disinformationchronicle.substack.com/p/virome-violation-in-pursuing-science",
      "type": "Entity",
      "name": "University of California-Davis"
    },
    {
      "id": "M7UDX5VEA1S2H",
      "Entity Name": "STAT",
      "Article Text": "\"The reporter with STAT also interviewed UC Davis’s Jonna Mazet who is a key player in an ambitious endeavor called the Global Virome Project, which has proposed cataloguing nearly all of the unknown viruses lurking in nature around the world.\"",
      "Article Title": "Virome Violation: In Pursuing Science, USAID Official May Have Violated Law",
      "article URL": "https://disinformationchronicle.substack.com/p/virome-violation-in-pursuing-science",
      "type": "Entity",
      "name": "STAT"
    },
    {
      "id": "M7UDX5VFMZE49",
      "Entity Name": "National Academy of Medicine",
      "type": "Entity",
      "name": "National Academy of Medicine"
    },
    {
      "id": "M7UDX5VFYZW91",
      "Entity Name": "UC Davis School of Veterinary Medicine",
      "type": "Entity",
      "name": "UC Davis School of Veterinary Medicine"
    },
    {
      "id": "M7UDX5VLYHDUY",
      "Entity Name": "Budget",
      "Article Text": "\"After several more emails discussing a budget for Jamison and how to transfer funds between universities, Mazet wrote that they would need to describe the scope of work and financing for salary and travel.\"",
      "Article Title": "Virome Violation: In Pursuing Science, USAID Official May Have Violated Law",
      "article URL": "https://disinformationchronicle.substack.com/p/virome-violation-in-pursuing-science",
      "type": "Entity",
      "name": "Budget"
    },
    {
      "id": "M7UDX5VLKW6NI",
      "Entity Name": "Emerging Health Threats",
      "Article Text": "\"Currently, Jonna is the Co-Director of the US Agency for International Development’s One Health Workforce – Next Generation, an $85 million educational strengthening project to empower professionals in Central/East Africa and Southeast Asia to address complex and emerging health threats.\"",
      "Article Title": "Leadership - Global Virome Project",
      "article URL": "https://web.archive.org/web/20200713124729/http://www.globalviromeproject.org/who-we-are/leadership/jonna-mazet",
      "type": "Entity",
      "name": "Emerging Health Threats"
    },
    {
      "id": "M7UDX5VLDWWC7",
      "Entity Name": "Global Health Threats",
      "Article Text": "\"Jonna was elected to the US National Academy of Medicine in 2013 in recognition of her successful and innovative approach to emerging environmental and global health threats.\"",
      "Relationship Date": "2013",
      "Article Title": "Leadership - Global Virome Project",
      "article URL": "https://web.archive.org/web/20200713124729/http://www.globalviromeproject.org/who-we-are/leadership/jonna-mazet",
      "type": "Entity",
      "name": "Global Health Threats"
    },
    {
      "id": "M7UDX5VL8HX2B",
      "Entity Name": "COVID-19 Crisis",
      "Article Text": "\"She was appointed to the National Academies Standing Committee on Emerging Infectious Diseases and 21st Century Health Threats, which was created to assist the federal government with critical science and policy issues related to the COVID-19 crisis and other emerging health threats.\"",
      "Article Title": "Leadership - Global Virome Project",
      "article URL": "https://web.archive.org/web/20200713124729/http://www.globalviromeproject.org/who-we-are/leadership/jonna-mazet",
      "type": "Entity",
      "name": "COVID-19 Crisis"
    },
    {
      "id": "M7UDX5VE61VSG",
      "Entity Name": "United States Agency for International Development",
      "Article Text": "\"Cara Chrisman,a ... The Global Virome Project\"",
      "Article Title": "The Global Virome Project",
      "type": "Entity",
      "name": "United States Agency for International Development"
    }
  ],
  "links": [
    {
      "sourceId": "M7NDMWVJ9ILLE",
      "targetId": "M7NDMWWC16RJL",
      "Relationship Summary": "Jonna Mazet served as Global Director for PREDICT at UC Davis",
      "Article Text": "\"with epidemiologist Jonna Mazet of the University of California, Davis, as its global director.\"",
      "article URL": "https://en.wikipedia.org/wiki/Predict_(USAID)"
    },
    {
      "sourceId": "M7NDMWVJ9ILLE",
      "targetId": "M7NDMWWD5OZRV",
      "Relationship Summary": "Jonna Mazet works for UC Davis OHI",
      "Article Text": "\"Jonna Mazet, UC Davis OHI\"",
      "article URL": "https://p2.predict.global/team"
    },
    {
      "sourceId": "M7NDMWWEJJHHO",
      "targetId": "M7NDMWVJ9ILLE",
      "Relationship Summary": "Eddy Rubin emailed regarding corrective action plan to PREDICT Director, emailed Jonna Mazet.",
      "Article Text": "\"On April 17, 2017, Metabiota’s Chief Scientific Officer Eddy Rubin emailed PREDICT Director Jonna Mazet: 'We are also working on a Sample and Data Quality Risk and Corrective Action plan which I will get to you before this Friday.'\"",
      "Relationship Date": "04/17/17",
      "Article Title": "Metabiota Safety and Data Problems",
      "article URL": "https://usrtk.org/covid-19-origins/metabiota-safety-and-data-problems/"
    },
    {
      "sourceId": "M7NDMWVJ9ILLE",
      "targetId": "M7NDMWWJYFLK2",
      "Relationship Summary": "Jonna Mazet attended a meeting at Bellagio Conference Center",
      "Article Text": "\"The (USAID PREDICT) idea grew out of a meeting that Mazet attended at the Rockefeller Foundation's Bellagio Conference Center last August.\"",
      "article URL": "https://www.smithsonianmag.com/science-nature/how-to-stop-next-animal-borne-pandemic-180967908/"
    },
    {
      "sourceId": "M7NDMWVJ9ILLE",
      "targetId": "M7NDMWWD7KGQR",
      "Article Text": "\"Baric, Jonna Mazet, and Peter Daszak of EcoHealth worked together for years — and Daszak also routed Predict money to Shi Zhengli’s bat-surveillance team in Wuhan through his nonprofit, mingling it with NIH money and money from the U.S. Defense Threat Reduction Agency.\"",
      "Article Title": "The Lab-Leak Hypothesis",
      "article URL": "https://nymag.com/intelligencer/article/coronavirus-lab-escape-theory.html"
    },
    {
      "sourceId": "M7NDMWVIJWSG1",
      "targetId": "M7NDMWWD7KGQR",
      "Relationship Summary": "Peter Daszak and Jonna Mazet worked together for years",
      "Article Text": "\"Baric, Jonna Mazet, and Peter Daszak of EcoHealth worked together for years — and Daszak also routed Predict money to Shi Zhengli’s bat-surveillance team in Wuhan through his nonprofit, mingling it with NIH money and money from the U.S. Defense Threat Reduction Agency.\"",
      "Article Title": "The Lab-Leak Hypothesis",
      "article URL": "https://nymag.com/intelligencer/article/coronavirus-lab-escape-theory.html"
    },
    {
      "sourceId": "M7UDX5VKZILOR",
      "targetId": "M7UDX5VE8BPE0",
      "Article Text": "\"“This will be funded through USAID PREDICT at Jonna’s institute at UCD,” Jamison wrote, copying Jonna Mazet of UC Davis on the email.\"",
      "Article Title": "Virome Violation: In Pursuing Science, USAID Official May Have Violated Law",
      "article URL": "https://disinformationchronicle.substack.com/p/virome-violation-in-pursuing-science",
      "Modifier Relationship": "Funded through"
    },
    {
      "sourceId": "M7UDX5VKZF8DG",
      "targetId": "M7UDX5VLYHDUY",
      "Article Text": "\"After several more emails discussing a budget for Jamison and how to transfer funds between universities, Mazet wrote that they would need to describe the scope of work and financing for salary and travel.\"",
      "Article Title": "Virome Violation: In Pursuing Science, USAID Official May Have Violated Law",
      "article URL": "https://disinformationchronicle.substack.com/p/virome-violation-in-pursuing-science",
      "Modifier Relationship": "Discussing"
    },
    {
      "sourceId": "M7UDX5VKOPV5H",
      "targetId": "M7NDMWVIJWSG1",
      "Article Text": "\"Global Virome Project’s list of board members includes Peter Daszak of the EcoHealth Alliance, Jonna Mazet of UC Davis, Oyewale Tomori of Nigeria, and Edward 'Eddy' Rubin of Metabiota.\"",
      "Article Title": "Virome Violation: In Pursuing Science, USAID Official May Have Violated Law",
      "article URL": "https://disinformationchronicle.substack.com/p/virome-violation-in-pursuing-science",
      "Modifier Relationship": "Includes"
    },
    {
      "sourceId": "M7UDX5VKU4EXE",
      "targetId": "M7NDMWVMWJBSA",
      "Article Text": "\"Global Virome Project’s list of board members includes Peter Daszak of the EcoHealth Alliance, Jonna Mazet of UC Davis, Oyewale Tomori of Nigeria, and Edward 'Eddy' Rubin of Metabiota.\"",
      "Article Title": "Virome Violation: In Pursuing Science, USAID Official May Have Violated Law",
      "article URL": "https://disinformationchronicle.substack.com/p/virome-violation-in-pursuing-science",
      "Modifier Relationship": "Involved with"
    },
    {
      "sourceId": "M7UDX5VKTIUEF",
      "targetId": "M7NDMWVIZ3WIN",
      "Article Text": "\"Global Virome Project’s list of board members includes Peter Daszak of the EcoHealth Alliance, Jonna Mazet of UC Davis, Oyewale Tomori of Nigeria, and Edward 'Eddy' Rubin of Metabiota.\"",
      "Article Title": "Virome Violation: In Pursuing Science, USAID Official May Have Violated Law",
      "article URL": "https://disinformationchronicle.substack.com/p/virome-violation-in-pursuing-science",
      "Modifier Relationship": "Employed by"
    },
    {
      "sourceId": "M7UDX5VKYY25C",
      "targetId": "M7UDX5VEGPSBV",
      "Article Text": "\"Global Virome Project’s list of board members includes Peter Daszak of the EcoHealth Alliance, Jonna Mazet of UC Davis, Oyewale Tomori of Nigeria, and Edward 'Eddy' Rubin of Metabiota.\"",
      "Article Title": "Virome Violation: In Pursuing Science, USAID Official May Have Violated Law",
      "article URL": "https://disinformationchronicle.substack.com/p/virome-violation-in-pursuing-science",
      "Modifier Relationship": "Employed by"
    },
    {
      "sourceId": "M7UDX5VK6BMNR",
      "targetId": "M7UDX5VEA1S2H",
      "Article Text": "\"The reporter with STAT also interviewed UC Davis’s Jonna Mazet who is a key player in an ambitious endeavor called the Global Virome Project, which has proposed cataloguing nearly all of the unknown viruses lurking in nature around the world.\"",
      "Article Title": "Virome Violation: In Pursuing Science, USAID Official May Have Violated Law",
      "article URL": "https://disinformationchronicle.substack.com/p/virome-violation-in-pursuing-science",
      "Modifier Relationship": "Interviewed by"
    },
    {
      "sourceId": "M7UDX5VKRVMN4",
      "targetId": "M7UDX5VE8BPE0",
      "Article Text": "\"“This will be funded through USAID PREDICT at Jonna’s institute at UCD,” Jamison wrote, copying Jonna Mazet of UC Davis on the email.\"",
      "Article Title": "Virome Violation: In Pursuing Science, USAID Official May Have Violated Law",
      "article URL": "https://disinformationchronicle.substack.com/p/virome-violation-in-pursuing-science",
      "Modifier Relationship": "Funded through"
    },
    {
      "sourceId": "M7UDX5VKCEHSZ",
      "targetId": "M7UDX5VLYHDUY",
      "Article Text": "\"After several more emails discussing a budget for Jamison and how to transfer funds between universities, Mazet wrote that they would need to describe the scope of work and financing for salary and travel.\"",
      "Article Title": "Virome Violation: In Pursuing Science, USAID Official May Have Violated Law",
      "article URL": "https://disinformationchronicle.substack.com/p/virome-violation-in-pursuing-science",
      "Modifier Relationship": "Discussing"
    },
    {
      "sourceId": "M7UDX5VKVKD4V",
      "targetId": "M7NDMWVIZ3WIN",
      "Article Text": "\"Global Virome Project’s list of board members includes Peter Daszak of the EcoHealth Alliance, Jonna Mazet of UC Davis, Oyewale Tomori of Nigeria, and Edward 'Eddy' Rubin of Metabiota.\"",
      "Article Title": "Virome Violation: In Pursuing Science, USAID Official May Have Violated Law",
      "article URL": "https://disinformationchronicle.substack.com/p/virome-violation-in-pursuing-science",
      "Modifier Relationship": "Employed by"
    },
    {
      "sourceId": "M7UDX5VKMPKCT",
      "targetId": "M7NDMWVMWJBSA",
      "Article Text": "\"Global Virome Project’s list of board members includes Peter Daszak of the EcoHealth Alliance, Jonna Mazet of UC Davis, Oyewale Tomori of Nigeria, and Edward 'Eddy' Rubin of Metabiota.\"",
      "Article Title": "Virome Violation: In Pursuing Science, USAID Official May Have Violated Law",
      "article URL": "https://disinformationchronicle.substack.com/p/virome-violation-in-pursuing-science",
      "Modifier Relationship": "Served on"
    },
    {
      "sourceId": "M7UDX5VKBPBN4",
      "targetId": "M7NDMWVMWJBSA",
      "Article Text": "\"The reporter with STAT also interviewed UC Davis’s Jonna Mazet who is a key player in an ambitious endeavor called the Global Virome Project, which has proposed cataloguing nearly all of the unknown viruses lurking in nature around the world.\"",
      "Article Title": "Virome Violation: In Pursuing Science, USAID Official May Have Violated Law",
      "article URL": "https://disinformationchronicle.substack.com/p/virome-violation-in-pursuing-science",
      "Modifier Relationship": "Involved with"
    },
    {
      "sourceId": "M7UDX5VKSR15W",
      "targetId": "M7UDX5VLKW6NI",
      "Article Text": "\"Currently, Jonna is the Co-Director of the US Agency for International Development’s One Health Workforce – Next Generation, an $85 million educational strengthening project to empower professionals in Central/East Africa and Southeast Asia to address complex and emerging health threats.\"",
      "Article Title": "Leadership - Global Virome Project",
      "article URL": "https://web.archive.org/web/20200713124729/http://www.globalviromeproject.org/who-we-are/leadership/jonna-mazet",
      "Modifier Relationship": "to address"
    },
    {
      "sourceId": "M7UDX5VKQHMSD",
      "targetId": "M7UDX5VLDWWC7",
      "Article Text": "\"Jonna was elected to the US National Academy of Medicine in 2013 in recognition of her successful and innovative approach to emerging environmental and global health threats.\"",
      "Relationship Date": "2013",
      "Article Title": "Leadership - Global Virome Project",
      "article URL": "https://web.archive.org/web/20200713124729/http://www.globalviromeproject.org/who-we-are/leadership/jonna-mazet",
      "Modifier Relationship": "in recognition of"
    },
    {
      "sourceId": "M7UDX5VKV76D3",
      "targetId": "M7UDX5VL8HX2B",
      "Article Text": "\"She was appointed to the National Academies Standing Committee on Emerging Infectious Diseases and 21st Century Health Threats, which was created to assist the federal government with critical science and policy issues related to the COVID-19 crisis and other emerging health threats.\"",
      "Article Title": "Leadership - Global Virome Project",
      "article URL": "https://web.archive.org/web/20200713124729/http://www.globalviromeproject.org/who-we-are/leadership/jonna-mazet",
      "Modifier Relationship": "related to"
    },
    {
      "sourceId": "M7UDX5VKZILOR",
      "targetId": "M7NDMWVJ9ILLE",
      "Relationship Summary": "Dean Jamison was copied on an email by Jonna Mazet about GVP funding.",
      "Article Text": "\"“This will be funded through USAID PREDICT at Jonna’s institute at UCD,” Jamison wrote, copying Jonna Mazet of UC Davis on the email.\"",
      "Article Title": "Virome Violation: In Pursuing Science, USAID Official May Have Violated Law",
      "article URL": "https://disinformationchronicle.substack.com/p/virome-violation-in-pursuing-science"
    },
    {
      "sourceId": "M7UDX5VDHIVHE",
      "targetId": "M7UDX5VKZILOR",
      "Relationship Summary": "Dean Jamison was copied on an email by Jonna Mazet about GVP funding.",
      "Article Text": "\"“This will be funded through USAID PREDICT at Jonna’s institute at UCD,” Jamison wrote, copying Jonna Mazet of UC Davis on the email.\"",
      "Article Title": "Virome Violation: In Pursuing Science, USAID Official May Have Violated Law",
      "article URL": "https://disinformationchronicle.substack.com/p/virome-violation-in-pursuing-science"
    },
    {
      "sourceId": "M7UDX5VKZF8DG",
      "targetId": "M7NDMWVJ9ILLE",
      "Relationship Summary": "Dean Jamison was responded to by Jonna Mazet about GVP funding details.",
      "Article Text": "\"After several more emails discussing a budget for Jamison and how to transfer funds between universities, Mazet wrote that they would need to describe the scope of work and financing for salary and travel.\"",
      "Article Title": "Virome Violation: In Pursuing Science, USAID Official May Have Violated Law",
      "article URL": "https://disinformationchronicle.substack.com/p/virome-violation-in-pursuing-science"
    },
    {
      "sourceId": "M7UDX5VDHIVHE",
      "targetId": "M7UDX5VKZF8DG",
      "Relationship Summary": "Dean Jamison was responded to by Jonna Mazet about GVP funding details.",
      "Article Text": "\"After several more emails discussing a budget for Jamison and how to transfer funds between universities, Mazet wrote that they would need to describe the scope of work and financing for salary and travel.\"",
      "Article Title": "Virome Violation: In Pursuing Science, USAID Official May Have Violated Law",
      "article URL": "https://disinformationchronicle.substack.com/p/virome-violation-in-pursuing-science"
    },
    {
      "sourceId": "M7UDX5VKOPV5H",
      "targetId": "M7NDMWVMWJBSA",
      "Relationship Summary": "Edward “Eddy” Rubin served as a board member of the Global Virome Project.",
      "Article Text": "\"Global Virome Project’s list of board members includes Peter Daszak of the EcoHealth Alliance, Jonna Mazet of UC Davis, Oyewale Tomori of Nigeria, and Edward 'Eddy' Rubin of Metabiota.\"",
      "Article Title": "Virome Violation: In Pursuing Science, USAID Official May Have Violated Law",
      "article URL": "https://disinformationchronicle.substack.com/p/virome-violation-in-pursuing-science"
    },
    {
      "sourceId": "M7UDX5VKTIUEF",
      "targetId": "M7NDMWVIJWSG1",
      "Relationship Summary": "The Global Virome Project included Peter Daszak as a board member.",
      "Article Text": "\"Global Virome Project’s list of board members includes Peter Daszak of the EcoHealth Alliance, Jonna Mazet of UC Davis, Oyewale Tomori of Nigeria, and Edward 'Eddy' Rubin of Metabiota.\"",
      "Article Title": "Virome Violation: In Pursuing Science, USAID Official May Have Violated Law",
      "article URL": "https://disinformationchronicle.substack.com/p/virome-violation-in-pursuing-science"
    },
    {
      "sourceId": "M7NDMWVMWJBSA",
      "targetId": "M7UDX5VKTIUEF",
      "Relationship Summary": "The Global Virome Project included Peter Daszak as a board member.",
      "Article Text": "\"Global Virome Project’s list of board members includes Peter Daszak of the EcoHealth Alliance, Jonna Mazet of UC Davis, Oyewale Tomori of Nigeria, and Edward 'Eddy' Rubin of Metabiota.\"",
      "Article Title": "Virome Violation: In Pursuing Science, USAID Official May Have Violated Law",
      "article URL": "https://disinformationchronicle.substack.com/p/virome-violation-in-pursuing-science"
    },
    {
      "sourceId": "M7UDX5VKYY25C",
      "targetId": "M7NDMWVJ9ILLE",
      "Relationship Summary": "The Global Virome Project included Jonna Mazet as a board member.",
      "Article Text": "\"Global Virome Project’s list of board members includes Peter Daszak of the EcoHealth Alliance, Jonna Mazet of UC Davis, Oyewale Tomori of Nigeria, and Edward 'Eddy' Rubin of Metabiota.\"",
      "Article Title": "Virome Violation: In Pursuing Science, USAID Official May Have Violated Law",
      "article URL": "https://disinformationchronicle.substack.com/p/virome-violation-in-pursuing-science"
    },
    {
      "sourceId": "M7NDMWVMWJBSA",
      "targetId": "M7UDX5VKYY25C",
      "Relationship Summary": "The Global Virome Project included Jonna Mazet as a board member.",
      "Article Text": "\"Global Virome Project’s list of board members includes Peter Daszak of the EcoHealth Alliance, Jonna Mazet of UC Davis, Oyewale Tomori of Nigeria, and Edward 'Eddy' Rubin of Metabiota.\"",
      "Article Title": "Virome Violation: In Pursuing Science, USAID Official May Have Violated Law",
      "article URL": "https://disinformationchronicle.substack.com/p/virome-violation-in-pursuing-science"
    },
    {
      "sourceId": "M7UDX5VK6BMNR",
      "targetId": "M7NDMWVMWJBSA",
      "Relationship Summary": "Jonna Mazet was involved with the Global Virome Project as a key player.",
      "Article Text": "\"The reporter with STAT also interviewed UC Davis’s Jonna Mazet who is a key player in an ambitious endeavor called the Global Virome Project, which has proposed cataloguing nearly all of the unknown viruses lurking in nature around the world.\"",
      "Article Title": "Virome Violation: In Pursuing Science, USAID Official May Have Violated Law",
      "article URL": "https://disinformationchronicle.substack.com/p/virome-violation-in-pursuing-science"
    },
    {
      "sourceId": "M7NDMWVJ9ILLE",
      "targetId": "M7UDX5VK6BMNR",
      "Relationship Summary": "Jonna Mazet was involved with the Global Virome Project as a key player.",
      "Article Text": "\"The reporter with STAT also interviewed UC Davis’s Jonna Mazet who is a key player in an ambitious endeavor called the Global Virome Project, which has proposed cataloguing nearly all of the unknown viruses lurking in nature around the world.\"",
      "Article Title": "Virome Violation: In Pursuing Science, USAID Official May Have Violated Law",
      "article URL": "https://disinformationchronicle.substack.com/p/virome-violation-in-pursuing-science"
    },
    {
      "sourceId": "M7UDX5VKRVMN4",
      "targetId": "M7UDX5VDHIVHE",
      "Relationship Summary": "Jonna Mazet was copied on an email by Dean Jamison about a GVP analysis.",
      "Article Text": "\"“This will be funded through USAID PREDICT at Jonna’s institute at UCD,” Jamison wrote, copying Jonna Mazet of UC Davis on the email.\"",
      "Article Title": "Virome Violation: In Pursuing Science, USAID Official May Have Violated Law",
      "article URL": "https://disinformationchronicle.substack.com/p/virome-violation-in-pursuing-science"
    },
    {
      "sourceId": "M7NDMWVJ9ILLE",
      "targetId": "M7UDX5VKRVMN4",
      "Relationship Summary": "Jonna Mazet was copied on an email by Dean Jamison about a GVP analysis.",
      "Article Text": "\"“This will be funded through USAID PREDICT at Jonna’s institute at UCD,” Jamison wrote, copying Jonna Mazet of UC Davis on the email.\"",
      "Article Title": "Virome Violation: In Pursuing Science, USAID Official May Have Violated Law",
      "article URL": "https://disinformationchronicle.substack.com/p/virome-violation-in-pursuing-science"
    },
    {
      "sourceId": "M7UDX5VKCEHSZ",
      "targetId": "M7UDX5VDHIVHE",
      "Relationship Summary": "Jonna Mazet responded to Dean Jamison about GVP funding details.",
      "Article Text": "\"After several more emails discussing a budget for Jamison and how to transfer funds between universities, Mazet wrote that they would need to describe the scope of work and financing for salary and travel.\"",
      "Article Title": "Virome Violation: In Pursuing Science, USAID Official May Have Violated Law",
      "article URL": "https://disinformationchronicle.substack.com/p/virome-violation-in-pursuing-science"
    },
    {
      "sourceId": "M7NDMWVJ9ILLE",
      "targetId": "M7UDX5VKCEHSZ",
      "Relationship Summary": "Jonna Mazet responded to Dean Jamison about GVP funding details.",
      "Article Text": "\"After several more emails discussing a budget for Jamison and how to transfer funds between universities, Mazet wrote that they would need to describe the scope of work and financing for salary and travel.\"",
      "Article Title": "Virome Violation: In Pursuing Science, USAID Official May Have Violated Law",
      "article URL": "https://disinformationchronicle.substack.com/p/virome-violation-in-pursuing-science"
    },
    {
      "sourceId": "M7UDX5VKVKD4V",
      "targetId": "M7NDMWVMWJBSA",
      "Relationship Summary": "Peter Daszak served as a board member of the Global Virome Project.",
      "Article Text": "\"Global Virome Project’s list of board members includes Peter Daszak of the EcoHealth Alliance, Jonna Mazet of UC Davis, Oyewale Tomori of Nigeria, and Edward 'Eddy' Rubin of Metabiota.\"",
      "Article Title": "Virome Violation: In Pursuing Science, USAID Official May Have Violated Law",
      "article URL": "https://disinformationchronicle.substack.com/p/virome-violation-in-pursuing-science"
    },
    {
      "sourceId": "M7NDMWVIJWSG1",
      "targetId": "M7UDX5VKVKD4V",
      "Relationship Summary": "Peter Daszak served as a board member of the Global Virome Project.",
      "Article Text": "\"Global Virome Project’s list of board members includes Peter Daszak of the EcoHealth Alliance, Jonna Mazet of UC Davis, Oyewale Tomori of Nigeria, and Edward 'Eddy' Rubin of Metabiota.\"",
      "Article Title": "Virome Violation: In Pursuing Science, USAID Official May Have Violated Law",
      "article URL": "https://disinformationchronicle.substack.com/p/virome-violation-in-pursuing-science"
    },
    {
      "sourceId": "M7UDX5VKMPKCT",
      "targetId": "M7NDMWVIZ3WIN",
      "Relationship Summary": "Peter Daszak was employed by EcoHealth Alliance and served on GVP’s board.",
      "Article Text": "\"Global Virome Project’s list of board members includes Peter Daszak of the EcoHealth Alliance, Jonna Mazet of UC Davis, Oyewale Tomori of Nigeria, and Edward 'Eddy' Rubin of Metabiota.\"",
      "Article Title": "Virome Violation: In Pursuing Science, USAID Official May Have Violated Law",
      "article URL": "https://disinformationchronicle.substack.com/p/virome-violation-in-pursuing-science"
    },
    {
      "sourceId": "M7NDMWVIJWSG1",
      "targetId": "M7UDX5VKMPKCT",
      "Relationship Summary": "Peter Daszak was employed by EcoHealth Alliance and served on GVP’s board.",
      "Article Text": "\"Global Virome Project’s list of board members includes Peter Daszak of the EcoHealth Alliance, Jonna Mazet of UC Davis, Oyewale Tomori of Nigeria, and Edward 'Eddy' Rubin of Metabiota.\"",
      "Article Title": "Virome Violation: In Pursuing Science, USAID Official May Have Violated Law",
      "article URL": "https://disinformationchronicle.substack.com/p/virome-violation-in-pursuing-science"
    },
    {
      "sourceId": "M7UDX5VKBPBN4",
      "targetId": "M7NDMWVJ9ILLE",
      "Relationship Summary": "UC Davis employed Jonna Mazet who was involved with GVP.",
      "Article Text": "\"The reporter with STAT also interviewed UC Davis’s Jonna Mazet who is a key player in an ambitious endeavor called the Global Virome Project, which has proposed cataloguing nearly all of the unknown viruses lurking in nature around the world.\"",
      "Article Title": "Virome Violation: In Pursuing Science, USAID Official May Have Violated Law",
      "article URL": "https://disinformationchronicle.substack.com/p/virome-violation-in-pursuing-science"
    },
    {
      "sourceId": "M7UDX5VEGPSBV",
      "targetId": "M7UDX5VKBPBN4",
      "Relationship Summary": "UC Davis employed Jonna Mazet who was involved with GVP.",
      "Article Text": "\"The reporter with STAT also interviewed UC Davis’s Jonna Mazet who is a key player in an ambitious endeavor called the Global Virome Project, which has proposed cataloguing nearly all of the unknown viruses lurking in nature around the world.\"",
      "Article Title": "Virome Violation: In Pursuing Science, USAID Official May Have Violated Law",
      "article URL": "https://disinformationchronicle.substack.com/p/virome-violation-in-pursuing-science"
    },
    {
      "sourceId": "M7UDX5VKPS47N",
      "targetId": "M7NDMWVMWJBSA",
      "Relationship Summary": "Jonna Mazet serves on Leadership Board and directs implementation",
      "Article Text": "\"JONNA MAZET is a member and Implementation Director of the Global Virome Project Leadership Board.\"",
      "Article Title": "Leadership - Global Virome Project",
      "article URL": "https://web.archive.org/web/20200713124729/http://www.globalviromeproject.org/who-we-are/leadership/jonna-mazet"
    },
    {
      "sourceId": "M7NDMWVJ9ILLE",
      "targetId": "M7UDX5VKPS47N",
      "Relationship Summary": "Jonna Mazet serves on Leadership Board and directs implementation",
      "Article Text": "\"JONNA MAZET is a member and Implementation Director of the Global Virome Project Leadership Board.\"",
      "Article Title": "Leadership - Global Virome Project",
      "article URL": "https://web.archive.org/web/20200713124729/http://www.globalviromeproject.org/who-we-are/leadership/jonna-mazet"
    },
    {
      "sourceId": "M7UDX5VK977C4",
      "targetId": "M7UDX5VFYZW91",
      "Relationship Summary": "Jonna Mazet teaches and researches at UC Davis",
      "Article Text": "\"Jonna is a Professor of Epidemiology and Disease Ecology at the UC Davis School of Veterinary Medicine and Executive Director of the UC Davis One Health Institute.\"",
      "Article Title": "Leadership - Global Virome Project",
      "article URL": "https://web.archive.org/web/20200713124729/http://www.globalviromeproject.org/who-we-are/leadership/jonna-mazet"
    },
    {
      "sourceId": "M7NDMWVJ9ILLE",
      "targetId": "M7UDX5VK977C4",
      "Relationship Summary": "Jonna Mazet teaches and researches at UC Davis",
      "Article Text": "\"Jonna is a Professor of Epidemiology and Disease Ecology at the UC Davis School of Veterinary Medicine and Executive Director of the UC Davis One Health Institute.\"",
      "Article Title": "Leadership - Global Virome Project",
      "article URL": "https://web.archive.org/web/20200713124729/http://www.globalviromeproject.org/who-we-are/leadership/jonna-mazet"
    },
    {
      "sourceId": "M7UDX5VKFO30U",
      "targetId": "M7NDMWVTWZDC1",
      "Relationship Summary": "Jonna Mazet leads the One Health Institute",
      "Article Text": "\"Jonna is a Professor of Epidemiology and Disease Ecology at the UC Davis School of Veterinary Medicine and Executive Director of the UC Davis One Health Institute.\"",
      "Article Title": "Leadership - Global Virome Project",
      "article URL": "https://web.archive.org/web/20200713124729/http://www.globalviromeproject.org/who-we-are/leadership/jonna-mazet"
    },
    {
      "sourceId": "M7NDMWVJ9ILLE",
      "targetId": "M7UDX5VKFO30U",
      "Relationship Summary": "Jonna Mazet leads the One Health Institute",
      "Article Text": "\"Jonna is a Professor of Epidemiology and Disease Ecology at the UC Davis School of Veterinary Medicine and Executive Director of the UC Davis One Health Institute.\"",
      "Article Title": "Leadership - Global Virome Project",
      "article URL": "https://web.archive.org/web/20200713124729/http://www.globalviromeproject.org/who-we-are/leadership/jonna-mazet"
    },
    {
      "sourceId": "M7NDMWVJ9ILLE",
      "targetId": "M7UDX5VKSR15W",
      "Relationship Summary": "Jonna Mazet co-directs USAID’s One Health Workforce",
      "Article Text": "\"Currently, Jonna is the Co-Director of the US Agency for International Development’s One Health Workforce – Next Generation, an $85 million educational strengthening project to empower professionals in Central/East Africa and Southeast Asia to address complex and emerging health threats.\"",
      "Article Title": "Leadership - Global Virome Project",
      "article URL": "https://web.archive.org/web/20200713124729/http://www.globalviromeproject.org/who-we-are/leadership/jonna-mazet"
    },
    {
      "sourceId": "M7NDMWVJ9ILLE",
      "targetId": "M7UDX5VK5BDNN",
      "Relationship Summary": "Jonna Mazet leads USAID’s PREDICT Project",
      "Article Text": "\"She is the Principal Investigator of and served as the Global Director of PREDICT Project for 10 years, a greater than $200 million viral emergence early warning project under USAID’s Emerging Pandemic Threats Division.\"",
      "Relationship Date": "2009-2019",
      "Article Title": "Leadership - Global Virome Project",
      "article URL": "https://web.archive.org/web/20200713124729/http://www.globalviromeproject.org/who-we-are/leadership/jonna-mazet"
    },
    {
      "sourceId": "M7UDX5VKQHMSD",
      "targetId": "M7UDX5VFMZE49",
      "Relationship Summary": "Jonna Mazet became a member of the academy",
      "Article Text": "\"Jonna was elected to the US National Academy of Medicine in 2013 in recognition of her successful and innovative approach to emerging environmental and global health threats.\"",
      "Relationship Date": "2013",
      "Article Title": "Leadership - Global Virome Project",
      "article URL": "https://web.archive.org/web/20200713124729/http://www.globalviromeproject.org/who-we-are/leadership/jonna-mazet"
    },
    {
      "sourceId": "M7NDMWVJ9ILLE",
      "targetId": "M7UDX5VKQHMSD",
      "Relationship Summary": "Jonna Mazet became a member of the academy",
      "Article Text": "\"Jonna was elected to the US National Academy of Medicine in 2013 in recognition of her successful and innovative approach to emerging environmental and global health threats.\"",
      "Relationship Date": "2013",
      "Article Title": "Leadership - Global Virome Project",
      "article URL": "https://web.archive.org/web/20200713124729/http://www.globalviromeproject.org/who-we-are/leadership/jonna-mazet"
    },
    {
      "sourceId": "M7NDMWVJ9ILLE",
      "targetId": "M7UDX5VK0BLCV",
      "Relationship Summary": "Jonna Mazet participates in NASEM Forum",
      "Article Text": "\"Jonna was elected to the US National Academy of Medicine in 2013 in recognition of her successful and innovative approach to emerging environmental and global health threats and serves on the National Academies of Science, Engineering, and Medicine’s Forum on Microbial Threats.\"",
      "Article Title": "Leadership - Global Virome Project",
      "article URL": "https://web.archive.org/web/20200713124729/http://www.globalviromeproject.org/who-we-are/leadership/jonna-mazet"
    },
    {
      "sourceId": "M7NDMWVJ9ILLE",
      "targetId": "M7UDX5VKBDJN8",
      "Relationship Summary": "Jonna Mazet leads NASEM’s One Health Collaborative",
      "Article Text": "\"Jonna was elected to the US National Academy of Medicine in 2013 in recognition of her successful and innovative approach to emerging environmental and global health threats and serves on the National Academies of Science, Engineering, and Medicine’s Forum on Microbial Threats and chairs the Academies’ One Health Action Collaborative.\"",
      "Article Title": "Leadership - Global Virome Project",
      "article URL": "https://web.archive.org/web/20200713124729/http://www.globalviromeproject.org/who-we-are/leadership/jonna-mazet"
    },
    {
      "sourceId": "M7NDMWVJ9ILLE",
      "targetId": "M7UDX5VKV76D3",
      "Relationship Summary": "Jonna Mazet serves on NASEM’s Emerging Diseases Committee",
      "Article Text": "\"She was appointed to the National Academies Standing Committee on Emerging Infectious Diseases and 21st Century Health Threats, which was created to assist the federal government with critical science and policy issues related to the COVID-19 crisis and other emerging health threats.\"",
      "Article Title": "Leadership - Global Virome Project",
      "article URL": "https://web.archive.org/web/20200713124729/http://www.globalviromeproject.org/who-we-are/leadership/jonna-mazet"
    },
    {
      "sourceId": "M7NDMWVJ9ILLE",
      "targetId": "M7UDX5VKYBL2J",
      "Relationship Summary": "Jonna Mazet participated in the forum",
      "Article Text": "\"2016 GVP Bellagio Forum Attendees Jonna Mazet\"",
      "Relationship Date": "2016",
      "Article Title": "Our History - Global Virome Project",
      "article URL": "https://web.archive.org/web/20200718034514/http://www.globalviromeproject.org/our-history"
    },
    {
      "sourceId": "M7UDX5VK8R3DD",
      "targetId": "M7UDX5VFYZW91",
      "Relationship Summary": "Jonna Mazet works with UC Davis",
      "Article Text": "\"Jonna Mazet One Health Institute, UC Davis School of Veterinary Medicine\"",
      "Article Title": "Our History - Global Virome Project",
      "article URL": "https://web.archive.org/web/20200718034514/http://www.globalviromeproject.org/our-history"
    },
    {
      "sourceId": "M7NDMWVJ9ILLE",
      "targetId": "M7UDX5VK8R3DD",
      "Relationship Summary": "Jonna Mazet works with UC Davis",
      "Article Text": "\"Jonna Mazet One Health Institute, UC Davis School of Veterinary Medicine\"",
      "Article Title": "Our History - Global Virome Project",
      "article URL": "https://web.archive.org/web/20200718034514/http://www.globalviromeproject.org/our-history"
    },
    {
      "sourceId": "M7NDMWVJ9ILLE",
      "targetId": "M7UDX5VK5BDNN",
      "Relationship Summary": "Jonna Mazet directed PREDICT globally",
      "Article Text": "\"She is the Principal Investigator of and served as the Global Director of PREDICT Project for 10 years, a greater than $200 million viral emergence early warning project under USAID’s Emerging Pandemic Threats Division.\"",
      "Relationship Date": "2009-2019",
      "Article Title": "Leadership - Global Virome Project",
      "article URL": "https://web.archive.org/web/20200713124729/http://www.globalviromeproject.org/who-we-are/leadership/jonna-mazet"
    },
    {
      "sourceId": "M7UDX5VK5BDNN",
      "targetId": "M7NDQ6RDTP3E7",
      "Article Text": "\"PREDICT served as an early-warning system-strengthening effort aimed at finding emerging viruses before they spread to humans.\"",
      "Relationship Date": "2009-2019",
      "Article Title": "Leadership - Global Virome Project",
      "article URL": "https://web.archive.org/web/20200713124729/http://www.globalviromeproject.org/who-we-are/leadership/jonna-mazet",
      "Modifier Relationship": "aimed at finding"
    },
    {
      "sourceId": "M7UDX5VK5BDNN",
      "targetId": "M7NDMWVJ9ILLE",
      "Relationship Summary": "USAID employed Jonna Mazet to lead PREDICT",
      "Article Text": "\"PREDICT served as an early-warning system-strengthening effort aimed at finding emerging viruses before they spread to humans.\"",
      "Relationship Date": "2009-2019",
      "Article Title": "Leadership - Global Virome Project",
      "article URL": "https://web.archive.org/web/20200713124729/http://www.globalviromeproject.org/who-we-are/leadership/jonna-mazet"
    },
    {
      "sourceId": "M7UDX5VKSR15W",
      "targetId": "M7UDX5VE61VSG",
      "Relationship Summary": "Jonna Mazet co-directs USAID’s One Health Workforce",
      "Article Text": "\"Currently, Jonna is the Co-Director of the US Agency for International Development’s One Health Workforce – Next Generation, an $85 million educational strengthening project to empower professionals in Central/East Africa and Southeast Asia to address complex and emerging health threats.\"",
      "Article Title": "Leadership - Global Virome Project",
      "article URL": "https://web.archive.org/web/20200713124729/http://www.globalviromeproject.org/who-we-are/leadership/jonna-mazet"
    },
    {
      "sourceId": "M7UDX5VK5BDNN",
      "targetId": "M7UDX5VE61VSG",
      "Relationship Summary": "Jonna Mazet leads USAID’s PREDICT Project",
      "Article Text": "\"She is the Principal Investigator of and served as the Global Director of PREDICT Project for 10 years, a greater than $200 million viral emergence early warning project under USAID’s Emerging Pandemic Threats Division.\"",
      "Relationship Date": "2009-2019",
      "Article Title": "Leadership - Global Virome Project",
      "article URL": "https://web.archive.org/web/20200713124729/http://www.globalviromeproject.org/who-we-are/leadership/jonna-mazet"
    },
    {
      "sourceId": "M7UDX5VK5BDNN",
      "targetId": "M7UDX5VE61VSG",
      "Relationship Summary": "Jonna Mazet directed PREDICT globally",
      "Article Text": "\"She is the Principal Investigator of and served as the Global Director of PREDICT Project for 10 years, a greater than $200 million viral emergence early warning project under USAID’s Emerging Pandemic Threats Division.\"",
      "Relationship Date": "2009-2019",
      "Article Title": "Leadership - Global Virome Project",
      "article URL": "https://web.archive.org/web/20200713124729/http://www.globalviromeproject.org/who-we-are/leadership/jonna-mazet"
    },
    {
      "sourceId": "M7UDX5VE61VSG",
      "targetId": "M7UDX5VK5BDNN",
      "Relationship Summary": "USAID employed Jonna Mazet to lead PREDICT",
      "Article Text": "\"PREDICT served as an early-warning system-strengthening effort aimed at finding emerging viruses before they spread to humans.\"",
      "Relationship Date": "2009-2019",
      "Article Title": "Leadership - Global Virome Project",
      "article URL": "https://web.archive.org/web/20200713124729/http://www.globalviromeproject.org/who-we-are/leadership/jonna-mazet"
    },
    {
      "sourceId": "M7NDMWVIZ3WIN",
      "targetId": "M7NDMWVIJWSG1"
    }
  ]
}