{
  "nodes": [
    {
      "id": "M7NDMWWE8DFZR",
      "Relationship NAME": "Founded by",
      "Relationship Summary": "Global Virome Project saw initiative involvement by University of California, founded by key PREDICT leaders.",
      "Article Text": "\"These revelations come after other documents obtained by US Right to Know showed that USAID funds allocated to PREDICT were used to support the establishment of the Global Virome Project (GVP), a private nonprofit organization founded by key PREDICT leaders.\"",
      "Relationship Date": "09/21/21",
      "article URL": "https://usrtk.org/covid-19-origins/metabiota-safety-and-data-problems/",
      "Tag": "Virology",
      "type": "Relationship",
      "name": "Global Virome Project saw initiative involvement by University of California, founded by key PREDICT leaders."
    },
    {
      "id": "M7UDX5VK4EMUX",
      "Relationship NAME": "Employed by",
      "Relationship Summary": "Dennis Carroll played a crucial role in founding the Global Virome Project while at USAID.",
      "Article Text": "\"As part of its investigation of 'potentially dangerous viral research funded through taxpayer dollars,' public health watchdog U.S. Right to Know (USRTK) posted documents obtained through federal and California public records laws suggesting that Carroll played a crucial role in the private Global Virome Project (GVP) while he was on USAID's payroll.\"",
      "article URL": "https://justthenews.com/government/federal-agencies/double-dipping-ex-usaid-pandemic-official-sent-taxpayer-money-his",
      "type": "Relationship",
      "name": "Dennis Carroll played a crucial role in founding the Global Virome Project while at USAID."
    },
    {
      "id": "M7UDX5VKYHLF6",
      "Relationship NAME": "Incorporated after",
      "Relationship Summary": "Dennis Carroll suggested himself and others as board members for the Global Virome Project.",
      "Article Text": "\"Carroll even used his USAID email address in December 2018 to suggest himself and others as board members for GVP, which was formally incorporated after he left the agency.\"",
      "Relationship Date": "December 2018",
      "article URL": "https://justthenews.com/government/federal-agencies/double-dipping-ex-usaid-pandemic-official-sent-taxpayer-money-his",
      "type": "Relationship",
      "name": "Dennis Carroll suggested himself and others as board members for the Global Virome Project."
    },
    {
      "id": "M7UDX5VK5DVOE",
      "Relationship NAME": "Served as",
      "Relationship Summary": "Cara Chrisman was regularly involved in the activities of the Global Virome Project.",
      "Article Text": "\"They also show Cara Chrisman, USAID deputy division chief for emerging threats, regularly involved in GVP activities.\"",
      "article URL": "https://justthenews.com/government/federal-agencies/double-dipping-ex-usaid-pandemic-official-sent-taxpayer-money-his",
      "type": "Relationship",
      "name": "Cara Chrisman was regularly involved in the activities of the Global Virome Project."
    },
    {
      "id": "M7UDX5VKNC56M",
      "Relationship NAME": "Aimed to",
      "Relationship Summary": "The Global Virome Project emerged from a forum attended by Dennis Carroll.",
      "Article Text": "\"GVP's website says it emerged from a 2016 forum attended by Carroll and others that aimed to 'identify and characterize, within a decade, 99% of all zoonotic viruses with epidemic/pandemic potential.'\"",
      "Relationship Date": "2016",
      "article URL": "https://justthenews.com/government/federal-agencies/double-dipping-ex-usaid-pandemic-official-sent-taxpayer-money-his",
      "type": "Relationship",
      "name": "The Global Virome Project emerged from a forum attended by Dennis Carroll."
    },
    {
      "id": "M7UDX5VK2MKR6",
      "Relationship NAME": "Suggesting",
      "Relationship Summary": "U.S. Right to Know investigated Dennis Carroll’s role in the Global Virome Project while at USAID.",
      "Article Text": "\"As part of its investigation of 'potentially dangerous viral research funded through taxpayer dollars,' public health watchdog U.S. Right to Know (USRTK) posted documents obtained through federal and California public records laws suggesting that Carroll played a crucial role in the private Global Virome Project (GVP) while he was on USAID's payroll.\"",
      "article URL": "https://justthenews.com/government/federal-agencies/double-dipping-ex-usaid-pandemic-official-sent-taxpayer-money-his",
      "type": "Relationship",
      "name": "U.S. Right to Know investigated Dennis Carroll’s role in the Global Virome Project while at USAID."
    },
    {
      "id": "M7UDX5VKJRPCC",
      "Relationship NAME": "Played a role",
      "Relationship Summary": "U.S. Right to Know investigated the Global Virome Project’s ties to USAID funding.",
      "Article Text": "\"As part of its investigation of 'potentially dangerous viral research funded through taxpayer dollars,' public health watchdog U.S. Right to Know (USRTK) posted documents obtained through federal and California public records laws suggesting that Carroll played a crucial role in the private Global Virome Project (GVP) while he was on USAID's payroll.\"",
      "article URL": "https://justthenews.com/government/federal-agencies/double-dipping-ex-usaid-pandemic-official-sent-taxpayer-money-his",
      "type": "Relationship",
      "name": "U.S. Right to Know investigated the Global Virome Project’s ties to USAID funding."
    },
    {
      "id": "M7UDX5VK2QSLZ",
      "Relationship NAME": "After leaving",
      "Relationship Summary": "Dennis Carroll became chair of the Global Virome Project’s board after leaving USAID.",
      "Article Text": "\"After leaving USAID, Carroll then became chair of the Global Virome Project’s board.\"",
      "article URL": "https://disinformationchronicle.substack.com/p/virome-violation-in-pursuing-science",
      "type": "Relationship",
      "name": "Dennis Carroll became chair of the Global Virome Project’s board after leaving USAID."
    },
    {
      "id": "M7UDX5VK7GLPA",
      "Relationship NAME": "Including",
      "Relationship Summary": "EcoHealth Alliance supported the idea of the Global Virome Project.",
      "Article Text": "\"The idea has been around for a while and is supported by individual scientists and organizations including the US Agency for International Development, the nonprofit EcoHealth Alliance, HealthMap, ProMED, and the epidemic risk firm Metabiota.\"",
      "article URL": "https://disinformationchronicle.substack.com/p/virome-violation-in-pursuing-science",
      "type": "Relationship",
      "name": "EcoHealth Alliance supported the idea of the Global Virome Project."
    },
    {
      "id": "M7UDX5VKU4EXE",
      "Relationship NAME": "Involved with",
      "Relationship Summary": "Edward “Eddy” Rubin was employed by Metabiota and involved with GVP.",
      "Article Text": "\"Global Virome Project’s list of board members includes Peter Daszak of the EcoHealth Alliance, Jonna Mazet of UC Davis, Oyewale Tomori of Nigeria, and Edward 'Eddy' Rubin of Metabiota.\"",
      "article URL": "https://disinformationchronicle.substack.com/p/virome-violation-in-pursuing-science",
      "type": "Relationship",
      "name": "Edward “Eddy” Rubin was employed by Metabiota and involved with GVP."
    },
    {
      "id": "M7UDX5VKM11QE",
      "Relationship NAME": "Including",
      "Relationship Summary": "HealthMap supported the idea of the Global Virome Project.",
      "Article Text": "\"The idea has been around for a while and is supported by individual scientists and organizations including the US Agency for International Development, the nonprofit EcoHealth Alliance, HealthMap, ProMED, and the epidemic risk firm Metabiota.\"",
      "article URL": "https://disinformationchronicle.substack.com/p/virome-violation-in-pursuing-science",
      "type": "Relationship",
      "name": "HealthMap supported the idea of the Global Virome Project."
    },
    {
      "id": "M7UDX5VKQR0CO",
      "Relationship NAME": "Including",
      "Relationship Summary": "Metabiota supported the idea of the Global Virome Project.",
      "Article Text": "\"The idea has been around for a while and is supported by individual scientists and organizations including the US Agency for International Development, the nonprofit EcoHealth Alliance, HealthMap, ProMED, and the epidemic risk firm Metabiota.\"",
      "article URL": "https://disinformationchronicle.substack.com/p/virome-violation-in-pursuing-science",
      "type": "Relationship",
      "name": "Metabiota supported the idea of the Global Virome Project."
    },
    {
      "id": "M7UDX5VKMPKCT",
      "Relationship NAME": "Served on",
      "Relationship Summary": "Peter Daszak was employed by EcoHealth Alliance and served on GVP’s board.",
      "Article Text": "\"Global Virome Project’s list of board members includes Peter Daszak of the EcoHealth Alliance, Jonna Mazet of UC Davis, Oyewale Tomori of Nigeria, and Edward 'Eddy' Rubin of Metabiota.\"",
      "article URL": "https://disinformationchronicle.substack.com/p/virome-violation-in-pursuing-science",
      "type": "Relationship",
      "name": "Peter Daszak was employed by EcoHealth Alliance and served on GVP’s board."
    },
    {
      "id": "M7UDX5VK147O1",
      "Relationship NAME": "Shared",
      "Relationship Summary": "PREDICT discussed a business plan with the Global Virome Project.",
      "Article Text": "\"PREDICT shared the minutes of a meeting where they discussed a 'GVP Business Plan.'\"",
      "article URL": "https://disinformationchronicle.substack.com/p/virome-violation-in-pursuing-science",
      "type": "Relationship",
      "name": "PREDICT discussed a business plan with the Global Virome Project."
    },
    {
      "id": "M7UDX5VKSMPBW",
      "Relationship NAME": "Including",
      "Relationship Summary": "ProMED supported the idea of the Global Virome Project.",
      "Article Text": "\"The idea has been around for a while and is supported by individual scientists and organizations including the US Agency for International Development, the nonprofit EcoHealth Alliance, HealthMap, ProMED, and the epidemic risk firm Metabiota.\"",
      "article URL": "https://disinformationchronicle.substack.com/p/virome-violation-in-pursuing-science",
      "type": "Relationship",
      "name": "ProMED supported the idea of the Global Virome Project."
    },
    {
      "id": "M7UDX5VKM2B0T",
      "Relationship NAME": "Oversaw",
      "Relationship Summary": "USAID employed Dennis Carroll who oversaw PREDICT.",
      "Article Text": "\"While at USAID, Dennis Carroll oversaw a federal program called PREDICT, from which funds were used to launch another organization called the Global Virome Project.\"",
      "article URL": "https://disinformationchronicle.substack.com/p/virome-violation-in-pursuing-science",
      "type": "Relationship",
      "name": "USAID employed Dennis Carroll who oversaw PREDICT."
    },
    {
      "id": "M7UDX5VKBPBN4",
      "Relationship NAME": "Involved with",
      "Relationship Summary": "UC Davis employed Jonna Mazet who was involved with GVP.",
      "Article Text": "\"The reporter with STAT also interviewed UC Davis’s Jonna Mazet who is a key player in an ambitious endeavor called the Global Virome Project, which has proposed cataloguing nearly all of the unknown viruses lurking in nature around the world.\"",
      "article URL": "https://disinformationchronicle.substack.com/p/virome-violation-in-pursuing-science",
      "type": "Relationship",
      "name": "UC Davis employed Jonna Mazet who was involved with GVP."
    },
    {
      "id": "M7UDX5VKNASZY",
      "Relationship NAME": "conducts research on",
      "Relationship Summary": "Peter Daszak leads EcoHealth Alliance",
      "Article Text": "\"He is the President of EcoHealth Alliance, a US-based organization that conducts research and outreach programs on global health, conservation and international development.\"",
      "article URL": "https://web.archive.org/web/20200713130442/http://www.globalviromeproject.org/who-we-are/leadership/peter-daszak",
      "Tag": "Virology",
      "type": "Relationship",
      "Article URL": "https://dailycaller.com/2021/02/13/world-health-organization-peter-daszak-conflict-of-interest-china-coronavirus/",
      "name": "Peter Daszak leads EcoHealth Alliance"
    },
    {
      "id": "M7UDX5VKXDJRI",
      "Relationship NAME": "Served as proof for",
      "Relationship Summary": "Dennis Carroll designed and oversaw the PREDICT program at USAID.",
      "Article Text": "\"USAID — a federal agency that typically provides foreign aid — funded a $210 million government program that Carroll designed and oversaw for 10 years called 'PREDICT' that served as the 'proof of concept' for the Global Virome Project.\"",
      "article URL": "https://childrenshealthdefense.org/defender/dennis-carroll-taxpayer-funds-risky-private-project/",
      "type": "Relationship",
      "name": "Dennis Carroll designed and oversaw the PREDICT program at USAID."
    },
    {
      "id": "M7UDX5VKSK3GM",
      "Relationship NAME": "Served as proof for",
      "Relationship Summary": "USAID funded the PREDICT program, which served as a proof of concept for GVP.",
      "Article Text": "\"USAID — a federal agency that typically provides foreign aid — funded a $210 million government program that Carroll designed and oversaw for 10 years called 'PREDICT' that served as the 'proof of concept' for the Global Virome Project.\"",
      "article URL": "https://childrenshealthdefense.org/defender/dennis-carroll-taxpayer-funds-risky-private-project/",
      "type": "Relationship",
      "name": "USAID funded the PREDICT program, which served as a proof of concept for GVP."
    },
    {
      "id": "M7NDMWVIZ3WIN",
      "Entity Name": "EcoHealth Alliance",
      "URL": "https://blog.whitecoatwaste.org/wp-content/uploads/2023/06/wuhan-patient-zero_chmura-gima-correspondence.pdf",
      "Article Text": "\"Peter Daszak,b ... The Global Virome Project\"",
      "Article Title": "The Global Virome Project",
      "Article URL": "WCW-complaint-to-NIH-EcoHealth-Alliance-March-15-2021.pdf",
      "Entity Acronym": "WCW",
      "type": "Entity",
      "name": "EcoHealth Alliance"
    },
    {
      "id": "M7NDMWVIJWSG1",
      "Entity Name": "Peter Daszak",
      "Article Text": "\"Nine years ago Dr. Daszak became the Executive Director of EcoHealth Alliance's Consortium for Conservation Medicine (CCM)\"",
      "Relationship Date": "2007",
      "Article Title": "Dr. Peter Daszak Scientists Bio",
      "article URL": "https://web.archive.org/web/20160912221609/http://www.ecohealthalliance.org/personnel/dr-peter-daszak",
      "Article URL": "https://reschenthaler.house.gov/media/press-releases/reschenthaler-introduces-bill-defund-ecohealth-alliance",
      "Entity Acronym": "Not specified",
      "type": "Entity",
      "name": "Peter Daszak"
    },
    {
      "id": "M7NDMWVJY4A78",
      "Entity Name": "Metabiota",
      "Article Text": "\"Nathan Wolfe,d ... The Global Virome Project\"",
      "Article Title": "The Global Virome Project",
      "type": "Entity",
      "name": "Metabiota"
    },
    {
      "id": "M7NDMWVJ9ILLE",
      "Entity Name": "Jonna Mazet",
      "Article Text": "\"On April 17, 2017, Metabiota’s Chief Scientific Officer Eddy Rubin emailed PREDICT Director Jonna Mazet: 'We are also working on a Sample and Data Quality Risk and Corrective Action plan which I will get to you before this Friday.'\"",
      "Relationship Date": "04/17/17",
      "Article Title": "Metabiota Safety and Data Problems",
      "article URL": "https://usrtk.org/covid-19-origins/metabiota-safety-and-data-problems/",
      "Article URL": "https://s3.documentcloud.org/documents/21055989/understanding-risk-bat-coronavirus-emergence-grant-notice.pdf",
      "type": "Entity",
      "name": "Jonna Mazet"
    },
    {
      "id": "M7NDMWVL6C3KA",
      "Entity Name": "U.S. Agency for International Development",
      "URL": "https://liberationnews.org/usaid-the-humanitarian-face-of-colonial-exploitation/",
      "Article Text": "\"Global Virome Project Board Member Edward Rubin states that USAID 'champions' the Global Virome Project in a fundraising pitch.\"",
      "Article Title": "Dennis Carroll Used Taxpayer Funds for Risky Private Project",
      "article URL": "https://childrenshealthdefense.org/defender/dennis-carroll-taxpayer-funds-risky-private-project/",
      "Article URL": "https://www.gao.gov/assets/gao-23-106119.pdf",
      "Entity Acronym": "USAID",
      "type": "Entity",
      "name": "U.S. Agency for International Development"
    },
    {
      "id": "M7NDMWVMWJBSA",
      "Entity Name": "Global Virome Project",
      "Article Text": "\"'Even if you could find some loophole out of the criminal statute because GVP wasn’t technically a legal entity yet, this is a fundamental conflict of interest,' said Citizens for Responsibility and Ethics in Washington chief ethics counsel Virginia Canter.\"",
      "Article Title": "Dennis Carroll Used Taxpayer Funds for Risky Private Project",
      "article URL": "https://childrenshealthdefense.org/defender/dennis-carroll-taxpayer-funds-risky-private-project/",
      "type": "Entity",
      "name": "Global Virome Project"
    },
    {
      "id": "M7NDMWWN2ZIX9",
      "Entity Name": "Key PREDICT Leaders",
      "Article Text": "\"These revelations come after other documents obtained by US Right to Know showed that USAID funds allocated to PREDICT were used to support the establishment of the Global Virome Project (GVP), a private nonprofit organization founded by key PREDICT leaders.\"",
      "Relationship Date": "09/21/21",
      "Article Title": "Metabiota Safety and Data Problems",
      "article URL": "https://usrtk.org/covid-19-origins/metabiota-safety-and-data-problems/",
      "type": "Entity",
      "name": "Key PREDICT Leaders"
    },
    {
      "id": "M7NDMWWSIWQB3",
      "Entity Name": "Zoonotic Viruses",
      "Article Text": "\"GVP's website says it emerged from a 2016 forum attended by Carroll and others that aimed to 'identify and characterize, within a decade, 99% of all zoonotic viruses with epidemic/pandemic potential.'\"",
      "Relationship Date": "2016",
      "Article Title": "Double-dipping ex-USAID pandemic official sent taxpayer money to his own virus-hunting group",
      "article URL": "https://justthenews.com/government/federal-agencies/double-dipping-ex-usaid-pandemic-official-sent-taxpayer-money-his",
      "type": "Entity",
      "name": "Zoonotic Viruses"
    },
    {
      "id": "M7NDNMI3I5S70",
      "Entity Name": "Dennis Carroll",
      "Article Text": "\"'There’s numerous conflict of interest laws that should be investigated here to ensure that Carroll didn’t violate the laws on the books,' said Scott Amey, general counsel for the Project on Government Oversight, a government watchdog group.\"",
      "Article Title": "Dennis Carroll Used Taxpayer Funds for Risky Private Project",
      "article URL": "https://childrenshealthdefense.org/defender/dennis-carroll-taxpayer-funds-risky-private-project/",
      "type": "Entity",
      "name": "Dennis Carroll"
    },
    {
      "id": "M7UDX5VEKEALU",
      "Entity Name": "HealthMap",
      "type": "Entity",
      "name": "HealthMap"
    },
    {
      "id": "M7UDX5VE8BPE0",
      "Entity Name": "PREDICT",
      "Article Text": "\"While at USAID, Dennis Carroll oversaw a federal program called PREDICT, from which funds were used to launch another organization called the Global Virome Project.\"",
      "Article Title": "Virome Violation: In Pursuing Science, USAID Official May Have Violated Law",
      "article URL": "https://disinformationchronicle.substack.com/p/virome-violation-in-pursuing-science",
      "type": "Entity",
      "name": "PREDICT"
    },
    {
      "id": "M7UDX5VE701P2",
      "Entity Name": "ProMED",
      "type": "Entity",
      "name": "ProMED"
    },
    {
      "id": "M7UDX5VEGPSBV",
      "Entity Name": "University of California-Davis",
      "Article Text": "\"an assistant at UC Davis emailed a USAID official and asked to fund Metabiota’s Eddy Rubin with PREDICT money so that Rubin could discuss the GVP in China.\"",
      "Article Title": "Virome Violation: In Pursuing Science, USAID Official May Have Violated Law",
      "article URL": "https://disinformationchronicle.substack.com/p/virome-violation-in-pursuing-science",
      "type": "Entity",
      "name": "University of California-Davis"
    },
    {
      "id": "M7UDX5VL0M7N8",
      "Entity Name": "Meeting Minutes",
      "Article Text": "\"PREDICT shared the minutes of a meeting where they discussed a 'GVP Business Plan.'\"",
      "Article Title": "Virome Violation: In Pursuing Science, USAID Official May Have Violated Law",
      "article URL": "https://disinformationchronicle.substack.com/p/virome-violation-in-pursuing-science",
      "type": "Entity",
      "name": "Meeting Minutes"
    }
  ],
  "links": [
    {
      "sourceId": "M7NDMWVIZ3WIN",
      "targetId": "M7NDMWVIJWSG1"
    },
    {
      "sourceId": "M7NDMWWE8DFZR",
      "targetId": "M7NDMWWN2ZIX9",
      "Article Text": "\"These revelations come after other documents obtained by US Right to Know showed that USAID funds allocated to PREDICT were used to support the establishment of the Global Virome Project (GVP), a private nonprofit organization founded by key PREDICT leaders.\"",
      "Modifier Relationship": "Founded by",
      "Relationship Date": "09/21/21",
      "Article Title": "Metabiota Safety and Data Problems",
      "article URL": "https://usrtk.org/covid-19-origins/metabiota-safety-and-data-problems/"
    },
    {
      "sourceId": "M7NDMWVMWJBSA",
      "targetId": "M7NDMWWE8DFZR",
      "Article Text": "\"These revelations come after other documents obtained by US Right to Know showed that USAID funds allocated to PREDICT were used to support the establishment of the Global Virome Project (GVP), a private nonprofit organization founded by key PREDICT leaders.\"",
      "Relationship Date": "09/21/21",
      "Article Title": "Metabiota Safety and Data Problems",
      "article URL": "https://usrtk.org/covid-19-origins/metabiota-safety-and-data-problems/",
      "Relationship Summary": "Global Virome Project saw initiative involvement by University of California, founded by key PREDICT leaders."
    },
    {
      "sourceId": "M7UDX5VK4EMUX",
      "targetId": "M7NDMWVL6C3KA",
      "Article Text": "\"As part of its investigation of 'potentially dangerous viral research funded through taxpayer dollars,' public health watchdog U.S. Right to Know (USRTK) posted documents obtained through federal and California public records laws suggesting that Carroll played a crucial role in the private Global Virome Project (GVP) while he was on USAID's payroll.\"",
      "Modifier Relationship": "Employed by",
      "Article Title": "Double-dipping ex-USAID pandemic official sent taxpayer money to his own virus-hunting group",
      "article URL": "https://justthenews.com/government/federal-agencies/double-dipping-ex-usaid-pandemic-official-sent-taxpayer-money-his"
    },
    {
      "sourceId": "M7UDX5VKYHLF6",
      "targetId": "M7NDMWVL6C3KA",
      "Article Text": "\"Carroll even used his USAID email address in December 2018 to suggest himself and others as board members for GVP, which was formally incorporated after he left the agency.\"",
      "Modifier Relationship": "Incorporated after",
      "Relationship Date": "December 2018",
      "Article Title": "Double-dipping ex-USAID pandemic official sent taxpayer money to his own virus-hunting group",
      "article URL": "https://justthenews.com/government/federal-agencies/double-dipping-ex-usaid-pandemic-official-sent-taxpayer-money-his"
    },
    {
      "sourceId": "M7UDX5VK5DVOE",
      "targetId": "M7NDMWVL6C3KA",
      "Article Text": "\"They also show Cara Chrisman, USAID deputy division chief for emerging threats, regularly involved in GVP activities.\"",
      "Modifier Relationship": "Served as",
      "Article Title": "Double-dipping ex-USAID pandemic official sent taxpayer money to his own virus-hunting group",
      "article URL": "https://justthenews.com/government/federal-agencies/double-dipping-ex-usaid-pandemic-official-sent-taxpayer-money-his"
    },
    {
      "sourceId": "M7UDX5VKNC56M",
      "targetId": "M7NDMWWSIWQB3",
      "Article Text": "\"GVP's website says it emerged from a 2016 forum attended by Carroll and others that aimed to 'identify and characterize, within a decade, 99% of all zoonotic viruses with epidemic/pandemic potential.'\"",
      "Modifier Relationship": "Aimed to",
      "Relationship Date": "2016",
      "Article Title": "Double-dipping ex-USAID pandemic official sent taxpayer money to his own virus-hunting group",
      "article URL": "https://justthenews.com/government/federal-agencies/double-dipping-ex-usaid-pandemic-official-sent-taxpayer-money-his"
    },
    {
      "sourceId": "M7UDX5VK2MKR6",
      "targetId": "M7NDMWVMWJBSA",
      "Article Text": "\"As part of its investigation of 'potentially dangerous viral research funded through taxpayer dollars,' public health watchdog U.S. Right to Know (USRTK) posted documents obtained through federal and California public records laws suggesting that Carroll played a crucial role in the private Global Virome Project (GVP) while he was on USAID's payroll.\"",
      "Modifier Relationship": "Suggesting",
      "Article Title": "Double-dipping ex-USAID pandemic official sent taxpayer money to his own virus-hunting group",
      "article URL": "https://justthenews.com/government/federal-agencies/double-dipping-ex-usaid-pandemic-official-sent-taxpayer-money-his"
    },
    {
      "sourceId": "M7UDX5VKJRPCC",
      "targetId": "M7NDNMI3I5S70",
      "Article Text": "\"As part of its investigation of 'potentially dangerous viral research funded through taxpayer dollars,' public health watchdog U.S. Right to Know (USRTK) posted documents obtained through federal and California public records laws suggesting that Carroll played a crucial role in the private Global Virome Project (GVP) while he was on USAID's payroll.\"",
      "Modifier Relationship": "Played a role",
      "Article Title": "Double-dipping ex-USAID pandemic official sent taxpayer money to his own virus-hunting group",
      "article URL": "https://justthenews.com/government/federal-agencies/double-dipping-ex-usaid-pandemic-official-sent-taxpayer-money-his"
    },
    {
      "sourceId": "M7UDX5VKU4EXE",
      "targetId": "M7NDMWVMWJBSA",
      "Article Text": "\"Global Virome Project’s list of board members includes Peter Daszak of the EcoHealth Alliance, Jonna Mazet of UC Davis, Oyewale Tomori of Nigeria, and Edward 'Eddy' Rubin of Metabiota.\"",
      "Modifier Relationship": "Involved with",
      "Article Title": "Virome Violation: In Pursuing Science, USAID Official May Have Violated Law",
      "article URL": "https://disinformationchronicle.substack.com/p/virome-violation-in-pursuing-science"
    },
    {
      "sourceId": "M7UDX5VKMPKCT",
      "targetId": "M7NDMWVMWJBSA",
      "Article Text": "\"Global Virome Project’s list of board members includes Peter Daszak of the EcoHealth Alliance, Jonna Mazet of UC Davis, Oyewale Tomori of Nigeria, and Edward 'Eddy' Rubin of Metabiota.\"",
      "Modifier Relationship": "Served on",
      "Article Title": "Virome Violation: In Pursuing Science, USAID Official May Have Violated Law",
      "article URL": "https://disinformationchronicle.substack.com/p/virome-violation-in-pursuing-science"
    },
    {
      "sourceId": "M7UDX5VK147O1",
      "targetId": "M7UDX5VL0M7N8",
      "Article Text": "\"PREDICT shared the minutes of a meeting where they discussed a 'GVP Business Plan.'\"",
      "Modifier Relationship": "Shared",
      "Article Title": "Virome Violation: In Pursuing Science, USAID Official May Have Violated Law",
      "article URL": "https://disinformationchronicle.substack.com/p/virome-violation-in-pursuing-science"
    },
    {
      "sourceId": "M7UDX5VKM2B0T",
      "targetId": "M7UDX5VE8BPE0",
      "Article Text": "\"While at USAID, Dennis Carroll oversaw a federal program called PREDICT, from which funds were used to launch another organization called the Global Virome Project.\"",
      "Modifier Relationship": "Oversaw",
      "Article Title": "Virome Violation: In Pursuing Science, USAID Official May Have Violated Law",
      "article URL": "https://disinformationchronicle.substack.com/p/virome-violation-in-pursuing-science"
    },
    {
      "sourceId": "M7UDX5VKBPBN4",
      "targetId": "M7NDMWVMWJBSA",
      "Article Text": "\"The reporter with STAT also interviewed UC Davis’s Jonna Mazet who is a key player in an ambitious endeavor called the Global Virome Project, which has proposed cataloguing nearly all of the unknown viruses lurking in nature around the world.\"",
      "Modifier Relationship": "Involved with",
      "Article Title": "Virome Violation: In Pursuing Science, USAID Official May Have Violated Law",
      "article URL": "https://disinformationchronicle.substack.com/p/virome-violation-in-pursuing-science"
    },
    {
      "sourceId": "M7UDX5VKXDJRI",
      "targetId": "M7NDMWVMWJBSA",
      "Article Text": "\"USAID — a federal agency that typically provides foreign aid — funded a $210 million government program that Carroll designed and oversaw for 10 years called 'PREDICT' that served as the 'proof of concept' for the Global Virome Project.\"",
      "Modifier Relationship": "Served as proof for",
      "Article Title": "Dennis Carroll Used Taxpayer Funds for Risky Private Project",
      "article URL": "https://childrenshealthdefense.org/defender/dennis-carroll-taxpayer-funds-risky-private-project/"
    },
    {
      "sourceId": "M7UDX5VKNASZY",
      "targetId": "M7NDMWVIZ3WIN",
      "Article Text": "\"One prominent member of the WHO team is zoologist Peter Daszak.\"",
      "Relationship Summary": "Daszak is a member of EcoHealth Alliance.",
      "Relationship": "Member",
      "Article URL": "https://www.wsj.com/articles/who-are-the-covid-investigators-11613401955"
    },
    {
      "sourceId": "M7NDMWVIJWSG1",
      "targetId": "M7UDX5VKNASZY",
      "Article Text": "\"One prominent member of the WHO team is zoologist Peter Daszak.\"",
      "Relationship Summary": "Daszak is a member of EcoHealth Alliance.",
      "Relationship": "Member",
      "Article URL": "https://www.wsj.com/articles/who-are-the-covid-investigators-11613401955"
    },
    {
      "sourceId": "M7UDX5VK4EMUX",
      "targetId": "M7NDMWVMWJBSA",
      "Article Text": "\"As part of its investigation of 'potentially dangerous viral research funded through taxpayer dollars,' public health watchdog U.S. Right to Know (USRTK) posted documents obtained through federal and California public records laws suggesting that Carroll played a crucial role in the private Global Virome Project (GVP) while he was on USAID's payroll.\"",
      "Article Title": "Double-dipping ex-USAID pandemic official sent taxpayer money to his own virus-hunting group",
      "article URL": "https://justthenews.com/government/federal-agencies/double-dipping-ex-usaid-pandemic-official-sent-taxpayer-money-his",
      "Relationship Summary": "Dennis Carroll played a crucial role in founding the Global Virome Project while at USAID."
    },
    {
      "sourceId": "M7NDNMI3I5S70",
      "targetId": "M7UDX5VK4EMUX",
      "Article Text": "\"As part of its investigation of 'potentially dangerous viral research funded through taxpayer dollars,' public health watchdog U.S. Right to Know (USRTK) posted documents obtained through federal and California public records laws suggesting that Carroll played a crucial role in the private Global Virome Project (GVP) while he was on USAID's payroll.\"",
      "Article Title": "Double-dipping ex-USAID pandemic official sent taxpayer money to his own virus-hunting group",
      "article URL": "https://justthenews.com/government/federal-agencies/double-dipping-ex-usaid-pandemic-official-sent-taxpayer-money-his",
      "Relationship Summary": "Dennis Carroll played a crucial role in founding the Global Virome Project while at USAID."
    },
    {
      "sourceId": "M7UDX5VKYHLF6",
      "targetId": "M7NDMWVMWJBSA",
      "Article Text": "\"Carroll even used his USAID email address in December 2018 to suggest himself and others as board members for GVP, which was formally incorporated after he left the agency.\"",
      "Relationship Date": "December 2018",
      "Article Title": "Double-dipping ex-USAID pandemic official sent taxpayer money to his own virus-hunting group",
      "article URL": "https://justthenews.com/government/federal-agencies/double-dipping-ex-usaid-pandemic-official-sent-taxpayer-money-his",
      "Relationship Summary": "Dennis Carroll suggested himself and others as board members for the Global Virome Project."
    },
    {
      "sourceId": "M7NDNMI3I5S70",
      "targetId": "M7UDX5VKYHLF6",
      "Article Text": "\"Carroll even used his USAID email address in December 2018 to suggest himself and others as board members for GVP, which was formally incorporated after he left the agency.\"",
      "Relationship Date": "December 2018",
      "Article Title": "Double-dipping ex-USAID pandemic official sent taxpayer money to his own virus-hunting group",
      "article URL": "https://justthenews.com/government/federal-agencies/double-dipping-ex-usaid-pandemic-official-sent-taxpayer-money-his",
      "Relationship Summary": "Dennis Carroll suggested himself and others as board members for the Global Virome Project."
    },
    {
      "sourceId": "M7UDX5VK5DVOE",
      "targetId": "M7NDMWVMWJBSA",
      "Article Text": "\"They also show Cara Chrisman, USAID deputy division chief for emerging threats, regularly involved in GVP activities.\"",
      "Article Title": "Double-dipping ex-USAID pandemic official sent taxpayer money to his own virus-hunting group",
      "article URL": "https://justthenews.com/government/federal-agencies/double-dipping-ex-usaid-pandemic-official-sent-taxpayer-money-his",
      "Relationship Summary": "Cara Chrisman was regularly involved in the activities of the Global Virome Project."
    },
    {
      "sourceId": "M7UDX5VKNC56M",
      "targetId": "M7NDNMI3I5S70",
      "Article Text": "\"GVP's website says it emerged from a 2016 forum attended by Carroll and others that aimed to 'identify and characterize, within a decade, 99% of all zoonotic viruses with epidemic/pandemic potential.'\"",
      "Relationship Date": "2016",
      "Article Title": "Double-dipping ex-USAID pandemic official sent taxpayer money to his own virus-hunting group",
      "article URL": "https://justthenews.com/government/federal-agencies/double-dipping-ex-usaid-pandemic-official-sent-taxpayer-money-his",
      "Relationship Summary": "The Global Virome Project emerged from a forum attended by Dennis Carroll."
    },
    {
      "sourceId": "M7NDMWVMWJBSA",
      "targetId": "M7UDX5VKNC56M",
      "Article Text": "\"GVP's website says it emerged from a 2016 forum attended by Carroll and others that aimed to 'identify and characterize, within a decade, 99% of all zoonotic viruses with epidemic/pandemic potential.'\"",
      "Relationship Date": "2016",
      "Article Title": "Double-dipping ex-USAID pandemic official sent taxpayer money to his own virus-hunting group",
      "article URL": "https://justthenews.com/government/federal-agencies/double-dipping-ex-usaid-pandemic-official-sent-taxpayer-money-his",
      "Relationship Summary": "The Global Virome Project emerged from a forum attended by Dennis Carroll."
    },
    {
      "sourceId": "M7UDX5VK2MKR6",
      "targetId": "M7NDNMI3I5S70",
      "Article Text": "\"As part of its investigation of 'potentially dangerous viral research funded through taxpayer dollars,' public health watchdog U.S. Right to Know (USRTK) posted documents obtained through federal and California public records laws suggesting that Carroll played a crucial role in the private Global Virome Project (GVP) while he was on USAID's payroll.\"",
      "Article Title": "Double-dipping ex-USAID pandemic official sent taxpayer money to his own virus-hunting group",
      "article URL": "https://justthenews.com/government/federal-agencies/double-dipping-ex-usaid-pandemic-official-sent-taxpayer-money-his",
      "Relationship Summary": "U.S. Right to Know investigated Dennis Carroll’s role in the Global Virome Project while at USAID."
    },
    {
      "sourceId": "M7UDX5VKJRPCC",
      "targetId": "M7NDMWVMWJBSA",
      "Article Text": "\"As part of its investigation of 'potentially dangerous viral research funded through taxpayer dollars,' public health watchdog U.S. Right to Know (USRTK) posted documents obtained through federal and California public records laws suggesting that Carroll played a crucial role in the private Global Virome Project (GVP) while he was on USAID's payroll.\"",
      "Article Title": "Double-dipping ex-USAID pandemic official sent taxpayer money to his own virus-hunting group",
      "article URL": "https://justthenews.com/government/federal-agencies/double-dipping-ex-usaid-pandemic-official-sent-taxpayer-money-his",
      "Relationship Summary": "U.S. Right to Know investigated the Global Virome Project’s ties to USAID funding."
    },
    {
      "sourceId": "M7UDX5VK2QSLZ",
      "targetId": "M7NDMWVMWJBSA",
      "Article Text": "\"After leaving USAID, Carroll then became chair of the Global Virome Project’s board.\"",
      "Article Title": "Virome Violation: In Pursuing Science, USAID Official May Have Violated Law",
      "article URL": "https://disinformationchronicle.substack.com/p/virome-violation-in-pursuing-science",
      "Relationship Summary": "Dennis Carroll became chair of the Global Virome Project’s board after leaving USAID."
    },
    {
      "sourceId": "M7NDNMI3I5S70",
      "targetId": "M7UDX5VK2QSLZ",
      "Article Text": "\"After leaving USAID, Carroll then became chair of the Global Virome Project’s board.\"",
      "Article Title": "Virome Violation: In Pursuing Science, USAID Official May Have Violated Law",
      "article URL": "https://disinformationchronicle.substack.com/p/virome-violation-in-pursuing-science",
      "Relationship Summary": "Dennis Carroll became chair of the Global Virome Project’s board after leaving USAID."
    },
    {
      "sourceId": "M7UDX5VK7GLPA",
      "targetId": "M7NDMWVMWJBSA",
      "Article Text": "\"The idea has been around for a while and is supported by individual scientists and organizations including the US Agency for International Development, the nonprofit EcoHealth Alliance, HealthMap, ProMED, and the epidemic risk firm Metabiota.\"",
      "Article Title": "Virome Violation: In Pursuing Science, USAID Official May Have Violated Law",
      "article URL": "https://disinformationchronicle.substack.com/p/virome-violation-in-pursuing-science",
      "Relationship Summary": "EcoHealth Alliance supported the idea of the Global Virome Project."
    },
    {
      "sourceId": "M7NDMWVIZ3WIN",
      "targetId": "M7UDX5VK7GLPA",
      "Article Text": "\"The idea has been around for a while and is supported by individual scientists and organizations including the US Agency for International Development, the nonprofit EcoHealth Alliance, HealthMap, ProMED, and the epidemic risk firm Metabiota.\"",
      "Article Title": "Virome Violation: In Pursuing Science, USAID Official May Have Violated Law",
      "article URL": "https://disinformationchronicle.substack.com/p/virome-violation-in-pursuing-science",
      "Relationship Summary": "EcoHealth Alliance supported the idea of the Global Virome Project."
    },
    {
      "sourceId": "M7UDX5VKU4EXE",
      "targetId": "M7NDMWVJY4A78",
      "Article Text": "\"Global Virome Project’s list of board members includes Peter Daszak of the EcoHealth Alliance, Jonna Mazet of UC Davis, Oyewale Tomori of Nigeria, and Edward 'Eddy' Rubin of Metabiota.\"",
      "Article Title": "Virome Violation: In Pursuing Science, USAID Official May Have Violated Law",
      "article URL": "https://disinformationchronicle.substack.com/p/virome-violation-in-pursuing-science",
      "Relationship Summary": "Edward “Eddy” Rubin was employed by Metabiota and involved with GVP."
    },
    {
      "sourceId": "M7UDX5VKM11QE",
      "targetId": "M7NDMWVMWJBSA",
      "Article Text": "\"The idea has been around for a while and is supported by individual scientists and organizations including the US Agency for International Development, the nonprofit EcoHealth Alliance, HealthMap, ProMED, and the epidemic risk firm Metabiota.\"",
      "Article Title": "Virome Violation: In Pursuing Science, USAID Official May Have Violated Law",
      "article URL": "https://disinformationchronicle.substack.com/p/virome-violation-in-pursuing-science",
      "Relationship Summary": "HealthMap supported the idea of the Global Virome Project."
    },
    {
      "sourceId": "M7UDX5VEKEALU",
      "targetId": "M7UDX5VKM11QE",
      "Article Text": "\"The idea has been around for a while and is supported by individual scientists and organizations including the US Agency for International Development, the nonprofit EcoHealth Alliance, HealthMap, ProMED, and the epidemic risk firm Metabiota.\"",
      "Article Title": "Virome Violation: In Pursuing Science, USAID Official May Have Violated Law",
      "article URL": "https://disinformationchronicle.substack.com/p/virome-violation-in-pursuing-science",
      "Relationship Summary": "HealthMap supported the idea of the Global Virome Project."
    },
    {
      "sourceId": "M7UDX5VKQR0CO",
      "targetId": "M7NDMWVMWJBSA",
      "Article Text": "\"The idea has been around for a while and is supported by individual scientists and organizations including the US Agency for International Development, the nonprofit EcoHealth Alliance, HealthMap, ProMED, and the epidemic risk firm Metabiota.\"",
      "Article Title": "Virome Violation: In Pursuing Science, USAID Official May Have Violated Law",
      "article URL": "https://disinformationchronicle.substack.com/p/virome-violation-in-pursuing-science",
      "Relationship Summary": "Metabiota supported the idea of the Global Virome Project."
    },
    {
      "sourceId": "M7NDMWVJY4A78",
      "targetId": "M7UDX5VKQR0CO",
      "Article Text": "\"The idea has been around for a while and is supported by individual scientists and organizations including the US Agency for International Development, the nonprofit EcoHealth Alliance, HealthMap, ProMED, and the epidemic risk firm Metabiota.\"",
      "Article Title": "Virome Violation: In Pursuing Science, USAID Official May Have Violated Law",
      "article URL": "https://disinformationchronicle.substack.com/p/virome-violation-in-pursuing-science",
      "Relationship Summary": "Metabiota supported the idea of the Global Virome Project."
    },
    {
      "sourceId": "M7UDX5VKMPKCT",
      "targetId": "M7NDMWVIZ3WIN",
      "Article Text": "\"Global Virome Project’s list of board members includes Peter Daszak of the EcoHealth Alliance, Jonna Mazet of UC Davis, Oyewale Tomori of Nigeria, and Edward 'Eddy' Rubin of Metabiota.\"",
      "Article Title": "Virome Violation: In Pursuing Science, USAID Official May Have Violated Law",
      "article URL": "https://disinformationchronicle.substack.com/p/virome-violation-in-pursuing-science",
      "Relationship Summary": "Peter Daszak was employed by EcoHealth Alliance and served on GVP’s board."
    },
    {
      "sourceId": "M7NDMWVIJWSG1",
      "targetId": "M7UDX5VKMPKCT",
      "Article Text": "\"Global Virome Project’s list of board members includes Peter Daszak of the EcoHealth Alliance, Jonna Mazet of UC Davis, Oyewale Tomori of Nigeria, and Edward 'Eddy' Rubin of Metabiota.\"",
      "Article Title": "Virome Violation: In Pursuing Science, USAID Official May Have Violated Law",
      "article URL": "https://disinformationchronicle.substack.com/p/virome-violation-in-pursuing-science",
      "Relationship Summary": "Peter Daszak was employed by EcoHealth Alliance and served on GVP’s board."
    },
    {
      "sourceId": "M7UDX5VK147O1",
      "targetId": "M7NDMWVMWJBSA",
      "Article Text": "\"PREDICT shared the minutes of a meeting where they discussed a 'GVP Business Plan.'\"",
      "Article Title": "Virome Violation: In Pursuing Science, USAID Official May Have Violated Law",
      "article URL": "https://disinformationchronicle.substack.com/p/virome-violation-in-pursuing-science",
      "Relationship Summary": "PREDICT discussed a business plan with the Global Virome Project."
    },
    {
      "sourceId": "M7UDX5VE8BPE0",
      "targetId": "M7UDX5VK147O1",
      "Article Text": "\"PREDICT shared the minutes of a meeting where they discussed a 'GVP Business Plan.'\"",
      "Article Title": "Virome Violation: In Pursuing Science, USAID Official May Have Violated Law",
      "article URL": "https://disinformationchronicle.substack.com/p/virome-violation-in-pursuing-science",
      "Relationship Summary": "PREDICT discussed a business plan with the Global Virome Project."
    },
    {
      "sourceId": "M7UDX5VKSMPBW",
      "targetId": "M7NDMWVMWJBSA",
      "Article Text": "\"The idea has been around for a while and is supported by individual scientists and organizations including the US Agency for International Development, the nonprofit EcoHealth Alliance, HealthMap, ProMED, and the epidemic risk firm Metabiota.\"",
      "Article Title": "Virome Violation: In Pursuing Science, USAID Official May Have Violated Law",
      "article URL": "https://disinformationchronicle.substack.com/p/virome-violation-in-pursuing-science",
      "Relationship Summary": "ProMED supported the idea of the Global Virome Project."
    },
    {
      "sourceId": "M7UDX5VE701P2",
      "targetId": "M7UDX5VKSMPBW",
      "Article Text": "\"The idea has been around for a while and is supported by individual scientists and organizations including the US Agency for International Development, the nonprofit EcoHealth Alliance, HealthMap, ProMED, and the epidemic risk firm Metabiota.\"",
      "Article Title": "Virome Violation: In Pursuing Science, USAID Official May Have Violated Law",
      "article URL": "https://disinformationchronicle.substack.com/p/virome-violation-in-pursuing-science",
      "Relationship Summary": "ProMED supported the idea of the Global Virome Project."
    },
    {
      "sourceId": "M7UDX5VKM2B0T",
      "targetId": "M7NDNMI3I5S70",
      "Article Text": "\"While at USAID, Dennis Carroll oversaw a federal program called PREDICT, from which funds were used to launch another organization called the Global Virome Project.\"",
      "Article Title": "Virome Violation: In Pursuing Science, USAID Official May Have Violated Law",
      "article URL": "https://disinformationchronicle.substack.com/p/virome-violation-in-pursuing-science",
      "Relationship Summary": "USAID employed Dennis Carroll who oversaw PREDICT."
    },
    {
      "sourceId": "M7NDMWVL6C3KA",
      "targetId": "M7UDX5VKM2B0T",
      "Article Text": "\"While at USAID, Dennis Carroll oversaw a federal program called PREDICT, from which funds were used to launch another organization called the Global Virome Project.\"",
      "Article Title": "Virome Violation: In Pursuing Science, USAID Official May Have Violated Law",
      "article URL": "https://disinformationchronicle.substack.com/p/virome-violation-in-pursuing-science",
      "Relationship Summary": "USAID employed Dennis Carroll who oversaw PREDICT."
    },
    {
      "sourceId": "M7UDX5VKBPBN4",
      "targetId": "M7NDMWVJ9ILLE",
      "Article Text": "\"The reporter with STAT also interviewed UC Davis’s Jonna Mazet who is a key player in an ambitious endeavor called the Global Virome Project, which has proposed cataloguing nearly all of the unknown viruses lurking in nature around the world.\"",
      "Article Title": "Virome Violation: In Pursuing Science, USAID Official May Have Violated Law",
      "article URL": "https://disinformationchronicle.substack.com/p/virome-violation-in-pursuing-science",
      "Relationship Summary": "UC Davis employed Jonna Mazet who was involved with GVP."
    },
    {
      "sourceId": "M7UDX5VEGPSBV",
      "targetId": "M7UDX5VKBPBN4",
      "Article Text": "\"The reporter with STAT also interviewed UC Davis’s Jonna Mazet who is a key player in an ambitious endeavor called the Global Virome Project, which has proposed cataloguing nearly all of the unknown viruses lurking in nature around the world.\"",
      "Article Title": "Virome Violation: In Pursuing Science, USAID Official May Have Violated Law",
      "article URL": "https://disinformationchronicle.substack.com/p/virome-violation-in-pursuing-science",
      "Relationship Summary": "UC Davis employed Jonna Mazet who was involved with GVP."
    },
    {
      "sourceId": "M7UDX5VKXDJRI",
      "targetId": "M7NDMWVL6C3KA",
      "Article Text": "\"USAID — a federal agency that typically provides foreign aid — funded a $210 million government program that Carroll designed and oversaw for 10 years called 'PREDICT' that served as the 'proof of concept' for the Global Virome Project.\"",
      "Article Title": "Dennis Carroll Used Taxpayer Funds for Risky Private Project",
      "article URL": "https://childrenshealthdefense.org/defender/dennis-carroll-taxpayer-funds-risky-private-project/",
      "Relationship Summary": "Dennis Carroll designed and oversaw the PREDICT program at USAID."
    },
    {
      "sourceId": "M7NDNMI3I5S70",
      "targetId": "M7UDX5VKXDJRI",
      "Article Text": "\"USAID — a federal agency that typically provides foreign aid — funded a $210 million government program that Carroll designed and oversaw for 10 years called 'PREDICT' that served as the 'proof of concept' for the Global Virome Project.\"",
      "Article Title": "Dennis Carroll Used Taxpayer Funds for Risky Private Project",
      "article URL": "https://childrenshealthdefense.org/defender/dennis-carroll-taxpayer-funds-risky-private-project/",
      "Relationship Summary": "Dennis Carroll designed and oversaw the PREDICT program at USAID."
    },
    {
      "sourceId": "M7UDX5VKSK3GM",
      "targetId": "M7NDMWVMWJBSA",
      "Article Text": "\"USAID — a federal agency that typically provides foreign aid — funded a $210 million government program that Carroll designed and oversaw for 10 years called 'PREDICT' that served as the 'proof of concept' for the Global Virome Project.\"",
      "Article Title": "Dennis Carroll Used Taxpayer Funds for Risky Private Project",
      "article URL": "https://childrenshealthdefense.org/defender/dennis-carroll-taxpayer-funds-risky-private-project/",
      "Relationship Summary": "USAID funded the PREDICT program, which served as a proof of concept for GVP."
    },
    {
      "sourceId": "M7NDMWVL6C3KA",
      "targetId": "M7UDX5VKSK3GM",
      "Article Text": "\"USAID — a federal agency that typically provides foreign aid — funded a $210 million government program that Carroll designed and oversaw for 10 years called 'PREDICT' that served as the 'proof of concept' for the Global Virome Project.\"",
      "Article Title": "Dennis Carroll Used Taxpayer Funds for Risky Private Project",
      "article URL": "https://childrenshealthdefense.org/defender/dennis-carroll-taxpayer-funds-risky-private-project/",
      "Relationship Summary": "USAID funded the PREDICT program, which served as a proof of concept for GVP."
    },
    {
      "sourceId": "M7UDX5VK2QSLZ",
      "targetId": "M7NDMWVL6C3KA",
      "Article Text": "\"After leaving USAID, Carroll then became chair of the Global Virome Project’s board.\"",
      "Modifier Relationship": "After leaving",
      "Article Title": "Virome Violation: In Pursuing Science, USAID Official May Have Violated Law",
      "article URL": "https://disinformationchronicle.substack.com/p/virome-violation-in-pursuing-science"
    },
    {
      "sourceId": "M7UDX5VK7GLPA",
      "targetId": "M7NDMWVL6C3KA",
      "Article Text": "\"The idea has been around for a while and is supported by individual scientists and organizations including the US Agency for International Development, the nonprofit EcoHealth Alliance, HealthMap, ProMED, and the epidemic risk firm Metabiota.\"",
      "Modifier Relationship": "Including",
      "Article Title": "Virome Violation: In Pursuing Science, USAID Official May Have Violated Law",
      "article URL": "https://disinformationchronicle.substack.com/p/virome-violation-in-pursuing-science"
    },
    {
      "sourceId": "M7UDX5VKM11QE",
      "targetId": "M7NDMWVL6C3KA",
      "Article Text": "\"The idea has been around for a while and is supported by individual scientists and organizations including the US Agency for International Development, the nonprofit EcoHealth Alliance, HealthMap, ProMED, and the epidemic risk firm Metabiota.\"",
      "Modifier Relationship": "Including",
      "Article Title": "Virome Violation: In Pursuing Science, USAID Official May Have Violated Law",
      "article URL": "https://disinformationchronicle.substack.com/p/virome-violation-in-pursuing-science"
    },
    {
      "sourceId": "M7UDX5VKQR0CO",
      "targetId": "M7NDMWVL6C3KA",
      "Article Text": "\"The idea has been around for a while and is supported by individual scientists and organizations including the US Agency for International Development, the nonprofit EcoHealth Alliance, HealthMap, ProMED, and the epidemic risk firm Metabiota.\"",
      "Modifier Relationship": "Including",
      "Article Title": "Virome Violation: In Pursuing Science, USAID Official May Have Violated Law",
      "article URL": "https://disinformationchronicle.substack.com/p/virome-violation-in-pursuing-science"
    },
    {
      "sourceId": "M7UDX5VKSMPBW",
      "targetId": "M7NDMWVL6C3KA",
      "Article Text": "\"The idea has been around for a while and is supported by individual scientists and organizations including the US Agency for International Development, the nonprofit EcoHealth Alliance, HealthMap, ProMED, and the epidemic risk firm Metabiota.\"",
      "Modifier Relationship": "Including",
      "Article Title": "Virome Violation: In Pursuing Science, USAID Official May Have Violated Law",
      "article URL": "https://disinformationchronicle.substack.com/p/virome-violation-in-pursuing-science"
    }
  ]
}