{
  "nodes": [
    {
      "id": "M7NDMWVPGS4S6",
      "Entity Name": "World Health Organization",
      "Article Text": "\"The HRP, which is cosponsored by the WHO, the UN Development Program, the UNFPA, and the World Bank...\"",
      "Article Title": "Reproductive Rights and Wrongs: The Global Politics of Population Control",
      "article URL": "https://www.amazon.com/Reproductive-Rights-Wrongs-Politics-Population/dp/1608467352",
      "Article URL": "https://www.wsj.com/articles/who-are-the-covid-investigators1271499942",
      "Entity Acronym": "WHO",
      "type": "Entity",
      "name": "World Health Organization"
    },
    {
      "id": "M7W6R1ONHY543",
      "Entity Name": "Gavi",
      "Article Text": "\"It was the setting for negotiations and agreements that make it easier for people suffering from HIV/AIDS and other devastating, deadly afflictions to access better vaccines and drugs, more efficiently, in more places.\"",
      "Article Title": "Bellagio Center History Consolidated",
      "article URL": "https://www.rockefellerfoundation.org/wp-content/uploads/Bellagio-Center-History-Consolidated.pdf",
      "type": "Entity",
      "name": "Gavi"
    },
    {
      "id": "M7W6R1ON4J762",
      "Entity Name": "Bellagio Center",
      "Article Text": "\"The Global Alliance for Vaccines and Immunization (now known as Gavi, the Vaccine Alliance) was created at Bellagio in March 1999.\"",
      "Relationship Date": "March 1999",
      "Article Title": "Gavi, the Vaccine Alliance",
      "article URL": "https://www.rockefellerfoundation.org/bellagio-bulletin/from-the-archives/gavi-the-vaccine-alliance/",
      "type": "Entity",
      "name": "Bellagio Center"
    },
    {
      "id": "M7W6R1ONXNBST",
      "Entity Name": "International AIDS Vaccine Initiative",
      "type": "Entity",
      "name": "International AIDS Vaccine Initiative"
    },
    {
      "id": "M7W6R1OSOJSPG",
      "Entity Name": "International Participants",
      "Article Text": "\"The Bellagio conference hosted 34 international participants from the Americas, Asia, and Europe.\"",
      "Relationship Date": "March 1999",
      "Article Title": "Gavi, the Vaccine Alliance",
      "article URL": "https://www.rockefellerfoundation.org/bellagio-bulletin/from-the-archives/gavi-the-vaccine-alliance/",
      "type": "Entity",
      "name": "International Participants"
    },
    {
      "id": "M7W6R1OSJK881",
      "Entity Name": "Poorest Countries",
      "Article Text": "\"This gives the organization the power to negotiate vaccines at prices that are affordable for the poorest countries and to remove the commercial risks that previously kept manufacturers from serving them.\"",
      "Article Title": "Gavi, the Vaccine Alliance",
      "article URL": "https://www.rockefellerfoundation.org/bellagio-bulletin/from-the-archives/gavi-the-vaccine-alliance/",
      "type": "Entity",
      "name": "Poorest Countries"
    },
    {
      "id": "M7W6R1OTKG5EY",
      "Entity Name": "IAVI",
      "Article Text": "\"In turn, the Children’s Vaccine Initiative provided a model for public-private vaccine development that would influence IAVI (the International AIDS Vaccine Initiative).\"",
      "Relationship Date": "September 1990",
      "Article Title": "Gavi, the Vaccine Alliance",
      "article URL": "https://www.rockefellerfoundation.org/bellagio-bulletin/from-the-archives/gavi-the-vaccine-alliance/",
      "type": "Entity",
      "name": "IAVI"
    },
    {
      "id": "M7W6R1OTXOI9Q",
      "Entity Name": "34 Participants",
      "Article Text": "\"The 34 participants present at that Bellagio conference in 1999 established a Proto-Board for Gavi.\"",
      "Relationship Date": "1999",
      "Article Title": "Gavi, the Vaccine Alliance",
      "article URL": "https://www.rockefellerfoundation.org/bellagio-bulletin/from-the-archives/gavi-the-vaccine-alliance/",
      "type": "Entity",
      "name": "34 Participants"
    },
    {
      "id": "M7W6R1OSGI2CG",
      "Relationship Summary": "The Rockefeller Foundation created Gavi at Bellagio",
      "Article Text": "\"The Global Alliance for Vaccines and Immunization (now known as Gavi, the Vaccine Alliance) was created at Bellagio in March 1999.\"",
      "Relationship NAME": "Hosted",
      "Relationship Date": "March 1999",
      "article URL": "https://www.rockefellerfoundation.org/bellagio-bulletin/from-the-archives/gavi-the-vaccine-alliance/",
      "type": "Relationship",
      "name": "The Rockefeller Foundation created Gavi at Bellagio"
    },
    {
      "id": "M7W6R1OSHR0LY",
      "Relationship Summary": "The Rockefeller Foundation hosted the Gavi conference",
      "Article Text": "\"The Bellagio conference hosted 34 international participants from the Americas, Asia, and Europe.\"",
      "Relationship NAME": "Included",
      "Relationship Date": "March 1999",
      "article URL": "https://www.rockefellerfoundation.org/bellagio-bulletin/from-the-archives/gavi-the-vaccine-alliance/",
      "type": "Relationship",
      "name": "The Rockefeller Foundation hosted the Gavi conference"
    },
    {
      "id": "M7W6R1OSJHZYF",
      "Relationship Summary": "The Rockefeller Foundation was involved in vaccine research leading to Gavi",
      "Article Text": "\"The initiative that led to Gavi represented a new direction in vaccine development, but The Rockefeller Foundation had been involved in research on vaccine development since the 1980s.\"",
      "Relationship NAME": "Resulted in",
      "Relationship Date": "1980s",
      "article URL": "https://www.rockefellerfoundation.org/bellagio-bulletin/from-the-archives/gavi-the-vaccine-alliance/",
      "type": "Relationship",
      "name": "The Rockefeller Foundation was involved in vaccine research leading to Gavi"
    },
    {
      "id": "M7W6R1OSZEXF7",
      "Relationship Summary": "The Rockefeller Foundation established the Children’s Vaccine Initiative aiding Gavi",
      "Article Text": "\"For instance, in 1983, The Rockefeller Foundation established an ongoing commitment to the Children’s Vaccine Initiative (CVI).\"",
      "Relationship NAME": "Contributed to",
      "Relationship Date": "1983",
      "article URL": "https://www.rockefellerfoundation.org/bellagio-bulletin/from-the-archives/gavi-the-vaccine-alliance/",
      "type": "Relationship",
      "name": "The Rockefeller Foundation established the Children’s Vaccine Initiative aiding Gavi"
    },
    {
      "id": "M7W6R1OSBCR8E",
      "Relationship Summary": "Gavi vaccinates children with support from WHO",
      "Article Text": "\"Gavi now vaccinates almost half of the world’s children.\"",
      "Relationship NAME": "In collaboration with",
      "article URL": "https://www.rockefellerfoundation.org/bellagio-bulletin/from-the-archives/gavi-the-vaccine-alliance/",
      "type": "Relationship",
      "name": "Gavi vaccinates children with support from WHO"
    },
    {
      "id": "M7W6R1OSE4P06",
      "Relationship Summary": "Gavi negotiates vaccines in collaboration with UNICEF",
      "Article Text": "\"This gives the organization the power to negotiate vaccines at prices that are affordable for the poorest countries and to remove the commercial risks that previously kept manufacturers from serving them.\"",
      "Relationship NAME": "Benefits",
      "article URL": "https://www.rockefellerfoundation.org/bellagio-bulletin/from-the-archives/gavi-the-vaccine-alliance/",
      "type": "Relationship",
      "name": "Gavi negotiates vaccines in collaboration with UNICEF"
    },
    {
      "id": "M7W6R1OSC87FH",
      "Relationship Summary": "Bellagio Center hosted the Gavi creation conference",
      "Article Text": "\"The Global Alliance for Vaccines and Immunization (now known as Gavi, the Vaccine Alliance) was created at Bellagio in March 1999.\"",
      "Relationship NAME": "Organized by",
      "Relationship Date": "March 1999",
      "article URL": "https://www.rockefellerfoundation.org/bellagio-bulletin/from-the-archives/gavi-the-vaccine-alliance/",
      "type": "Relationship",
      "name": "Bellagio Center hosted the Gavi creation conference"
    },
    {
      "id": "M7W6R1OS4DYOQ",
      "Relationship Summary": "Gavi provided a model for IAVI’s public-private partnership",
      "Article Text": "\"In turn, the Children’s Vaccine Initiative provided a model for public-private vaccine development that would influence IAVI (the International AIDS Vaccine Initiative).\"",
      "Relationship NAME": "Influenced",
      "Relationship Date": "September 1990",
      "article URL": "https://www.rockefellerfoundation.org/bellagio-bulletin/from-the-archives/gavi-the-vaccine-alliance/",
      "type": "Relationship",
      "name": "Gavi provided a model for IAVI’s public-private partnership"
    },
    {
      "id": "M7W6R1OS4K34H",
      "Relationship Summary": "The Rockefeller Foundation established the Proto-Board for Gavi",
      "Article Text": "\"The 34 participants present at that Bellagio conference in 1999 established a Proto-Board for Gavi.\"",
      "Relationship NAME": "Included",
      "Relationship Date": "1999",
      "article URL": "https://www.rockefellerfoundation.org/bellagio-bulletin/from-the-archives/gavi-the-vaccine-alliance/",
      "type": "Relationship",
      "name": "The Rockefeller Foundation established the Proto-Board for Gavi"
    },
    {
      "id": "M7W6R1OS5DHZ3",
      "Relationship Summary": "The Rockefeller Foundation operates the Bellagio Center",
      "Article Text": "\"The Rockefeller Foundation’s proud history with the Bellagio Center began in 1959,\"",
      "Relationship NAME": "Began with",
      "Relationship Date": "1959",
      "article URL": "https://www.rockefellerfoundation.org/wp-content/uploads/Bellagio-Center-History-Consolidated.pdf",
      "type": "Relationship",
      "name": "The Rockefeller Foundation operates the Bellagio Center"
    },
    {
      "id": "M7W6R1OSHZHQN",
      "Relationship Summary": "Bellagio Center hosted efforts for vaccine access related to Gavi",
      "Article Text": "\"It was the setting for negotiations and agreements that make it easier for people suffering from HIV/AIDS and other devastating, deadly afflictions to access better vaccines and drugs, more efficiently, in more places.\"",
      "Relationship NAME": "Resulted in",
      "article URL": "https://www.rockefellerfoundation.org/wp-content/uploads/Bellagio-Center-History-Consolidated.pdf",
      "type": "Relationship",
      "name": "Bellagio Center hosted efforts for vaccine access related to Gavi"
    }
  ],
  "links": [
    {
      "sourceId": "M7W6R1OSGI2CG",
      "targetId": "M7W6R1ON4J762",
      "Article Text": "\"The Global Alliance for Vaccines and Immunization (now known as Gavi, the Vaccine Alliance) was created at Bellagio in March 1999.\"",
      "Modifier Relationship": "Hosted",
      "Relationship Date": "March 1999",
      "Article Title": "Gavi, the Vaccine Alliance",
      "article URL": "https://www.rockefellerfoundation.org/bellagio-bulletin/from-the-archives/gavi-the-vaccine-alliance/"
    },
    {
      "sourceId": "M7W6R1OSHR0LY",
      "targetId": "M7W6R1OSOJSPG",
      "Article Text": "\"The Bellagio conference hosted 34 international participants from the Americas, Asia, and Europe.\"",
      "Modifier Relationship": "Included",
      "Relationship Date": "March 1999",
      "Article Title": "Gavi, the Vaccine Alliance",
      "article URL": "https://www.rockefellerfoundation.org/bellagio-bulletin/from-the-archives/gavi-the-vaccine-alliance/"
    },
    {
      "sourceId": "M7W6R1OS4DYOQ",
      "targetId": "M7W6R1OTKG5EY",
      "Article Text": "\"In turn, the Children’s Vaccine Initiative provided a model for public-private vaccine development that would influence IAVI (the International AIDS Vaccine Initiative).\"",
      "Modifier Relationship": "Influenced",
      "Relationship Date": "September 1990",
      "Article Title": "Gavi, the Vaccine Alliance",
      "article URL": "https://www.rockefellerfoundation.org/bellagio-bulletin/from-the-archives/gavi-the-vaccine-alliance/"
    },
    {
      "sourceId": "M7W6R1OS4K34H",
      "targetId": "M7W6R1OTXOI9Q",
      "Article Text": "\"The 34 participants present at that Bellagio conference in 1999 established a Proto-Board for Gavi.\"",
      "Modifier Relationship": "Included",
      "Relationship Date": "1999",
      "Article Title": "Gavi, the Vaccine Alliance",
      "article URL": "https://www.rockefellerfoundation.org/bellagio-bulletin/from-the-archives/gavi-the-vaccine-alliance/"
    },
    {
      "sourceId": "M7W6R1OSGI2CG",
      "targetId": "M7W6R1ONHY543",
      "Article Text": "\"The Global Alliance for Vaccines and Immunization (now known as Gavi, the Vaccine Alliance) was created at Bellagio in March 1999.\"",
      "Relationship Date": "March 1999",
      "Article Title": "Gavi, the Vaccine Alliance",
      "article URL": "https://www.rockefellerfoundation.org/bellagio-bulletin/from-the-archives/gavi-the-vaccine-alliance/",
      "Relationship Summary": "The Rockefeller Foundation created Gavi at Bellagio"
    },
    {
      "sourceId": "M7W6R1OSHR0LY",
      "targetId": "M7W6R1ONHY543",
      "Article Text": "\"The Bellagio conference hosted 34 international participants from the Americas, Asia, and Europe.\"",
      "Relationship Date": "March 1999",
      "Article Title": "Gavi, the Vaccine Alliance",
      "article URL": "https://www.rockefellerfoundation.org/bellagio-bulletin/from-the-archives/gavi-the-vaccine-alliance/",
      "Relationship Summary": "The Rockefeller Foundation hosted the Gavi conference"
    },
    {
      "sourceId": "M7W6R1OSJHZYF",
      "targetId": "M7W6R1ONHY543",
      "Article Text": "\"The initiative that led to Gavi represented a new direction in vaccine development, but The Rockefeller Foundation had been involved in research on vaccine development since the 1980s.\"",
      "Relationship Date": "1980s",
      "Article Title": "Gavi, the Vaccine Alliance",
      "article URL": "https://www.rockefellerfoundation.org/bellagio-bulletin/from-the-archives/gavi-the-vaccine-alliance/",
      "Relationship Summary": "The Rockefeller Foundation was involved in vaccine research leading to Gavi"
    },
    {
      "sourceId": "M7W6R1OSZEXF7",
      "targetId": "M7W6R1ONHY543",
      "Article Text": "\"For instance, in 1983, The Rockefeller Foundation established an ongoing commitment to the Children’s Vaccine Initiative (CVI).\"",
      "Relationship Date": "1983",
      "Article Title": "Gavi, the Vaccine Alliance",
      "article URL": "https://www.rockefellerfoundation.org/bellagio-bulletin/from-the-archives/gavi-the-vaccine-alliance/",
      "Relationship Summary": "The Rockefeller Foundation established the Children’s Vaccine Initiative aiding Gavi"
    },
    {
      "sourceId": "M7W6R1ONHY543",
      "targetId": "M7W6R1OSBCR8E",
      "Article Text": "\"Gavi now vaccinates almost half of the world’s children.\" (implied partnership with core entities like WHO)",
      "Modifier Relationship": "In collaboration with",
      "Article Title": "Gavi, the Vaccine Alliance",
      "article URL": "https://www.rockefellerfoundation.org/bellagio-bulletin/from-the-archives/gavi-the-vaccine-alliance/",
      "Relationship Summary": "Gavi vaccinates children with support from WHO"
    },
    {
      "sourceId": "M7NDMWVPGS4S6",
      "targetId": "M7W6R1OSBCR8E",
      "Article Text": "\"Gavi now vaccinates almost half of the world’s children.\" (implied partnership with core entities like WHO)",
      "Modifier Relationship": "In collaboration with",
      "Article Title": "Gavi, the Vaccine Alliance",
      "article URL": "https://www.rockefellerfoundation.org/bellagio-bulletin/from-the-archives/gavi-the-vaccine-alliance/"
    },
    {
      "sourceId": "M7W6R1OSE4P06",
      "targetId": "M7W6R1OSJK881",
      "Article Text": "\"This gives the organization the power to negotiate vaccines at prices that are affordable for the poorest countries and to remove the commercial risks that previously kept manufacturers from serving them.\" (implied collaboration with UNICEF as a core partner)",
      "Modifier Relationship": "Benefits",
      "Article Title": "Gavi, the Vaccine Alliance",
      "article URL": "https://www.rockefellerfoundation.org/bellagio-bulletin/from-the-archives/gavi-the-vaccine-alliance/"
    },
    {
      "sourceId": "M7W6R1ONHY543",
      "targetId": "M7W6R1OSE4P06",
      "Article Text": "\"This gives the organization the power to negotiate vaccines at prices that are affordable for the poorest countries and to remove the commercial risks that previously kept manufacturers from serving them.\" (implied collaboration with UNICEF as a core partner)",
      "Modifier Relationship": "Benefits",
      "Article Title": "Gavi, the Vaccine Alliance",
      "article URL": "https://www.rockefellerfoundation.org/bellagio-bulletin/from-the-archives/gavi-the-vaccine-alliance/",
      "Relationship Summary": "Gavi negotiates vaccines in collaboration with UNICEF"
    },
    {
      "sourceId": "M7W6R1OS5DHZ3",
      "targetId": "M7W6R1ONHY543",
      "Article Text": "\"The Bellagio conference hosted 34 international participants from the Americas, Asia, and Europe.\"",
      "Modifier Relationship": "Hosted",
      "Article Title": "Gavi, the Vaccine Alliance",
      "article URL": "https://www.rockefellerfoundation.org/bellagio-bulletin/from-the-archives/gavi-the-vaccine-alliance/"
    },
    {
      "sourceId": "M7W6R1ON4J762",
      "targetId": "M7W6R1OS5DHZ3",
      "Article Text": "\"The Bellagio conference hosted 34 international participants from the Americas, Asia, and Europe.\"",
      "Modifier Relationship": "Hosted",
      "Article Title": "Gavi, the Vaccine Alliance",
      "article URL": "https://www.rockefellerfoundation.org/bellagio-bulletin/from-the-archives/gavi-the-vaccine-alliance/"
    },
    {
      "sourceId": "M7W6R1OSC87FH",
      "targetId": "M7W6R1ONHY543",
      "Article Text": "\"The Global Alliance for Vaccines and Immunization (now known as Gavi, the Vaccine Alliance) was created at Bellagio in March 1999.\"",
      "Relationship Date": "March 1999",
      "Article Title": "Gavi, the Vaccine Alliance",
      "article URL": "https://www.rockefellerfoundation.org/bellagio-bulletin/from-the-archives/gavi-the-vaccine-alliance/",
      "Relationship Summary": "Bellagio Center hosted the Gavi creation conference"
    },
    {
      "sourceId": "M7W6R1ON4J762",
      "targetId": "M7W6R1OSC87FH",
      "Article Text": "\"The Global Alliance for Vaccines and Immunization (now known as Gavi, the Vaccine Alliance) was created at Bellagio in March 1999.\"",
      "Relationship Date": "March 1999",
      "Article Title": "Gavi, the Vaccine Alliance",
      "article URL": "https://www.rockefellerfoundation.org/bellagio-bulletin/from-the-archives/gavi-the-vaccine-alliance/",
      "Relationship Summary": "Bellagio Center hosted the Gavi creation conference"
    },
    {
      "sourceId": "M7W6R1OS4DYOQ",
      "targetId": "M7W6R1ONXNBST",
      "Article Text": "\"In turn, the Children’s Vaccine Initiative provided a model for public-private vaccine development that would influence IAVI (the International AIDS Vaccine Initiative).\"",
      "Relationship Date": "September 1990",
      "Article Title": "Gavi, the Vaccine Alliance",
      "article URL": "https://www.rockefellerfoundation.org/bellagio-bulletin/from-the-archives/gavi-the-vaccine-alliance/",
      "Relationship Summary": "Gavi provided a model for IAVI’s public-private partnership"
    },
    {
      "sourceId": "M7W6R1ONHY543",
      "targetId": "M7W6R1OS4DYOQ",
      "Article Text": "\"In turn, the Children’s Vaccine Initiative provided a model for public-private vaccine development that would influence IAVI (the International AIDS Vaccine Initiative).\"",
      "Relationship Date": "September 1990",
      "Article Title": "Gavi, the Vaccine Alliance",
      "article URL": "https://www.rockefellerfoundation.org/bellagio-bulletin/from-the-archives/gavi-the-vaccine-alliance/",
      "Relationship Summary": "Gavi provided a model for IAVI’s public-private partnership"
    },
    {
      "sourceId": "M7W6R1OS4K34H",
      "targetId": "M7W6R1ONHY543",
      "Article Text": "\"The 34 participants present at that Bellagio conference in 1999 established a Proto-Board for Gavi.\"",
      "Relationship Date": "1999",
      "Article Title": "Gavi, the Vaccine Alliance",
      "article URL": "https://www.rockefellerfoundation.org/bellagio-bulletin/from-the-archives/gavi-the-vaccine-alliance/",
      "Relationship Summary": "The Rockefeller Foundation established the Proto-Board for Gavi"
    },
    {
      "sourceId": "M7W6R1OSHZHQN",
      "targetId": "M7W6R1ONHY543",
      "Article Text": "\"It was the setting for negotiations and agreements that make it easier for people suffering from HIV/AIDS and other devastating, deadly afflictions to access better vaccines and drugs, more efficiently, in more places.\"",
      "Article Title": "Bellagio Center History Consolidated",
      "article URL": "https://www.rockefellerfoundation.org/wp-content/uploads/Bellagio-Center-History-Consolidated.pdf",
      "Relationship Summary": "Bellagio Center hosted efforts for vaccine access related to Gavi"
    },
    {
      "sourceId": "M7W6R1ON4J762",
      "targetId": "M7W6R1OSHZHQN",
      "Article Text": "\"It was the setting for negotiations and agreements that make it easier for people suffering from HIV/AIDS and other devastating, deadly afflictions to access better vaccines and drugs, more efficiently, in more places.\"",
      "Article Title": "Bellagio Center History Consolidated",
      "article URL": "https://www.rockefellerfoundation.org/wp-content/uploads/Bellagio-Center-History-Consolidated.pdf",
      "Relationship Summary": "Bellagio Center hosted efforts for vaccine access related to Gavi"
    }
  ]
}