{
  "nodes": [
    {
      "id": "M7W6R1OS4RRKC",
      "Relationship Summary": "USAID participated in a Gavi-related convening at Bellagio hosted by The Rockefeller Foundation",
      "Article Text": "\"The Rockefeller Foundation’s Bellagio Center continues to serve as a venue for meetings organized by UN agencies, international NGOs, national development agencies such as the US Agency for International Development (USAID) or the UK Department for International Development, as well as universities from around the world.\"",
      "Relationship NAME": "Organized by",
      "article URL": "https://www.rockefellerfoundation.org/bellagio-bulletin/from-the-archives/gavi-the-vaccine-alliance/",
      "type": "Relationship",
      "name": "USAID participated in a Gavi-related convening at Bellagio hosted by The Rockefeller Foundation"
    },
    {
      "id": "M7W6R1OSOKSYB",
      "Relationship Summary": "The Rockefeller Foundation joined WHO to form the Consultative Group",
      "Article Text": "\"That same year, the foundation joined with leaders from the WHO, UNICEF, the CDC, and other agencies to form the Consultative Group to Protect the World’s Children, a global immunization initiative.\"",
      "Relationship NAME": "Included",
      "Relationship Date": "1983",
      "article URL": "https://www.rockefellerfoundation.org/bellagio-bulletin/from-the-archives/gavi-the-vaccine-alliance/",
      "type": "Relationship",
      "name": "The Rockefeller Foundation joined WHO to form the Consultative Group"
    },
    {
      "id": "M7W6R1OSL1QNA",
      "Relationship Summary": "The Rockefeller Foundation established the Task Force for Global Health",
      "Article Text": "\"As a result of a meeting in 1984, the Task Force for Global Health was formed, with Associate Director of Health Sciences at The Rockefeller Foundation, Scott Halstead, serving as a member.\"",
      "Relationship NAME": "Included",
      "Relationship Date": "1984",
      "article URL": "https://www.rockefellerfoundation.org/bellagio-bulletin/from-the-archives/gavi-the-vaccine-alliance/",
      "type": "Relationship",
      "name": "The Rockefeller Foundation established the Task Force for Global Health"
    },
    {
      "id": "M7W6R1OSN9R83",
      "Relationship Summary": "Scott Halstead served as a member of the Task Force for Global Health",
      "Article Text": "\"As a result of a meeting in 1984, the Task Force for Global Health was formed, with Associate Director of Health Sciences at The Rockefeller Foundation, Scott Halstead, serving as a member.\"",
      "Relationship NAME": "Represented",
      "Relationship Date": "1984",
      "article URL": "https://www.rockefellerfoundation.org/bellagio-bulletin/from-the-archives/gavi-the-vaccine-alliance/",
      "type": "Relationship",
      "name": "Scott Halstead served as a member of the Task Force for Global Health"
    },
    {
      "id": "M7W6R1OS3YNBJ",
      "Relationship Summary": "Scott Halstead held the position of Associate Director of Health Sciences at The Rockefeller Foundation",
      "Article Text": "\"As a result of a meeting in 1984, the Task Force for Global Health was formed, with Associate Director of Health Sciences at The Rockefeller Foundation, Scott Halstead, serving as a member.\"",
      "Relationship Date": "1984",
      "article URL": "https://www.rockefellerfoundation.org/bellagio-bulletin/from-the-archives/gavi-the-vaccine-alliance/",
      "type": "Relationship",
      "name": "Scott Halstead held the position of Associate Director of Health Sciences at The Rockefeller Foundation"
    },
    {
      "id": "M7W6R1OS4OYIO",
      "Relationship Summary": "The Rockefeller Foundation established EPI with WHO",
      "Article Text": "\"Then, in 1984, the group established a standardized vaccination schedule within the Expanded Program on Immunization (EPI) with the goal of immunizing all children against six major diseases by 1990.\"",
      "Relationship NAME": "Included",
      "Relationship Date": "1984",
      "article URL": "https://www.rockefellerfoundation.org/bellagio-bulletin/from-the-archives/gavi-the-vaccine-alliance/",
      "type": "Relationship",
      "name": "The Rockefeller Foundation established EPI with WHO"
    },
    {
      "id": "M7W6R1OSYGRCM",
      "Relationship Summary": "Ella Holbrook Walker offered her villa to The Rockefeller Foundation",
      "Article Text": "\"The Rockefeller Foundation’s proud history with the Bellagio Center began in 1959, when Ella Holbrook Walker, the American Principessa della Torre e Tasso, offered her Italian villa 'for purposes connected with the promotion of international understanding,'\"",
      "Relationship NAME": "Accepted by",
      "Relationship Date": "1959",
      "article URL": "https://www.rockefellerfoundation.org/wp-content/uploads/Bellagio-Center-History-Consolidated.pdf",
      "type": "Relationship",
      "name": "Ella Holbrook Walker offered her villa to The Rockefeller Foundation"
    },
    {
      "id": "M7W6R1OSSSUL7",
      "Relationship Summary": "Dean Rusk accepted the villa donation for The Rockefeller Foundation",
      "Article Text": "\"and Dean Rusk, the Foundation’s president, accepted her generous donation and embraced its enormous potential.\"",
      "Relationship NAME": "Offered by",
      "Relationship Date": "1959",
      "article URL": "https://www.rockefellerfoundation.org/wp-content/uploads/Bellagio-Center-History-Consolidated.pdf",
      "type": "Relationship",
      "name": "Dean Rusk accepted the villa donation for The Rockefeller Foundation"
    },
    {
      "id": "M7W6R1OSOHYVV",
      "Relationship Summary": "Dean Rusk held the position of president at The Rockefeller Foundation",
      "Article Text": "\"and Dean Rusk, the Foundation’s president, accepted her generous donation and embraced its enormous potential.\"",
      "Relationship Date": "1959",
      "article URL": "https://www.rockefellerfoundation.org/wp-content/uploads/Bellagio-Center-History-Consolidated.pdf",
      "type": "Relationship",
      "name": "Dean Rusk held the position of president at The Rockefeller Foundation"
    },
    {
      "id": "M7W6R1OS5DHZ3",
      "Relationship Summary": "The Rockefeller Foundation operates the Bellagio Center",
      "Article Text": "\"The Rockefeller Foundation’s proud history with the Bellagio Center began in 1959,\"",
      "Relationship NAME": "Began with",
      "Relationship Date": "1959",
      "article URL": "https://www.rockefellerfoundation.org/wp-content/uploads/Bellagio-Center-History-Consolidated.pdf",
      "type": "Relationship",
      "name": "The Rockefeller Foundation operates the Bellagio Center"
    },
    {
      "id": "M7W6R1OSZNMTG",
      "Relationship Summary": "John Marshall became director of the Bellagio Center",
      "Article Text": "\"In the summer of 1959, John Marshall, associate director of the Rockefeller Foundation’s Humanities program, became director of the Villa.\"",
      "Relationship Date": "Summer 1959",
      "article URL": "https://www.rockefellerfoundation.org/wp-content/uploads/Bellagio-Center-History-Consolidated.pdf",
      "type": "Relationship",
      "name": "John Marshall became director of the Bellagio Center"
    },
    {
      "id": "M7W6R1OSWPJW5",
      "Relationship Summary": "John Marshall held the position of associate director at The Rockefeller Foundation",
      "Article Text": "\"In the summer of 1959, John Marshall, associate director of the Rockefeller Foundation’s Humanities program, became director of the Villa.\"",
      "Relationship Date": "Summer 1959",
      "article URL": "https://www.rockefellerfoundation.org/wp-content/uploads/Bellagio-Center-History-Consolidated.pdf",
      "type": "Relationship",
      "name": "John Marshall held the position of associate director at The Rockefeller Foundation"
    },
    {
      "id": "M7W6R1OS9GJ1M",
      "Relationship Summary": "Gianna Bellei Celli became managing director of the Bellagio Center",
      "Article Text": "\"In March 1998, Gianna Bellei Celli became managing director of the Bellagio Center.\"",
      "Relationship Date": "March 1998",
      "article URL": "https://www.rockefellerfoundation.org/wp-content/uploads/Bellagio-Center-History-Consolidated.pdf",
      "type": "Relationship",
      "name": "Gianna Bellei Celli became managing director of the Bellagio Center"
    },
    {
      "id": "M7W6R1OSTF14W",
      "Relationship Summary": "Gianna Bellei Celli proposed transforming the Frati into a conference unit",
      "Article Text": "\"It was her idea to transform the Frati, where she was living at the time, into a second conference unit.\"",
      "Relationship Date": "March 1998",
      "article URL": "https://www.rockefellerfoundation.org/wp-content/uploads/Bellagio-Center-History-Consolidated.pdf",
      "type": "Relationship",
      "name": "Gianna Bellei Celli proposed transforming the Frati into a conference unit"
    },
    {
      "id": "M7W6R1OSR0IY8",
      "Relationship Summary": "Gianna Bellei Celli installed an air-conditioning system at the Bellagio Center",
      "Article Text": "\"In the summer of 2003—a particularly hot summer—she had an air-conditioning system installed at the Center.\"",
      "Relationship Date": "Summer 2003",
      "article URL": "https://www.rockefellerfoundation.org/wp-content/uploads/Bellagio-Center-History-Consolidated.pdf",
      "type": "Relationship",
      "name": "Gianna Bellei Celli installed an air-conditioning system at the Bellagio Center"
    },
    {
      "id": "M7W6R1OSCG6XE",
      "Relationship Summary": "Pilar Palaciá was appointed managing director of the Bellagio Center",
      "Article Text": "\"Pilar Palaciá, a Humanities professor and former general manager of the Latin American office of the Rockefeller Foundation, had been appointed the Bellagio Center managing director in January of that year.\"",
      "Relationship Date": "January 2005",
      "article URL": "https://www.rockefellerfoundation.org/wp-content/uploads/Bellagio-Center-History-Consolidated.pdf",
      "type": "Relationship",
      "name": "Pilar Palaciá was appointed managing director of the Bellagio Center"
    },
    {
      "id": "M7W6R1OS3C3PG",
      "Relationship Summary": "Pilar Palaciá held the position of general manager at The Rockefeller Foundation",
      "Article Text": "\"Pilar Palaciá, a Humanities professor and former general manager of the Latin American office of the Rockefeller Foundation, had been appointed the Bellagio Center managing director in January of that year.\"",
      "article URL": "https://www.rockefellerfoundation.org/wp-content/uploads/Bellagio-Center-History-Consolidated.pdf",
      "type": "Relationship",
      "name": "Pilar Palaciá held the position of general manager at The Rockefeller Foundation"
    },
    {
      "id": "M7W6R1OSMNJVT",
      "Relationship Summary": "Ariel Pablos-Méndez holds the position of Professor of Medicine at Columbia University Medical Center",
      "Article Text": "\"ARIEL PABLOS-MÉNDEZ is a Professor of Medicine at Columbia University Medical Center in New York\"",
      "Relationship NAME": "At",
      "article URL": "https://web.archive.org/web/20230323201804/https://www.globalviromeproject.org/ariel-pablos-medez",
      "type": "Relationship",
      "name": "Ariel Pablos-Méndez holds the position of Professor of Medicine at Columbia University Medical Center"
    },
    {
      "id": "M7W6R1OS222ND",
      "Relationship Summary": "Ariel Pablos-Méndez held the position of Assistant Administrator for Global Health at USAID",
      "Article Text": "\"and former Assistant Administrator for Global Health at USAID under President Obama\"",
      "Relationship NAME": "Driving",
      "Relationship Date": "2011 - 2016",
      "article URL": "https://web.archive.org/web/20230323201804/https://www.globalviromeproject.org/ariel-pablos-medez",
      "type": "Relationship",
      "name": "Ariel Pablos-Méndez held the position of Assistant Administrator for Global Health at USAID"
    },
    {
      "id": "M7W6R1OS7P8AR",
      "Relationship Summary": "Ariel Pablos-Méndez worked on multi-drug resistant tuberculosis and led WHO's first global report",
      "Article Text": "\"Ariel’s career began working on the emergence of multi-drug resistant tuberculosis in New York City in 1991 and leading the first global report on Anti-Tuberculosis Drug Resistance at the World Health Organization (WHO)\"",
      "Relationship NAME": "Later served as",
      "Relationship Date": "1991",
      "article URL": "https://web.archive.org/web/20230323201804/https://www.globalviromeproject.org/ariel-pablos-medez",
      "type": "Relationship",
      "name": "Ariel Pablos-Méndez worked on multi-drug resistant tuberculosis and led WHO's first global report"
    },
    {
      "id": "M7W6R1OSFDNTK",
      "Relationship Summary": "Ariel Pablos-Méndez served as Director of Knowledge Management at WHO",
      "Article Text": "\"where he later served as Director of Knowledge Management, 2004-2007, working to bridge the know-do gap in global health.\"",
      "Relationship NAME": "Working to",
      "Relationship Date": "2004 - 2007",
      "article URL": "https://web.archive.org/web/20230323201804/https://www.globalviromeproject.org/ariel-pablos-medez",
      "type": "Relationship",
      "name": "Ariel Pablos-Méndez served as Director of Knowledge Management at WHO"
    },
    {
      "id": "M7W6R1OSXVKYM",
      "Relationship Summary": "Ariel Pablos-Méndez spearheaded public-private partnerships at The Rockefeller Foundation",
      "Article Text": "\"At The Rockefeller Foundation from 1998 to 2004, he spearheaded public-private partnerships in R&D for diseases of poverty (e.g. the Global Alliance for TB Drug Development)\"",
      "Relationship NAME": "Including",
      "Relationship Date": "1998 - 2004",
      "article URL": "https://web.archive.org/web/20230323201804/https://www.globalviromeproject.org/ariel-pablos-medez",
      "type": "Relationship",
      "name": "Ariel Pablos-Méndez spearheaded public-private partnerships at The Rockefeller Foundation"
    },
    {
      "id": "M7W6R1OSYOVNE",
      "Relationship Summary": "Ariel Pablos-Méndez led the AIDS treatment strategy in Africa at The Rockefeller Foundation",
      "Article Text": "\"the Foundation's strategy on AIDS treatment in Africa\"",
      "Relationship NAME": "During",
      "Relationship Date": "1998 - 2004",
      "article URL": "https://web.archive.org/web/20230323201804/https://www.globalviromeproject.org/ariel-pablos-medez",
      "type": "Relationship",
      "name": "Ariel Pablos-Méndez led the AIDS treatment strategy in Africa at The Rockefeller Foundation"
    },
    {
      "id": "M7W6R1OSSD5K7",
      "Relationship Summary": "Ariel Pablos-Méndez led the Joint Learning Initiative on Human Resources for Health at The Rockefeller Foundation",
      "Article Text": "\"and the Joint Learning Initiative on Human Resources for Health.\"",
      "Relationship NAME": "During",
      "Relationship Date": "1998 - 2004",
      "article URL": "https://web.archive.org/web/20230323201804/https://www.globalviromeproject.org/ariel-pablos-medez",
      "type": "Relationship",
      "name": "Ariel Pablos-Méndez led the Joint Learning Initiative on Human Resources for Health at The Rockefeller Foundation"
    },
    {
      "id": "M7W6R1OS54JVD",
      "Relationship Summary": "Ariel Pablos-Méndez served as Managing Director at The Rockefeller Foundation",
      "Article Text": "\"In 2007, Ariel returned to Rockefeller as Managing Director\"",
      "Relationship NAME": "Led",
      "Relationship Date": "2007",
      "article URL": "https://web.archive.org/web/20230323201804/https://www.globalviromeproject.org/ariel-pablos-medez",
      "type": "Relationship",
      "name": "Ariel Pablos-Méndez served as Managing Director at The Rockefeller Foundation"
    },
    {
      "id": "M7W6R1OS6X0VK",
      "Relationship Summary": "Ariel Pablos-Méndez led the initiative for universal health coverage at The Rockefeller Foundation",
      "Article Text": "\"and led the Foundation’s initiative to position universal health coverage on the international agenda.\"",
      "Relationship NAME": "As",
      "Relationship Date": "2007",
      "article URL": "https://web.archive.org/web/20230323201804/https://www.globalviromeproject.org/ariel-pablos-medez",
      "type": "Relationship",
      "name": "Ariel Pablos-Méndez led the initiative for universal health coverage at The Rockefeller Foundation"
    },
    {
      "id": "M7W6R1OSI3DNU",
      "Relationship Summary": "Ariel Pablos-Méndez received his M.D. from University of Guadalajara",
      "Article Text": "\"Ariel received his M.D. from the University of Guadalajara (Mexico)\"",
      "article URL": "https://web.archive.org/web/20230323201804/https://www.globalviromeproject.org/ariel-pablos-medez",
      "type": "Relationship",
      "name": "Ariel Pablos-Méndez received his M.D. from University of Guadalajara"
    },
    {
      "id": "M7W6R1OS9VAW5",
      "Relationship Summary": "Ariel Pablos-Méndez received his M.P.H. from Columbia University",
      "Article Text": "\"and his M.P.H from Columbia University.\"",
      "article URL": "https://web.archive.org/web/20230323201804/https://www.globalviromeproject.org/ariel-pablos-medez",
      "type": "Relationship",
      "name": "Ariel Pablos-Méndez received his M.P.H. from Columbia University"
    },
    {
      "id": "M7W6R1OSDF2NF",
      "Relationship Summary": "USAID employed Ariel Pablos-Méndez as Assistant Administrator",
      "Article Text": "\"and former Assistant Administrator for Global Health at USAID under President Obama\"",
      "Relationship NAME": "Under",
      "Relationship Date": "2011 - 2016",
      "article URL": "https://web.archive.org/web/20230323201804/https://www.globalviromeproject.org/ariel-pablos-medez",
      "type": "Relationship",
      "name": "USAID employed Ariel Pablos-Méndez as Assistant Administrator"
    },
    {
      "id": "M7W6R1OSNK0RQ",
      "Relationship Summary": "WHO employed Ariel Pablos-Méndez in various roles",
      "Article Text": "\"leading the first global report on Anti-Tuberculosis Drug Resistance at the World Health Organization (WHO), where he later served as Director of Knowledge Management, 2004-2007\"",
      "Relationship NAME": "Including",
      "Relationship Date": "2004 - 2007",
      "article URL": "https://web.archive.org/web/20230323201804/https://www.globalviromeproject.org/ariel-pablos-medez",
      "type": "Relationship",
      "name": "WHO employed Ariel Pablos-Méndez in various roles"
    },
    {
      "id": "M7W6R1OSNBTHG",
      "Relationship Summary": "The Rockefeller Foundation employed Ariel Pablos-Méndez in various roles",
      "Article Text": "\"At The Rockefeller Foundation from 1998 to 2004 ... In 2007, Ariel returned to Rockefeller as Managing Director\"",
      "Relationship NAME": "Including",
      "Relationship Date": "1998 - 2004, 2007",
      "article URL": "https://web.archive.org/web/20230323201804/https://www.globalviromeproject.org/ariel-pablos-medez",
      "type": "Relationship",
      "name": "The Rockefeller Foundation employed Ariel Pablos-Méndez in various roles"
    },
    {
      "id": "M7UDX5VE61VSG",
      "Entity Name": "United States Agency for International Development",
      "Article Text": "\"Cara Chrisman,a ... The Global Virome Project\"",
      "Article Title": "The Global Virome Project",
      "type": "Entity",
      "name": "United States Agency for International Development"
    },
    {
      "id": "M7W6R1ONW7UTQ",
      "Entity Name": "The Rockefeller Foundation",
      "Article Text": "\"As a result of a meeting in 1984, the Task Force for Global Health was formed, with Associate Director of Health Sciences at The Rockefeller Foundation, Scott Halstead, serving as a member.\"",
      "Relationship Date": "1984",
      "Article Title": "Gavi, the Vaccine Alliance",
      "article URL": "https://www.rockefellerfoundation.org/bellagio-bulletin/from-the-archives/gavi-the-vaccine-alliance/",
      "type": "Entity",
      "name": "The Rockefeller Foundation"
    },
    {
      "id": "M7W6R1ONHY543",
      "Entity Name": "Gavi",
      "Article Text": "\"It was the setting for negotiations and agreements that make it easier for people suffering from HIV/AIDS and other devastating, deadly afflictions to access better vaccines and drugs, more efficiently, in more places.\"",
      "Article Title": "Bellagio Center History Consolidated",
      "article URL": "https://www.rockefellerfoundation.org/wp-content/uploads/Bellagio-Center-History-Consolidated.pdf",
      "type": "Entity",
      "name": "Gavi"
    },
    {
      "id": "M7W6R1ON4J762",
      "Entity Name": "Bellagio Center",
      "Article Text": "\"The Global Alliance for Vaccines and Immunization (now known as Gavi, the Vaccine Alliance) was created at Bellagio in March 1999.\"",
      "Relationship Date": "March 1999",
      "Article Title": "Gavi, the Vaccine Alliance",
      "article URL": "https://www.rockefellerfoundation.org/bellagio-bulletin/from-the-archives/gavi-the-vaccine-alliance/",
      "type": "Entity",
      "name": "Bellagio Center"
    },
    {
      "id": "M7W6R1ON6F6VR",
      "Entity Name": "Scott Halstead",
      "Article Text": "\"As a result of a meeting in 1984, the Task Force for Global Health was formed, with Associate Director of Health Sciences at The Rockefeller Foundation, Scott Halstead, serving as a member.\"",
      "Relationship Date": "1984",
      "Article Title": "Gavi, the Vaccine Alliance",
      "article URL": "https://www.rockefellerfoundation.org/bellagio-bulletin/from-the-archives/gavi-the-vaccine-alliance/",
      "type": "Entity",
      "name": "Scott Halstead"
    },
    {
      "id": "M7W6R1ON8EDJU",
      "Entity Name": "Ella Holbrook Walker",
      "Article Text": "\"The Rockefeller Foundation’s proud history with the Bellagio Center began in 1959,\"",
      "Relationship Date": "1959",
      "Article Title": "Bellagio Center History Consolidated",
      "article URL": "https://www.rockefellerfoundation.org/wp-content/uploads/Bellagio-Center-History-Consolidated.pdf",
      "type": "Entity",
      "name": "Ella Holbrook Walker"
    },
    {
      "id": "M7W6R1ONHDRID",
      "Entity Name": "Dean Rusk",
      "Article Text": "\"The Rockefeller Foundation’s proud history with the Bellagio Center began in 1959, when Ella Holbrook Walker, the American Principessa della Torre e Tasso, offered her Italian villa 'for purposes connected with the promotion of international understanding,'\"",
      "Relationship Date": "1959",
      "Article Title": "Bellagio Center History Consolidated",
      "article URL": "https://www.rockefellerfoundation.org/wp-content/uploads/Bellagio-Center-History-Consolidated.pdf",
      "type": "Entity",
      "name": "Dean Rusk"
    },
    {
      "id": "M7W6R1ONCVKXN",
      "Entity Name": "John Marshall",
      "type": "Entity",
      "name": "John Marshall"
    },
    {
      "id": "M7W6R1ONMXWQK",
      "Entity Name": "Gianna Bellei Celli",
      "type": "Entity",
      "name": "Gianna Bellei Celli"
    },
    {
      "id": "M7W6R1ONNDRF3",
      "Entity Name": "Pilar Palaciá",
      "type": "Entity",
      "name": "Pilar Palaciá"
    },
    {
      "id": "M7W6R1ON7KOR2",
      "Entity Name": "Ariel Pablos-Méndez",
      "type": "Entity",
      "name": "Ariel Pablos-Méndez"
    },
    {
      "id": "M7W6R1ONVJVZK",
      "Entity Name": "Task Force for Global Health",
      "type": "Entity",
      "name": "Task Force for Global Health"
    },
    {
      "id": "M7W6R1OOW0SOU",
      "Entity Name": "University of Guadalajara",
      "type": "Entity",
      "name": "University of Guadalajara"
    },
    {
      "id": "M7W6R1OS2GXNX",
      "Entity Name": "UN Agencies",
      "Article Text": "\"The Rockefeller Foundation’s Bellagio Center continues to serve as a venue for meetings organized by UN agencies, international NGOs, national development agencies such as the US Agency for International Development (USAID) or the UK Department for International Development, as well as universities from around the world.\"",
      "Article Title": "Gavi, the Vaccine Alliance",
      "article URL": "https://www.rockefellerfoundation.org/bellagio-bulletin/from-the-archives/gavi-the-vaccine-alliance/",
      "type": "Entity",
      "name": "UN Agencies"
    },
    {
      "id": "M7W6R1OTK9YZM",
      "Entity Name": "Consultative Group",
      "Article Text": "\"Then, in 1984, the group established a standardized vaccination schedule within the Expanded Program on Immunization (EPI) with the goal of immunizing all children against six major diseases by 1990.\"",
      "Relationship Date": "1984",
      "Article Title": "Gavi, the Vaccine Alliance",
      "article URL": "https://www.rockefellerfoundation.org/bellagio-bulletin/from-the-archives/gavi-the-vaccine-alliance/",
      "type": "Entity",
      "name": "Consultative Group"
    },
    {
      "id": "M7W6R1OTZ4DZX",
      "Entity Name": "Director of Knowledge Management",
      "Article Text": "\"leading the first global report on Anti-Tuberculosis Drug Resistance at the World Health Organization (WHO), where he later served as Director of Knowledge Management, 2004-2007\"",
      "Relationship Date": "2004 - 2007",
      "Article Title": "Ariel Pablos-Méndez",
      "article URL": "https://web.archive.org/web/20230323201804/https://www.globalviromeproject.org/ariel-pablos-medez",
      "type": "Entity",
      "name": "Director of Knowledge Management"
    },
    {
      "id": "M7W6R1OTBXWMI",
      "Entity Name": "Bridge Know-Do Gap",
      "Article Text": "\"where he later served as Director of Knowledge Management, 2004-2007, working to bridge the know-do gap in global health.\"",
      "Relationship Date": "2004 - 2007",
      "Article Title": "Ariel Pablos-Méndez",
      "article URL": "https://web.archive.org/web/20230323201804/https://www.globalviromeproject.org/ariel-pablos-medez",
      "type": "Entity",
      "name": "Bridge Know-Do Gap"
    },
    {
      "id": "M7W6R1OT2EMC5",
      "Entity Name": "Global Alliance for TB Drug Development",
      "Article Text": "\"At The Rockefeller Foundation from 1998 to 2004, he spearheaded public-private partnerships in R&D for diseases of poverty (e.g. the Global Alliance for TB Drug Development)\"",
      "Relationship Date": "1998 - 2004",
      "Article Title": "Ariel Pablos-Méndez",
      "article URL": "https://web.archive.org/web/20230323201804/https://www.globalviromeproject.org/ariel-pablos-medez",
      "type": "Entity",
      "name": "Global Alliance for TB Drug Development"
    },
    {
      "id": "M7W6R1OT9PSYX",
      "Entity Name": "1998-2004 Tenure",
      "Article Text": "\"and the Joint Learning Initiative on Human Resources for Health.\"",
      "Relationship Date": "1998 - 2004",
      "Article Title": "Ariel Pablos-Méndez",
      "article URL": "https://web.archive.org/web/20230323201804/https://www.globalviromeproject.org/ariel-pablos-medez",
      "type": "Entity",
      "name": "1998-2004 Tenure"
    },
    {
      "id": "M7W6R1OTG6GY1",
      "Entity Name": "Universal Health Coverage Initiative",
      "Article Text": "\"In 2007, Ariel returned to Rockefeller as Managing Director\"",
      "Relationship Date": "2007",
      "Article Title": "Ariel Pablos-Méndez",
      "article URL": "https://web.archive.org/web/20230323201804/https://www.globalviromeproject.org/ariel-pablos-medez",
      "type": "Entity",
      "name": "Universal Health Coverage Initiative"
    },
    {
      "id": "M7W6R1OTEXNLS",
      "Entity Name": "Managing Director",
      "Article Text": "\"At The Rockefeller Foundation from 1998 to 2004 ... In 2007, Ariel returned to Rockefeller as Managing Director\"",
      "Relationship Date": "1998 - 2004, 2007",
      "Article Title": "Ariel Pablos-Méndez",
      "article URL": "https://web.archive.org/web/20230323201804/https://www.globalviromeproject.org/ariel-pablos-medez",
      "type": "Entity",
      "name": "Managing Director"
    }
  ],
  "links": [
    {
      "sourceId": "M7W6R1OS4RRKC",
      "targetId": "M7W6R1OS2GXNX",
      "Article Text": "\"The Rockefeller Foundation’s Bellagio Center continues to serve as a venue for meetings organized by UN agencies, international NGOs, national development agencies such as the US Agency for International Development (USAID) or the UK Department for International Development, as well as universities from around the world.\"",
      "Modifier Relationship": "Organized by",
      "Article Title": "Gavi, the Vaccine Alliance",
      "article URL": "https://www.rockefellerfoundation.org/bellagio-bulletin/from-the-archives/gavi-the-vaccine-alliance/"
    },
    {
      "sourceId": "M7W6R1OSL1QNA",
      "targetId": "M7W6R1ON6F6VR",
      "Article Text": "\"As a result of a meeting in 1984, the Task Force for Global Health was formed, with Associate Director of Health Sciences at The Rockefeller Foundation, Scott Halstead, serving as a member.\"",
      "Modifier Relationship": "Included",
      "Relationship Date": "1984",
      "Article Title": "Gavi, the Vaccine Alliance",
      "article URL": "https://www.rockefellerfoundation.org/bellagio-bulletin/from-the-archives/gavi-the-vaccine-alliance/"
    },
    {
      "sourceId": "M7W6R1OSN9R83",
      "targetId": "M7W6R1ONW7UTQ",
      "Article Text": "\"As a result of a meeting in 1984, the Task Force for Global Health was formed, with Associate Director of Health Sciences at The Rockefeller Foundation, Scott Halstead, serving as a member.\"",
      "Modifier Relationship": "Represented",
      "Relationship Date": "1984",
      "Article Title": "Gavi, the Vaccine Alliance",
      "article URL": "https://www.rockefellerfoundation.org/bellagio-bulletin/from-the-archives/gavi-the-vaccine-alliance/"
    },
    {
      "sourceId": "M7W6R1OS4OYIO",
      "targetId": "M7W6R1OTK9YZM",
      "Article Text": "\"Then, in 1984, the group established a standardized vaccination schedule within the Expanded Program on Immunization (EPI) with the goal of immunizing all children against six major diseases by 1990.\"",
      "Modifier Relationship": "Included",
      "Relationship Date": "1984",
      "Article Title": "Gavi, the Vaccine Alliance",
      "article URL": "https://www.rockefellerfoundation.org/bellagio-bulletin/from-the-archives/gavi-the-vaccine-alliance/"
    },
    {
      "sourceId": "M7W6R1OSYGRCM",
      "targetId": "M7W6R1ONHDRID",
      "Article Text": "\"The Rockefeller Foundation’s proud history with the Bellagio Center began in 1959, when Ella Holbrook Walker, the American Principessa della Torre e Tasso, offered her Italian villa 'for purposes connected with the promotion of international understanding,'\"",
      "Modifier Relationship": "Accepted by",
      "Relationship Date": "1959",
      "Article Title": "Bellagio Center History Consolidated",
      "article URL": "https://www.rockefellerfoundation.org/wp-content/uploads/Bellagio-Center-History-Consolidated.pdf"
    },
    {
      "sourceId": "M7W6R1OSSSUL7",
      "targetId": "M7W6R1ON8EDJU",
      "Article Text": "\"and Dean Rusk, the Foundation’s president, accepted her generous donation and embraced its enormous potential.\"",
      "Modifier Relationship": "Offered by",
      "Relationship Date": "1959",
      "Article Title": "Bellagio Center History Consolidated",
      "article URL": "https://www.rockefellerfoundation.org/wp-content/uploads/Bellagio-Center-History-Consolidated.pdf"
    },
    {
      "sourceId": "M7W6R1OS5DHZ3",
      "targetId": "M7W6R1ON8EDJU",
      "Article Text": "\"The Rockefeller Foundation’s proud history with the Bellagio Center began in 1959,\"",
      "Modifier Relationship": "Began with",
      "Relationship Date": "1959",
      "Article Title": "Bellagio Center History Consolidated",
      "article URL": "https://www.rockefellerfoundation.org/wp-content/uploads/Bellagio-Center-History-Consolidated.pdf"
    },
    {
      "sourceId": "M7W6R1OS7P8AR",
      "targetId": "M7W6R1OTZ4DZX",
      "Article Text": "\"Ariel’s career began working on the emergence of multi-drug resistant tuberculosis in New York City in 1991 and leading the first global report on Anti-Tuberculosis Drug Resistance at the World Health Organization (WHO)\"",
      "Modifier Relationship": "Later served as",
      "Relationship Date": "1991",
      "Article Title": "Ariel Pablos-Méndez",
      "article URL": "https://web.archive.org/web/20230323201804/https://www.globalviromeproject.org/ariel-pablos-medez"
    },
    {
      "sourceId": "M7W6R1OSFDNTK",
      "targetId": "M7W6R1OTBXWMI",
      "Article Text": "\"where he later served as Director of Knowledge Management, 2004-2007, working to bridge the know-do gap in global health.\"",
      "Modifier Relationship": "Working to",
      "Relationship Date": "2004 - 2007",
      "Article Title": "Ariel Pablos-Méndez",
      "article URL": "https://web.archive.org/web/20230323201804/https://www.globalviromeproject.org/ariel-pablos-medez"
    },
    {
      "sourceId": "M7W6R1OSXVKYM",
      "targetId": "M7W6R1OT2EMC5",
      "Article Text": "\"At The Rockefeller Foundation from 1998 to 2004, he spearheaded public-private partnerships in R&D for diseases of poverty (e.g. the Global Alliance for TB Drug Development)\"",
      "Modifier Relationship": "Including",
      "Relationship Date": "1998 - 2004",
      "Article Title": "Ariel Pablos-Méndez",
      "article URL": "https://web.archive.org/web/20230323201804/https://www.globalviromeproject.org/ariel-pablos-medez"
    },
    {
      "sourceId": "M7W6R1OSYOVNE",
      "targetId": "M7W6R1OT9PSYX",
      "Article Text": "\"the Foundation's strategy on AIDS treatment in Africa\"",
      "Modifier Relationship": "During",
      "Relationship Date": "1998 - 2004",
      "Article Title": "Ariel Pablos-Méndez",
      "article URL": "https://web.archive.org/web/20230323201804/https://www.globalviromeproject.org/ariel-pablos-medez"
    },
    {
      "sourceId": "M7W6R1OSSD5K7",
      "targetId": "M7W6R1OT9PSYX",
      "Article Text": "\"and the Joint Learning Initiative on Human Resources for Health.\"",
      "Modifier Relationship": "During",
      "Relationship Date": "1998 - 2004",
      "Article Title": "Ariel Pablos-Méndez",
      "article URL": "https://web.archive.org/web/20230323201804/https://www.globalviromeproject.org/ariel-pablos-medez"
    },
    {
      "sourceId": "M7W6R1OS54JVD",
      "targetId": "M7W6R1OTG6GY1",
      "Article Text": "\"In 2007, Ariel returned to Rockefeller as Managing Director\"",
      "Modifier Relationship": "Led",
      "Relationship Date": "2007",
      "Article Title": "Ariel Pablos-Méndez",
      "article URL": "https://web.archive.org/web/20230323201804/https://www.globalviromeproject.org/ariel-pablos-medez"
    },
    {
      "sourceId": "M7W6R1OS6X0VK",
      "targetId": "M7W6R1OTEXNLS",
      "Article Text": "\"and led the Foundation’s initiative to position universal health coverage on the international agenda.\"",
      "Modifier Relationship": "As",
      "Relationship Date": "2007",
      "Article Title": "Ariel Pablos-Méndez",
      "article URL": "https://web.archive.org/web/20230323201804/https://www.globalviromeproject.org/ariel-pablos-medez"
    },
    {
      "sourceId": "M7W6R1OSNK0RQ",
      "targetId": "M7W6R1OTZ4DZX",
      "Article Text": "\"leading the first global report on Anti-Tuberculosis Drug Resistance at the World Health Organization (WHO), where he later served as Director of Knowledge Management, 2004-2007\"",
      "Modifier Relationship": "Including",
      "Relationship Date": "2004 - 2007",
      "Article Title": "Ariel Pablos-Méndez",
      "article URL": "https://web.archive.org/web/20230323201804/https://www.globalviromeproject.org/ariel-pablos-medez"
    },
    {
      "sourceId": "M7W6R1OSNBTHG",
      "targetId": "M7W6R1OTEXNLS",
      "Article Text": "\"At The Rockefeller Foundation from 1998 to 2004 ... In 2007, Ariel returned to Rockefeller as Managing Director\"",
      "Modifier Relationship": "Including",
      "Relationship Date": "1998 - 2004, 2007",
      "Article Title": "Ariel Pablos-Méndez",
      "article URL": "https://web.archive.org/web/20230323201804/https://www.globalviromeproject.org/ariel-pablos-medez"
    },
    {
      "sourceId": "M7W6R1OS4RRKC",
      "targetId": "M7W6R1ONW7UTQ",
      "Article Text": "\"The Rockefeller Foundation’s Bellagio Center continues to serve as a venue for meetings organized by UN agencies, international NGOs, national development agencies such as the US Agency for International Development (USAID) or the UK Department for International Development, as well as universities from around the world.\"",
      "Article Title": "Gavi, the Vaccine Alliance",
      "article URL": "https://www.rockefellerfoundation.org/bellagio-bulletin/from-the-archives/gavi-the-vaccine-alliance/",
      "Relationship Summary": "USAID participated in a Gavi-related convening at Bellagio hosted by The Rockefeller Foundation"
    },
    {
      "sourceId": "M7UDX5VE61VSG",
      "targetId": "M7W6R1OS4RRKC",
      "Article Text": "\"The Rockefeller Foundation’s Bellagio Center continues to serve as a venue for meetings organized by UN agencies, international NGOs, national development agencies such as the US Agency for International Development (USAID) or the UK Department for International Development, as well as universities from around the world.\"",
      "Article Title": "Gavi, the Vaccine Alliance",
      "article URL": "https://www.rockefellerfoundation.org/bellagio-bulletin/from-the-archives/gavi-the-vaccine-alliance/",
      "Relationship Summary": "USAID participated in a Gavi-related convening at Bellagio hosted by The Rockefeller Foundation"
    },
    {
      "sourceId": "M7W6R1OS5DHZ3",
      "targetId": "M7W6R1ONHY543",
      "Article Text": "\"The Bellagio conference hosted 34 international participants from the Americas, Asia, and Europe.\"",
      "Modifier Relationship": "Hosted",
      "Article Title": "Gavi, the Vaccine Alliance",
      "article URL": "https://www.rockefellerfoundation.org/bellagio-bulletin/from-the-archives/gavi-the-vaccine-alliance/"
    },
    {
      "sourceId": "M7W6R1ONW7UTQ",
      "targetId": "M7W6R1OS5DHZ3",
      "Article Text": "\"The Bellagio conference hosted 34 international participants from the Americas, Asia, and Europe.\"",
      "Modifier Relationship": "Hosted",
      "Article Title": "Gavi, the Vaccine Alliance",
      "article URL": "https://www.rockefellerfoundation.org/bellagio-bulletin/from-the-archives/gavi-the-vaccine-alliance/",
      "Relationship Summary": "The Rockefeller Foundation operates the Bellagio Center"
    },
    {
      "sourceId": "M7W6R1ON4J762",
      "targetId": "M7W6R1OS5DHZ3",
      "Article Text": "\"The Bellagio conference hosted 34 international participants from the Americas, Asia, and Europe.\"",
      "Modifier Relationship": "Hosted",
      "Article Title": "Gavi, the Vaccine Alliance",
      "article URL": "https://www.rockefellerfoundation.org/bellagio-bulletin/from-the-archives/gavi-the-vaccine-alliance/"
    },
    {
      "sourceId": "M7W6R1ONW7UTQ",
      "targetId": "M7W6R1OSOKSYB",
      "Article Text": "\"That same year, the foundation joined with leaders from the WHO, UNICEF, the CDC, and other agencies to form the Consultative Group to Protect the World’s Children, a global immunization initiative.\"",
      "Relationship Date": "1983",
      "Article Title": "Gavi, the Vaccine Alliance",
      "article URL": "https://www.rockefellerfoundation.org/bellagio-bulletin/from-the-archives/gavi-the-vaccine-alliance/",
      "Relationship Summary": "The Rockefeller Foundation joined WHO to form the Consultative Group"
    },
    {
      "sourceId": "M7W6R1OSL1QNA",
      "targetId": "M7W6R1ONVJVZK",
      "Article Text": "\"As a result of a meeting in 1984, the Task Force for Global Health was formed, with Associate Director of Health Sciences at The Rockefeller Foundation, Scott Halstead, serving as a member.\"",
      "Relationship Date": "1984",
      "Article Title": "Gavi, the Vaccine Alliance",
      "article URL": "https://www.rockefellerfoundation.org/bellagio-bulletin/from-the-archives/gavi-the-vaccine-alliance/",
      "Relationship Summary": "The Rockefeller Foundation established the Task Force for Global Health"
    },
    {
      "sourceId": "M7W6R1ONW7UTQ",
      "targetId": "M7W6R1OSL1QNA",
      "Article Text": "\"As a result of a meeting in 1984, the Task Force for Global Health was formed, with Associate Director of Health Sciences at The Rockefeller Foundation, Scott Halstead, serving as a member.\"",
      "Relationship Date": "1984",
      "Article Title": "Gavi, the Vaccine Alliance",
      "article URL": "https://www.rockefellerfoundation.org/bellagio-bulletin/from-the-archives/gavi-the-vaccine-alliance/",
      "Relationship Summary": "The Rockefeller Foundation established the Task Force for Global Health"
    },
    {
      "sourceId": "M7W6R1OSN9R83",
      "targetId": "M7W6R1ONVJVZK",
      "Article Text": "\"As a result of a meeting in 1984, the Task Force for Global Health was formed, with Associate Director of Health Sciences at The Rockefeller Foundation, Scott Halstead, serving as a member.\"",
      "Relationship Date": "1984",
      "Article Title": "Gavi, the Vaccine Alliance",
      "article URL": "https://www.rockefellerfoundation.org/bellagio-bulletin/from-the-archives/gavi-the-vaccine-alliance/",
      "Relationship Summary": "Scott Halstead served as a member of the Task Force for Global Health"
    },
    {
      "sourceId": "M7W6R1ON6F6VR",
      "targetId": "M7W6R1OSN9R83",
      "Article Text": "\"As a result of a meeting in 1984, the Task Force for Global Health was formed, with Associate Director of Health Sciences at The Rockefeller Foundation, Scott Halstead, serving as a member.\"",
      "Relationship Date": "1984",
      "Article Title": "Gavi, the Vaccine Alliance",
      "article URL": "https://www.rockefellerfoundation.org/bellagio-bulletin/from-the-archives/gavi-the-vaccine-alliance/",
      "Relationship Summary": "Scott Halstead served as a member of the Task Force for Global Health"
    },
    {
      "sourceId": "M7W6R1OS3YNBJ",
      "targetId": "M7W6R1ONW7UTQ",
      "Article Text": "\"As a result of a meeting in 1984, the Task Force for Global Health was formed, with Associate Director of Health Sciences at The Rockefeller Foundation, Scott Halstead, serving as a member.\"",
      "Relationship Date": "1984",
      "Article Title": "Gavi, the Vaccine Alliance",
      "article URL": "https://www.rockefellerfoundation.org/bellagio-bulletin/from-the-archives/gavi-the-vaccine-alliance/",
      "Relationship Summary": "Scott Halstead held the position of Associate Director of Health Sciences at The Rockefeller Foundation"
    },
    {
      "sourceId": "M7W6R1ON6F6VR",
      "targetId": "M7W6R1OS3YNBJ",
      "Article Text": "\"As a result of a meeting in 1984, the Task Force for Global Health was formed, with Associate Director of Health Sciences at The Rockefeller Foundation, Scott Halstead, serving as a member.\"",
      "Relationship Date": "1984",
      "Article Title": "Gavi, the Vaccine Alliance",
      "article URL": "https://www.rockefellerfoundation.org/bellagio-bulletin/from-the-archives/gavi-the-vaccine-alliance/",
      "Relationship Summary": "Scott Halstead held the position of Associate Director of Health Sciences at The Rockefeller Foundation"
    },
    {
      "sourceId": "M7W6R1ONW7UTQ",
      "targetId": "M7W6R1OS4OYIO",
      "Article Text": "\"Then, in 1984, the group established a standardized vaccination schedule within the Expanded Program on Immunization (EPI) with the goal of immunizing all children against six major diseases by 1990.\"",
      "Relationship Date": "1984",
      "Article Title": "Gavi, the Vaccine Alliance",
      "article URL": "https://www.rockefellerfoundation.org/bellagio-bulletin/from-the-archives/gavi-the-vaccine-alliance/",
      "Relationship Summary": "The Rockefeller Foundation established EPI with WHO"
    },
    {
      "sourceId": "M7W6R1OSYGRCM",
      "targetId": "M7W6R1ONW7UTQ",
      "Article Text": "\"The Rockefeller Foundation’s proud history with the Bellagio Center began in 1959, when Ella Holbrook Walker, the American Principessa della Torre e Tasso, offered her Italian villa 'for purposes connected with the promotion of international understanding,'\"",
      "Relationship Date": "1959",
      "Article Title": "Bellagio Center History Consolidated",
      "article URL": "https://www.rockefellerfoundation.org/wp-content/uploads/Bellagio-Center-History-Consolidated.pdf",
      "Relationship Summary": "Ella Holbrook Walker offered her villa to The Rockefeller Foundation"
    },
    {
      "sourceId": "M7W6R1ON8EDJU",
      "targetId": "M7W6R1OSYGRCM",
      "Article Text": "\"The Rockefeller Foundation’s proud history with the Bellagio Center began in 1959, when Ella Holbrook Walker, the American Principessa della Torre e Tasso, offered her Italian villa 'for purposes connected with the promotion of international understanding,'\"",
      "Relationship Date": "1959",
      "Article Title": "Bellagio Center History Consolidated",
      "article URL": "https://www.rockefellerfoundation.org/wp-content/uploads/Bellagio-Center-History-Consolidated.pdf",
      "Relationship Summary": "Ella Holbrook Walker offered her villa to The Rockefeller Foundation"
    },
    {
      "sourceId": "M7W6R1OSSSUL7",
      "targetId": "M7W6R1ONW7UTQ",
      "Article Text": "\"and Dean Rusk, the Foundation’s president, accepted her generous donation and embraced its enormous potential.\"",
      "Relationship Date": "1959",
      "Article Title": "Bellagio Center History Consolidated",
      "article URL": "https://www.rockefellerfoundation.org/wp-content/uploads/Bellagio-Center-History-Consolidated.pdf",
      "Relationship Summary": "Dean Rusk accepted the villa donation for The Rockefeller Foundation"
    },
    {
      "sourceId": "M7W6R1ONHDRID",
      "targetId": "M7W6R1OSSSUL7",
      "Article Text": "\"and Dean Rusk, the Foundation’s president, accepted her generous donation and embraced its enormous potential.\"",
      "Relationship Date": "1959",
      "Article Title": "Bellagio Center History Consolidated",
      "article URL": "https://www.rockefellerfoundation.org/wp-content/uploads/Bellagio-Center-History-Consolidated.pdf",
      "Relationship Summary": "Dean Rusk accepted the villa donation for The Rockefeller Foundation"
    },
    {
      "sourceId": "M7W6R1OSOHYVV",
      "targetId": "M7W6R1ONW7UTQ",
      "Article Text": "\"and Dean Rusk, the Foundation’s president, accepted her generous donation and embraced its enormous potential.\"",
      "Relationship Date": "1959",
      "Article Title": "Bellagio Center History Consolidated",
      "article URL": "https://www.rockefellerfoundation.org/wp-content/uploads/Bellagio-Center-History-Consolidated.pdf",
      "Relationship Summary": "Dean Rusk held the position of president at The Rockefeller Foundation"
    },
    {
      "sourceId": "M7W6R1ONHDRID",
      "targetId": "M7W6R1OSOHYVV",
      "Article Text": "\"and Dean Rusk, the Foundation’s president, accepted her generous donation and embraced its enormous potential.\"",
      "Relationship Date": "1959",
      "Article Title": "Bellagio Center History Consolidated",
      "article URL": "https://www.rockefellerfoundation.org/wp-content/uploads/Bellagio-Center-History-Consolidated.pdf",
      "Relationship Summary": "Dean Rusk held the position of president at The Rockefeller Foundation"
    },
    {
      "sourceId": "M7W6R1OSZNMTG",
      "targetId": "M7W6R1ON4J762",
      "Article Text": "\"In the summer of 1959, John Marshall, associate director of the Rockefeller Foundation’s Humanities program, became director of the Villa.\"",
      "Relationship Date": "Summer 1959",
      "Article Title": "Bellagio Center History Consolidated",
      "article URL": "https://www.rockefellerfoundation.org/wp-content/uploads/Bellagio-Center-History-Consolidated.pdf",
      "Relationship Summary": "John Marshall became director of the Bellagio Center"
    },
    {
      "sourceId": "M7W6R1ONCVKXN",
      "targetId": "M7W6R1OSZNMTG",
      "Article Text": "\"In the summer of 1959, John Marshall, associate director of the Rockefeller Foundation’s Humanities program, became director of the Villa.\"",
      "Relationship Date": "Summer 1959",
      "Article Title": "Bellagio Center History Consolidated",
      "article URL": "https://www.rockefellerfoundation.org/wp-content/uploads/Bellagio-Center-History-Consolidated.pdf",
      "Relationship Summary": "John Marshall became director of the Bellagio Center"
    },
    {
      "sourceId": "M7W6R1OSWPJW5",
      "targetId": "M7W6R1ONW7UTQ",
      "Article Text": "\"In the summer of 1959, John Marshall, associate director of the Rockefeller Foundation’s Humanities program, became director of the Villa.\"",
      "Relationship Date": "Summer 1959",
      "Article Title": "Bellagio Center History Consolidated",
      "article URL": "https://www.rockefellerfoundation.org/wp-content/uploads/Bellagio-Center-History-Consolidated.pdf",
      "Relationship Summary": "John Marshall held the position of associate director at The Rockefeller Foundation"
    },
    {
      "sourceId": "M7W6R1ONCVKXN",
      "targetId": "M7W6R1OSWPJW5",
      "Article Text": "\"In the summer of 1959, John Marshall, associate director of the Rockefeller Foundation’s Humanities program, became director of the Villa.\"",
      "Relationship Date": "Summer 1959",
      "Article Title": "Bellagio Center History Consolidated",
      "article URL": "https://www.rockefellerfoundation.org/wp-content/uploads/Bellagio-Center-History-Consolidated.pdf",
      "Relationship Summary": "John Marshall held the position of associate director at The Rockefeller Foundation"
    },
    {
      "sourceId": "M7W6R1OS9GJ1M",
      "targetId": "M7W6R1ON4J762",
      "Article Text": "\"In March 1998, Gianna Bellei Celli became managing director of the Bellagio Center.\"",
      "Relationship Date": "March 1998",
      "Article Title": "Bellagio Center History Consolidated",
      "article URL": "https://www.rockefellerfoundation.org/wp-content/uploads/Bellagio-Center-History-Consolidated.pdf",
      "Relationship Summary": "Gianna Bellei Celli became managing director of the Bellagio Center"
    },
    {
      "sourceId": "M7W6R1ONMXWQK",
      "targetId": "M7W6R1OS9GJ1M",
      "Article Text": "\"In March 1998, Gianna Bellei Celli became managing director of the Bellagio Center.\"",
      "Relationship Date": "March 1998",
      "Article Title": "Bellagio Center History Consolidated",
      "article URL": "https://www.rockefellerfoundation.org/wp-content/uploads/Bellagio-Center-History-Consolidated.pdf",
      "Relationship Summary": "Gianna Bellei Celli became managing director of the Bellagio Center"
    },
    {
      "sourceId": "M7W6R1OSTF14W",
      "targetId": "M7W6R1ON4J762",
      "Article Text": "\"It was her idea to transform the Frati, where she was living at the time, into a second conference unit.\"",
      "Relationship Date": "March 1998",
      "Article Title": "Bellagio Center History Consolidated",
      "article URL": "https://www.rockefellerfoundation.org/wp-content/uploads/Bellagio-Center-History-Consolidated.pdf",
      "Relationship Summary": "Gianna Bellei Celli proposed transforming the Frati into a conference unit"
    },
    {
      "sourceId": "M7W6R1ONMXWQK",
      "targetId": "M7W6R1OSTF14W",
      "Article Text": "\"It was her idea to transform the Frati, where she was living at the time, into a second conference unit.\"",
      "Relationship Date": "March 1998",
      "Article Title": "Bellagio Center History Consolidated",
      "article URL": "https://www.rockefellerfoundation.org/wp-content/uploads/Bellagio-Center-History-Consolidated.pdf",
      "Relationship Summary": "Gianna Bellei Celli proposed transforming the Frati into a conference unit"
    },
    {
      "sourceId": "M7W6R1OSR0IY8",
      "targetId": "M7W6R1ON4J762",
      "Article Text": "\"In the summer of 2003—a particularly hot summer—she had an air-conditioning system installed at the Center.\"",
      "Relationship Date": "Summer 2003",
      "Article Title": "Bellagio Center History Consolidated",
      "article URL": "https://www.rockefellerfoundation.org/wp-content/uploads/Bellagio-Center-History-Consolidated.pdf",
      "Relationship Summary": "Gianna Bellei Celli installed an air-conditioning system at the Bellagio Center"
    },
    {
      "sourceId": "M7W6R1ONMXWQK",
      "targetId": "M7W6R1OSR0IY8",
      "Article Text": "\"In the summer of 2003—a particularly hot summer—she had an air-conditioning system installed at the Center.\"",
      "Relationship Date": "Summer 2003",
      "Article Title": "Bellagio Center History Consolidated",
      "article URL": "https://www.rockefellerfoundation.org/wp-content/uploads/Bellagio-Center-History-Consolidated.pdf",
      "Relationship Summary": "Gianna Bellei Celli installed an air-conditioning system at the Bellagio Center"
    },
    {
      "sourceId": "M7W6R1OSCG6XE",
      "targetId": "M7W6R1ON4J762",
      "Article Text": "\"Pilar Palaciá, a Humanities professor and former general manager of the Latin American office of the Rockefeller Foundation, had been appointed the Bellagio Center managing director in January of that year.\"",
      "Relationship Date": "January 2005",
      "Article Title": "Bellagio Center History Consolidated",
      "article URL": "https://www.rockefellerfoundation.org/wp-content/uploads/Bellagio-Center-History-Consolidated.pdf",
      "Relationship Summary": "Pilar Palaciá was appointed managing director of the Bellagio Center"
    },
    {
      "sourceId": "M7W6R1ONNDRF3",
      "targetId": "M7W6R1OSCG6XE",
      "Article Text": "\"Pilar Palaciá, a Humanities professor and former general manager of the Latin American office of the Rockefeller Foundation, had been appointed the Bellagio Center managing director in January of that year.\"",
      "Relationship Date": "January 2005",
      "Article Title": "Bellagio Center History Consolidated",
      "article URL": "https://www.rockefellerfoundation.org/wp-content/uploads/Bellagio-Center-History-Consolidated.pdf",
      "Relationship Summary": "Pilar Palaciá was appointed managing director of the Bellagio Center"
    },
    {
      "sourceId": "M7W6R1OS3C3PG",
      "targetId": "M7W6R1ONW7UTQ",
      "Article Text": "\"Pilar Palaciá, a Humanities professor and former general manager of the Latin American office of the Rockefeller Foundation, had been appointed the Bellagio Center managing director in January of that year.\"",
      "Article Title": "Bellagio Center History Consolidated",
      "article URL": "https://www.rockefellerfoundation.org/wp-content/uploads/Bellagio-Center-History-Consolidated.pdf",
      "Relationship Summary": "Pilar Palaciá held the position of general manager at The Rockefeller Foundation"
    },
    {
      "sourceId": "M7W6R1ONNDRF3",
      "targetId": "M7W6R1OS3C3PG",
      "Article Text": "\"Pilar Palaciá, a Humanities professor and former general manager of the Latin American office of the Rockefeller Foundation, had been appointed the Bellagio Center managing director in January of that year.\"",
      "Article Title": "Bellagio Center History Consolidated",
      "article URL": "https://www.rockefellerfoundation.org/wp-content/uploads/Bellagio-Center-History-Consolidated.pdf",
      "Relationship Summary": "Pilar Palaciá held the position of general manager at The Rockefeller Foundation"
    },
    {
      "sourceId": "M7W6R1ON7KOR2",
      "targetId": "M7W6R1OSMNJVT",
      "Article Text": "\"ARIEL PABLOS-MÉNDEZ is a Professor of Medicine at Columbia University Medical Center in New York\"",
      "Article Title": "Ariel Pablos-Méndez",
      "article URL": "https://web.archive.org/web/20230323201804/https://www.globalviromeproject.org/ariel-pablos-medez",
      "Relationship Summary": "Ariel Pablos-Méndez holds the position of Professor of Medicine at Columbia University Medical Center"
    },
    {
      "sourceId": "M7W6R1OS222ND",
      "targetId": "M7UDX5VE61VSG",
      "Article Text": "\"and former Assistant Administrator for Global Health at USAID under President Obama\"",
      "Relationship Date": "2011 - 2016",
      "Article Title": "Ariel Pablos-Méndez",
      "article URL": "https://web.archive.org/web/20230323201804/https://www.globalviromeproject.org/ariel-pablos-medez",
      "Relationship Summary": "Ariel Pablos-Méndez held the position of Assistant Administrator for Global Health at USAID"
    },
    {
      "sourceId": "M7W6R1ON7KOR2",
      "targetId": "M7W6R1OS222ND",
      "Article Text": "\"and former Assistant Administrator for Global Health at USAID under President Obama\"",
      "Relationship Date": "2011 - 2016",
      "Article Title": "Ariel Pablos-Méndez",
      "article URL": "https://web.archive.org/web/20230323201804/https://www.globalviromeproject.org/ariel-pablos-medez",
      "Relationship Summary": "Ariel Pablos-Méndez held the position of Assistant Administrator for Global Health at USAID"
    },
    {
      "sourceId": "M7W6R1ON7KOR2",
      "targetId": "M7W6R1OS7P8AR",
      "Article Text": "\"Ariel’s career began working on the emergence of multi-drug resistant tuberculosis in New York City in 1991 and leading the first global report on Anti-Tuberculosis Drug Resistance at the World Health Organization (WHO)\"",
      "Relationship Date": "1991",
      "Article Title": "Ariel Pablos-Méndez",
      "article URL": "https://web.archive.org/web/20230323201804/https://www.globalviromeproject.org/ariel-pablos-medez",
      "Relationship Summary": "Ariel Pablos-Méndez worked on multi-drug resistant tuberculosis and led WHO's first global report"
    },
    {
      "sourceId": "M7W6R1ON7KOR2",
      "targetId": "M7W6R1OSFDNTK",
      "Article Text": "\"where he later served as Director of Knowledge Management, 2004-2007, working to bridge the know-do gap in global health.\"",
      "Relationship Date": "2004 - 2007",
      "Article Title": "Ariel Pablos-Méndez",
      "article URL": "https://web.archive.org/web/20230323201804/https://www.globalviromeproject.org/ariel-pablos-medez",
      "Relationship Summary": "Ariel Pablos-Méndez served as Director of Knowledge Management at WHO"
    },
    {
      "sourceId": "M7W6R1OSXVKYM",
      "targetId": "M7W6R1ONW7UTQ",
      "Article Text": "\"At The Rockefeller Foundation from 1998 to 2004, he spearheaded public-private partnerships in R&D for diseases of poverty (e.g. the Global Alliance for TB Drug Development)\"",
      "Relationship Date": "1998 - 2004",
      "Article Title": "Ariel Pablos-Méndez",
      "article URL": "https://web.archive.org/web/20230323201804/https://www.globalviromeproject.org/ariel-pablos-medez",
      "Relationship Summary": "Ariel Pablos-Méndez spearheaded public-private partnerships at The Rockefeller Foundation"
    },
    {
      "sourceId": "M7W6R1ON7KOR2",
      "targetId": "M7W6R1OSXVKYM",
      "Article Text": "\"At The Rockefeller Foundation from 1998 to 2004, he spearheaded public-private partnerships in R&D for diseases of poverty (e.g. the Global Alliance for TB Drug Development)\"",
      "Relationship Date": "1998 - 2004",
      "Article Title": "Ariel Pablos-Méndez",
      "article URL": "https://web.archive.org/web/20230323201804/https://www.globalviromeproject.org/ariel-pablos-medez",
      "Relationship Summary": "Ariel Pablos-Méndez spearheaded public-private partnerships at The Rockefeller Foundation"
    },
    {
      "sourceId": "M7W6R1OSYOVNE",
      "targetId": "M7W6R1ONW7UTQ",
      "Article Text": "\"the Foundation's strategy on AIDS treatment in Africa\"",
      "Relationship Date": "1998 - 2004",
      "Article Title": "Ariel Pablos-Méndez",
      "article URL": "https://web.archive.org/web/20230323201804/https://www.globalviromeproject.org/ariel-pablos-medez",
      "Relationship Summary": "Ariel Pablos-Méndez led the AIDS treatment strategy in Africa at The Rockefeller Foundation"
    },
    {
      "sourceId": "M7W6R1ON7KOR2",
      "targetId": "M7W6R1OSYOVNE",
      "Article Text": "\"the Foundation's strategy on AIDS treatment in Africa\"",
      "Relationship Date": "1998 - 2004",
      "Article Title": "Ariel Pablos-Méndez",
      "article URL": "https://web.archive.org/web/20230323201804/https://www.globalviromeproject.org/ariel-pablos-medez",
      "Relationship Summary": "Ariel Pablos-Méndez led the AIDS treatment strategy in Africa at The Rockefeller Foundation"
    },
    {
      "sourceId": "M7W6R1OSSD5K7",
      "targetId": "M7W6R1ONW7UTQ",
      "Article Text": "\"and the Joint Learning Initiative on Human Resources for Health.\"",
      "Relationship Date": "1998 - 2004",
      "Article Title": "Ariel Pablos-Méndez",
      "article URL": "https://web.archive.org/web/20230323201804/https://www.globalviromeproject.org/ariel-pablos-medez",
      "Relationship Summary": "Ariel Pablos-Méndez led the Joint Learning Initiative on Human Resources for Health at The Rockefeller Foundation"
    },
    {
      "sourceId": "M7W6R1ON7KOR2",
      "targetId": "M7W6R1OSSD5K7",
      "Article Text": "\"and the Joint Learning Initiative on Human Resources for Health.\"",
      "Relationship Date": "1998 - 2004",
      "Article Title": "Ariel Pablos-Méndez",
      "article URL": "https://web.archive.org/web/20230323201804/https://www.globalviromeproject.org/ariel-pablos-medez",
      "Relationship Summary": "Ariel Pablos-Méndez led the Joint Learning Initiative on Human Resources for Health at The Rockefeller Foundation"
    },
    {
      "sourceId": "M7W6R1OS54JVD",
      "targetId": "M7W6R1ONW7UTQ",
      "Article Text": "\"In 2007, Ariel returned to Rockefeller as Managing Director\"",
      "Relationship Date": "2007",
      "Article Title": "Ariel Pablos-Méndez",
      "article URL": "https://web.archive.org/web/20230323201804/https://www.globalviromeproject.org/ariel-pablos-medez",
      "Relationship Summary": "Ariel Pablos-Méndez served as Managing Director at The Rockefeller Foundation"
    },
    {
      "sourceId": "M7W6R1ON7KOR2",
      "targetId": "M7W6R1OS54JVD",
      "Article Text": "\"In 2007, Ariel returned to Rockefeller as Managing Director\"",
      "Relationship Date": "2007",
      "Article Title": "Ariel Pablos-Méndez",
      "article URL": "https://web.archive.org/web/20230323201804/https://www.globalviromeproject.org/ariel-pablos-medez",
      "Relationship Summary": "Ariel Pablos-Méndez served as Managing Director at The Rockefeller Foundation"
    },
    {
      "sourceId": "M7W6R1OS6X0VK",
      "targetId": "M7W6R1ONW7UTQ",
      "Article Text": "\"and led the Foundation’s initiative to position universal health coverage on the international agenda.\"",
      "Relationship Date": "2007",
      "Article Title": "Ariel Pablos-Méndez",
      "article URL": "https://web.archive.org/web/20230323201804/https://www.globalviromeproject.org/ariel-pablos-medez",
      "Relationship Summary": "Ariel Pablos-Méndez led the initiative for universal health coverage at The Rockefeller Foundation"
    },
    {
      "sourceId": "M7W6R1ON7KOR2",
      "targetId": "M7W6R1OS6X0VK",
      "Article Text": "\"and led the Foundation’s initiative to position universal health coverage on the international agenda.\"",
      "Relationship Date": "2007",
      "Article Title": "Ariel Pablos-Méndez",
      "article URL": "https://web.archive.org/web/20230323201804/https://www.globalviromeproject.org/ariel-pablos-medez",
      "Relationship Summary": "Ariel Pablos-Méndez led the initiative for universal health coverage at The Rockefeller Foundation"
    },
    {
      "sourceId": "M7W6R1OSI3DNU",
      "targetId": "M7W6R1OOW0SOU",
      "Article Text": "\"Ariel received his M.D. from the University of Guadalajara (Mexico)\"",
      "Article Title": "Ariel Pablos-Méndez",
      "article URL": "https://web.archive.org/web/20230323201804/https://www.globalviromeproject.org/ariel-pablos-medez",
      "Relationship Summary": "Ariel Pablos-Méndez received his M.D. from University of Guadalajara"
    },
    {
      "sourceId": "M7W6R1ON7KOR2",
      "targetId": "M7W6R1OSI3DNU",
      "Article Text": "\"Ariel received his M.D. from the University of Guadalajara (Mexico)\"",
      "Article Title": "Ariel Pablos-Méndez",
      "article URL": "https://web.archive.org/web/20230323201804/https://www.globalviromeproject.org/ariel-pablos-medez",
      "Relationship Summary": "Ariel Pablos-Méndez received his M.D. from University of Guadalajara"
    },
    {
      "sourceId": "M7W6R1ON7KOR2",
      "targetId": "M7W6R1OS9VAW5",
      "Article Text": "\"and his M.P.H from Columbia University.\"",
      "Article Title": "Ariel Pablos-Méndez",
      "article URL": "https://web.archive.org/web/20230323201804/https://www.globalviromeproject.org/ariel-pablos-medez",
      "Relationship Summary": "Ariel Pablos-Méndez received his M.P.H. from Columbia University"
    },
    {
      "sourceId": "M7W6R1OSDF2NF",
      "targetId": "M7W6R1ON7KOR2",
      "Article Text": "\"and former Assistant Administrator for Global Health at USAID under President Obama\"",
      "Relationship Date": "2011 - 2016",
      "Article Title": "Ariel Pablos-Méndez",
      "article URL": "https://web.archive.org/web/20230323201804/https://www.globalviromeproject.org/ariel-pablos-medez",
      "Relationship Summary": "USAID employed Ariel Pablos-Méndez as Assistant Administrator"
    },
    {
      "sourceId": "M7UDX5VE61VSG",
      "targetId": "M7W6R1OSDF2NF",
      "Article Text": "\"and former Assistant Administrator for Global Health at USAID under President Obama\"",
      "Relationship Date": "2011 - 2016",
      "Article Title": "Ariel Pablos-Méndez",
      "article URL": "https://web.archive.org/web/20230323201804/https://www.globalviromeproject.org/ariel-pablos-medez",
      "Relationship Summary": "USAID employed Ariel Pablos-Méndez as Assistant Administrator"
    },
    {
      "sourceId": "M7W6R1OSNK0RQ",
      "targetId": "M7W6R1ON7KOR2",
      "Article Text": "\"leading the first global report on Anti-Tuberculosis Drug Resistance at the World Health Organization (WHO), where he later served as Director of Knowledge Management, 2004-2007\"",
      "Relationship Date": "2004 - 2007",
      "Article Title": "Ariel Pablos-Méndez",
      "article URL": "https://web.archive.org/web/20230323201804/https://www.globalviromeproject.org/ariel-pablos-medez",
      "Relationship Summary": "WHO employed Ariel Pablos-Méndez in various roles"
    },
    {
      "sourceId": "M7W6R1OSNBTHG",
      "targetId": "M7W6R1ON7KOR2",
      "Article Text": "\"At The Rockefeller Foundation from 1998 to 2004 ... In 2007, Ariel returned to Rockefeller as Managing Director\"",
      "Relationship Date": "1998 - 2004, 2007",
      "Article Title": "Ariel Pablos-Méndez",
      "article URL": "https://web.archive.org/web/20230323201804/https://www.globalviromeproject.org/ariel-pablos-medez",
      "Relationship Summary": "The Rockefeller Foundation employed Ariel Pablos-Méndez in various roles"
    },
    {
      "sourceId": "M7W6R1ONW7UTQ",
      "targetId": "M7W6R1OSNBTHG",
      "Article Text": "\"At The Rockefeller Foundation from 1998 to 2004 ... In 2007, Ariel returned to Rockefeller as Managing Director\"",
      "Relationship Date": "1998 - 2004, 2007",
      "Article Title": "Ariel Pablos-Méndez",
      "article URL": "https://web.archive.org/web/20230323201804/https://www.globalviromeproject.org/ariel-pablos-medez",
      "Relationship Summary": "The Rockefeller Foundation employed Ariel Pablos-Méndez in various roles"
    }
  ]
}