{
  "nodes": [
    {
      "id": "85c96efd-2f61-4dc8-85b1-f75f02e71712",
      "name": "USAID",
      "type": "Entity"
    },
    {
      "id": "69410e3e-ba05-4579-a0d6-a22368cdc05b",
      "name": "PREDICT",
      "Article URL": "https://www.ecohealthalliance.org/program/predict",
      "Article Text": "The PREDICT project seeks to identify new emerging infectious diseases that could become a threat to human health.",
      "type": "Entity"
    },
    {
      "id": "48eef7d2-6483-4459-a030-902f5c67404b",
      "name": "PREVENT",
      "Article URL": "https://www.ecohealthalliance.org/program/predict",
      "type": "Entity"
    },
    {
      "id": "25c5eb37-4985-48ba-9c55-c5684d63bc28",
      "name": "Emerging Pandemic Threats (EPT)",
      "Article URL": "https://web.archive.org/web/20250201000636/https://2017-2020.usaid.gov/vietnam/fact-sheets/emerging-pandemic-threats-ept-2",
      "Article Text": "USAID launched the Emerging Pandemic Threats 2 (EPT-2) program in 2014, which builds on the successes of earlier programs in disease surveillance, training and outbreak response. This program expands the operational platforms, institutional partnerships and knowledge base developed over the past decade by USAID’s EPT-1 and Avian Influenza portfolios to pre-empt or combat newly emerging diseases of animal origin at their source, and to reduce the threat to human health. The EPT-2 program strengthens capacities in Vietnam and more than 20 focus countries in Africa and Asia to prevent, detect and respond to infectious disease threats",
      "type": "Entity"
    },
    {
      "id": "68ffb1ed-fcf5-4cb4-accf-3136d4858900",
      "name": "IDENTIFY",
      "Article URL": "https://www.ecohealthalliance.org/program/predict",
      "type": "Entity"
    },
    {
      "id": "5fec7da5-93ea-422d-899e-d40dc58d31f1",
      "name": "RESPOND",
      "Article URL": "https://www.ecohealthalliance.org/program/predict",
      "type": "Entity"
    }
  ],
  "links": [
    {
      "sourceId": "25c5eb37-4985-48ba-9c55-c5684d63bc28",
      "targetId": "48eef7d2-6483-4459-a030-902f5c67404b"
    },
    {
      "sourceId": "25c5eb37-4985-48ba-9c55-c5684d63bc28",
      "targetId": "69410e3e-ba05-4579-a0d6-a22368cdc05b"
    },
    {
      "sourceId": "25c5eb37-4985-48ba-9c55-c5684d63bc28",
      "targetId": "5fec7da5-93ea-422d-899e-d40dc58d31f1"
    },
    {
      "sourceId": "25c5eb37-4985-48ba-9c55-c5684d63bc28",
      "targetId": "68ffb1ed-fcf5-4cb4-accf-3136d4858900"
    },
    {
      "sourceId": "85c96efd-2f61-4dc8-85b1-f75f02e71712",
      "targetId": "25c5eb37-4985-48ba-9c55-c5684d63bc28"
    }
  ]
}