{
  "nodes": [
    {
      "id": "M7NDPA6WHFZVU",
      "Purpose": "Research on febrile deaths in Tanzania",
      "URL": "https://blog.whitecoatwaste.org/wp-content/uploads/2023/06/wuhan-patient-zero_chmura-gima-correspondence.pdf",
      "type": "Purpose",
      "name": "Research on febrile deaths in Tanzania"
    },
    {
      "id": "M7NDMWVIZ3WIN",
      "Entity Name": "EcoHealth Alliance",
      "URL": "https://blog.whitecoatwaste.org/wp-content/uploads/2023/06/wuhan-patient-zero_chmura-gima-correspondence.pdf",
      "Article Text": "\"Peter Daszak,b ... The Global Virome Project\"",
      "Article Title": "The Global Virome Project",
      "Article URL": "WCW-complaint-to-NIH-EcoHealth-Alliance-March-15-2021.pdf",
      "Entity Acronym": "WCW",
      "type": "Entity",
      "name": "EcoHealth Alliance"
    },
    {
      "id": "M7NDMWVKX7AQ8",
      "Entity Name": "Wuhan Institute of Virology",
      "URL": "https://blog.whitecoatwaste.org/wp-content/uploads/2023/06/wuhan-patient-zero_chmura-gima-correspondence.pdf",
      "Article Text": "\"The National Institutes of Health is pressing a U.S. nonprofit, EcoHealth Alliance, for details on a research project at China’s Wuhan Institute of Virology that studied whether bat coronaviruses could be manipulated to infect humans.\"",
      "Article Title": "NIH Presses U.S. Nonprofit for Information on Wuhan Virology Lab",
      "article URL": "https://www.wsj.com/articles/nih-presses-u-s-nonprofit-for-information-on-wuhan-virology-lab-11597829400",
      "Article URL": "PMC Article",
      "Entity Acronym": "USAID",
      "type": "Entity",
      "name": "Wuhan Institute of Virology"
    },
    {
      "id": "M7NDMWVMB2GQU",
      "Entity Name": "National Institutes of Health",
      "URL": "https://www.wsj.com/articles/nih-presses-u-s-nonprofit-for-information-on-wuhan-virology-lab-11597829400",
      "Article Text": "\"Dr. Kurilla previously served as the director of the Office of Biodefense Research Resources and Translational Research within the National Institute of Allergy and Infectious Diseases (NIAID) from 2003 to 2017.\"",
      "Relationship Date": "2003 - 2017",
      "Article Title": "Alumni Profiles Series: Michael Kurilla",
      "article URL": "https://gradschool.duke.edu/professional-development/blog/alumni-profiles-series-michael-kurilla/",
      "Article URL": "https://dailycaller.com/2021/02/13/world-health-organization-peter-daszak-conflict-of-interest-china-coronavirus/",
      "Entity Acronym": "Daszak",
      "type": "Entity",
      "name": "National Institutes of Health"
    },
    {
      "id": "M7NDMWVSWZX51",
      "Entity Name": "Duke-NUS Medical School",
      "URL": "https://blog.whitecoatwaste.org/wp-content/uploads/2023/06/wuhan-patient-zero_chmura-gima-correspondence.pdf",
      "type": "Entity",
      "name": "Duke-NUS Medical School"
    },
    {
      "id": "M7NDMWVUC75G2",
      "Entity Name": "Bats",
      "Article Text": "\"We will also collaborate with Duke-NUS Medical School in Singapore to analyze the data.\"",
      "Relationship Date": "Unknown",
      "Article Title": "NIH-EcoHealth-Grant-FOIA-April-2023",
      "article URL": "https://www.judicialwatch.org/wp-content/uploads/2023/04/NIH-EcoHealth-Grant-FOIA-April-2023-pgs-231-263.pdf",
      "Article URL": "https://nymag.com/intelligencer/article/coronavirus-lab-escape-theory.html",
      "type": "Entity",
      "name": "Bats"
    },
    {
      "id": "M7NDMWWS6R28Z",
      "Entity Name": "Betacoronaviruses",
      "Article Text": "\"This project will continue our collaborative efforts with Duke-NUS Medical School to work on betacoronaviruses from Southeast Asian bats.\"",
      "Relationship Date": "Unknown",
      "Article Title": "NIH-EcoHealth-Grant-FOIA-April-2023",
      "article URL": "https://www.judicialwatch.org/wp-content/uploads/2023/04/NIH-EcoHealth-Grant-FOIA-April-2023-pg-253.pdf",
      "type": "Entity",
      "name": "Betacoronaviruses"
    },
    {
      "id": "M7NDMWWSWU200",
      "Entity Name": "Sequencing Data",
      "Article Text": "\"Duke-NUS Medical School is involved in the analysis of our sequencing data.\"",
      "Relationship Date": "Unknown",
      "Article Title": "NIH-EcoHealth-Grant-FOIA-April-2023",
      "article URL": "https://www.judicialwatch.org/wp-content/uploads/2023/04/NIH-EcoHealth-Grant-FOIA-April-2023-pgs-319-323.pdf",
      "type": "Entity",
      "name": "Sequencing Data"
    },
    {
      "id": "M7NDMWWSI73KB",
      "Entity Name": "Data Gathered",
      "Article Text": "\"We continue to collaborate with Duke-NUS Medical School for the analysis of the data gathered.\"",
      "Relationship Date": "Unknown",
      "Article Title": "NIH-EcoHealth-Grant-FOIA-April-2023",
      "article URL": "https://www.judicialwatch.org/wp-content/uploads/2023/04/NIH-EcoHealth-Grant-FOIA-April-2023-pgs-319-530.pdf",
      "type": "Entity",
      "name": "Data Gathered"
    },
    {
      "id": "M7NDMWWB1WZ01",
      "Relationship Summary": "Linfa Wang's role at Duke-NUS",
      "Article Text": "\"Linfa Wang Co-Investigator at Duke-NUS Medical School\"",
      "type": "Relationship",
      "name": "Linfa Wang's role at Duke-NUS"
    },
    {
      "id": "M7NDMWWIX34KJ",
      "Relationship Summary": "EHA collaborates with Duke-NUS for research on betacoronaviruses",
      "Article Text": "\"This project will continue our collaborative efforts with Duke-NUS Medical School to work on betacoronaviruses from Southeast Asian bats.\"",
      "Relationship NAME": "to work on",
      "Relationship Date": "Unknown",
      "article URL": "https://www.judicialwatch.org/wp-content/uploads/2023/04/NIH-EcoHealth-Grant-FOIA-April-2023-pg-253.pdf",
      "type": "Relationship",
      "Tag": "Virology",
      "name": "EHA collaborates with Duke-NUS for research on betacoronaviruses"
    },
    {
      "id": "M7NDMWWIN2U3A",
      "Relationship Summary": "WIV conducts research with Duke-NUS",
      "Article Text": "\"We will also collaborate with Duke-NUS Medical School in Singapore to analyze the data.\"",
      "Relationship NAME": "to analyze data from",
      "Relationship Date": "Unknown",
      "article URL": "https://www.judicialwatch.org/wp-content/uploads/2023/04/NIH-EcoHealth-Grant-FOIA-April-2023-pgs-231-263.pdf",
      "type": "Relationship",
      "Tag": "Virology",
      "name": "WIV conducts research with Duke-NUS"
    },
    {
      "id": "M7NDMWWIQYA9B",
      "Relationship Summary": "EHA works with Duke-NUS for research analysis",
      "Article Text": "\"We are also working closely with Duke-NUS Medical School for the analysis of the data gathered from the field.\"",
      "article URL": "https://www.judicialwatch.org/wp-content/uploads/2023/04/NIH-EcoHealth-Grant-FOIA-April-2023-pgs-273-318.pdf",
      "type": "Relationship",
      "Tag": "Virology",
      "name": "EHA works with Duke-NUS for research analysis"
    },
    {
      "id": "M7NDMWWIRD4FE",
      "Relationship Summary": "EHA works with Duke-NUS for data analysis",
      "Article Text": "\"Duke-NUS Medical School is involved in the analysis of our sequencing data.\"",
      "Relationship NAME": "for the analysis of",
      "Relationship Date": "Unknown",
      "article URL": "https://www.judicialwatch.org/wp-content/uploads/2023/04/NIH-EcoHealth-Grant-FOIA-April-2023-pgs-319-323.pdf",
      "type": "Relationship",
      "Tag": "Virology",
      "name": "EHA works with Duke-NUS for data analysis"
    },
    {
      "id": "M7NDMWWI201P5",
      "Relationship Summary": "EHA works with Duke-NUS for analysis",
      "Article Text": "\"We continue to collaborate with Duke-NUS Medical School for the analysis of the data gathered.\"",
      "Relationship NAME": "for the analysis of",
      "Relationship Date": "Unknown",
      "article URL": "https://www.judicialwatch.org/wp-content/uploads/2023/04/NIH-EcoHealth-Grant-FOIA-April-2023-pgs-319-530.pdf",
      "type": "Relationship",
      "Tag": "Virology",
      "name": "EHA works with Duke-NUS for analysis"
    },
    {
      "id": "M7NDMWWU186R3",
      "Country Name": "Singapore",
      "type": "Country",
      "name": "Singapore"
    },
    {
      "id": "M7NDPA6XCOZNR",
      "Distributor Full Name": "National Institutes of Health",
      "Amount": "464645",
      "Receiver Name": "Duke-NUS Medical School",
      "Summary": "Grant for investigating febrile deaths in Tanzania",
      "Purpose": "Research on febrile deaths in Tanzania",
      "URL": "https://blog.whitecoatwaste.org/wp-content/uploads/2023/06/wuhan-patient-zero_chmura-gima-correspondence.pdf",
      "type": "Amount",
      "name": "Research on febrile deaths in Tanzania"
    },
    {
      "id": "M7NDPA6X1VPQS",
      "Distributor Full Name": "National Research Foundation, Singapore",
      "Amount": "416421",
      "Receiver Name": "Duke-NUS Medical School",
      "Summary": "Grant for combating SARS-like and MERS-like outbreaks through surveillance",
      "Purpose": "Combating SARS-like and MERS-like outbreaks through surveillance",
      "URL": "https://blog.whitecoatwaste.org/wp-content/uploads/2023/06/wuhan-patient-zero_chmura-gima-correspondence.pdf",
      "type": "Amount",
      "name": "Combating SARS-like and MERS-like outbreaks through surveillance"
    }
  ],
  "links": [
    {
      "sourceId": "M7NDPA6XCOZNR",
      "targetId": "M7NDPA6WHFZVU",
      "Distributor Full Name": "National Institutes of Health",
      "Amount": "464645",
      "Receiver Name": "Duke-NUS Medical School",
      "Receiver Acronym": "Duke-NUS",
      "Date": "01/01/16",
      "Summary": "Grant for investigating febrile deaths in Tanzania",
      "Purpose": "Research on febrile deaths in Tanzania",
      "URL": "https://blog.whitecoatwaste.org/wp-content/uploads/2023/06/wuhan-patient-zero_chmura-gima-correspondence.pdf"
    },
    {
      "sourceId": "M7NDMWWB1WZ01",
      "targetId": "M7NDMWWU186R3",
      "Relationship Summary": "Linfa Wang's role at Duke-NUS"
    },
    {
      "sourceId": "M7NDMWWIX34KJ",
      "targetId": "M7NDMWWU186R3",
      "Relationship Summary": "EHA collaborates with Duke-NUS for research on betacoronaviruses",
      "Relationship Date": "Unknown",
      "Article Title": "NIH-EcoHealth-Grant-FOIA-April-2023",
      "article URL": "https://www.judicialwatch.org/wp-content/uploads/2023/04/NIH-EcoHealth-Grant-FOIA-April-2023-pg-253.pdf"
    },
    {
      "sourceId": "M7NDMWWIN2U3A",
      "targetId": "M7NDMWWU186R3",
      "Relationship Summary": "WIV conducts research with Duke-NUS",
      "Relationship Date": "Unknown",
      "Article Title": "NIH-EcoHealth-Grant-FOIA-April-2023",
      "article URL": "https://www.judicialwatch.org/wp-content/uploads/2023/04/NIH-EcoHealth-Grant-FOIA-April-2023-pgs-231-263.pdf"
    },
    {
      "sourceId": "M7NDMWWIQYA9B",
      "targetId": "M7NDMWWU186R3",
      "Relationship Summary": "EHA works with Duke-NUS for research analysis",
      "article URL": "https://www.judicialwatch.org/wp-content/uploads/2023/04/NIH-EcoHealth-Grant-FOIA-April-2023-pgs-273-318.pdf"
    },
    {
      "sourceId": "M7NDMWWIRD4FE",
      "targetId": "M7NDMWWU186R3",
      "Relationship Summary": "EHA works with Duke-NUS for data analysis",
      "Relationship Date": "Unknown",
      "Article Title": "NIH-EcoHealth-Grant-FOIA-April-2023",
      "article URL": "https://www.judicialwatch.org/wp-content/uploads/2023/04/NIH-EcoHealth-Grant-FOIA-April-2023-pgs-319-323.pdf"
    },
    {
      "sourceId": "M7NDMWWI201P5",
      "targetId": "M7NDMWWU186R3",
      "Relationship Summary": "EHA works with Duke-NUS for analysis",
      "Relationship Date": "Unknown",
      "Article Title": "NIH-EcoHealth-Grant-FOIA-April-2023",
      "article URL": "https://www.judicialwatch.org/wp-content/uploads/2023/04/NIH-EcoHealth-Grant-FOIA-April-2023-pgs-319-530.pdf"
    },
    {
      "sourceId": "M7NDMWWIRD4FE",
      "targetId": "M7NDMWWU186R3",
      "Relationship Summary": "EHA works with Duke-NUS for data analysis",
      "article URL": "https://www.judicialwatch.org/wp-content/uploads/2023/04/NIH-EcoHealth-Grant-FOIA-April-2023-pg-276.pdf"
    },
    {
      "sourceId": "M7NDMWWIRD4FE",
      "targetId": "M7NDMWWU186R3",
      "Relationship Summary": "EHA works with Duke-NUS for data analysis",
      "article URL": "https://www.judicialwatch.org/wp-content/uploads/2023/04/NIH-EcoHealth-Grant-FOIA-April-2023-pg-300.pdf"
    },
    {
      "sourceId": "M7NDMWWIX34KJ",
      "targetId": "M7NDMWWS6R28Z",
      "Article Text": "\"This project will continue our collaborative efforts with Duke-NUS Medical School to work on betacoronaviruses from Southeast Asian bats.\"",
      "Modifier Relationship": "to work on",
      "Relationship Date": "Unknown",
      "Article Title": "NIH-EcoHealth-Grant-FOIA-April-2023",
      "article URL": "https://www.judicialwatch.org/wp-content/uploads/2023/04/NIH-EcoHealth-Grant-FOIA-April-2023-pg-253.pdf"
    },
    {
      "sourceId": "M7NDMWWIN2U3A",
      "targetId": "M7NDMWVUC75G2",
      "Article Text": "\"We will also collaborate with Duke-NUS Medical School in Singapore to analyze the data.\"",
      "Modifier Relationship": "to analyze data from",
      "Relationship Date": "Unknown",
      "Article Title": "NIH-EcoHealth-Grant-FOIA-April-2023",
      "article URL": "https://www.judicialwatch.org/wp-content/uploads/2023/04/NIH-EcoHealth-Grant-FOIA-April-2023-pgs-231-263.pdf"
    },
    {
      "sourceId": "M7NDMWWIRD4FE",
      "targetId": "M7NDMWWSWU200",
      "Article Text": "\"Duke-NUS Medical School is involved in the analysis of our sequencing data.\"",
      "Modifier Relationship": "for the analysis of",
      "Relationship Date": "Unknown",
      "Article Title": "NIH-EcoHealth-Grant-FOIA-April-2023",
      "article URL": "https://www.judicialwatch.org/wp-content/uploads/2023/04/NIH-EcoHealth-Grant-FOIA-April-2023-pgs-319-323.pdf"
    },
    {
      "sourceId": "M7NDMWWI201P5",
      "targetId": "M7NDMWWSI73KB",
      "Article Text": "\"We continue to collaborate with Duke-NUS Medical School for the analysis of the data gathered.\"",
      "Modifier Relationship": "for the analysis of",
      "Relationship Date": "Unknown",
      "Article Title": "NIH-EcoHealth-Grant-FOIA-April-2023",
      "article URL": "https://www.judicialwatch.org/wp-content/uploads/2023/04/NIH-EcoHealth-Grant-FOIA-April-2023-pgs-319-530.pdf"
    },
    {
      "sourceId": "M7NDMWVMB2GQU",
      "targetId": "M7NDMWVKX7AQ8",
      "Article Title": "NIH Presses U.S. Nonprofit for Information on Wuhan Virology Lab",
      "Article Summary": "NIH is seeking more details from EcoHealth Alliance about the research at the Wuhan Institute of Virology, focusing on virus modification and safety protocols.",
      "Article URL": "articles/nih-presses-u-s-nonprofit-for-information-on-wuhan-virology-lab-11597829400"
    },
    {
      "sourceId": "M7NDMWVMB2GQU",
      "targetId": "M7NDMWVIZ3WIN",
      "Article Title": "Reschenthaler Introduces Bill to Defund EcoHealth Alliance",
      "Article Summary": "NIH paused funding due to safety issues at WIV.",
      "Article URL": "https://reschenthaler.house.gov/media/press-releases/reschenthaler-introduces-bill-defund-ecohealth-alliance"
    },
    {
      "sourceId": "M7NDMWVKX7AQ8",
      "targetId": "M7NDMWVIZ3WIN",
      "Article Title": "NIH Presses U.S. Nonprofit for Information on Wuhan Virology Lab",
      "Article Summary": "NIH is seeking more details from EcoHealth Alliance about the research at the Wuhan Institute of Virology, focusing on virus modification and safety protocols.",
      "Article URL": "articles/nih-presses-u-s-nonprofit-for-information-on-wuhan-virology-lab-11597829400"
    },
    {
      "sourceId": "M7NDMWWB1WZ01",
      "targetId": "M7NDMWVSWZX51",
      "Article Text": "\"Linfa Wang Co-Investigator at Duke-NUS Medical School\"",
      "Relationship Summary": "Linfa Wang's role at Duke-NUS"
    },
    {
      "sourceId": "M7NDMWWIX34KJ",
      "targetId": "M7NDMWVSWZX51",
      "Article Text": "\"This project will continue our collaborative efforts with Duke-NUS Medical School to work on betacoronaviruses from Southeast Asian bats.\"",
      "Relationship Date": "Unknown",
      "Article Title": "NIH-EcoHealth-Grant-FOIA-April-2023",
      "article URL": "https://www.judicialwatch.org/wp-content/uploads/2023/04/NIH-EcoHealth-Grant-FOIA-April-2023-pg-253.pdf",
      "Relationship Summary": "EHA collaborates with Duke-NUS for research on betacoronaviruses"
    },
    {
      "sourceId": "M7NDMWVIZ3WIN",
      "targetId": "M7NDMWWIX34KJ",
      "Article Text": "\"This project will continue our collaborative efforts with Duke-NUS Medical School to work on betacoronaviruses from Southeast Asian bats.\"",
      "Relationship Date": "Unknown",
      "Article Title": "NIH-EcoHealth-Grant-FOIA-April-2023",
      "article URL": "https://www.judicialwatch.org/wp-content/uploads/2023/04/NIH-EcoHealth-Grant-FOIA-April-2023-pg-253.pdf",
      "Relationship Summary": "EHA collaborates with Duke-NUS for research on betacoronaviruses"
    },
    {
      "sourceId": "M7NDMWVIZ3WIN",
      "targetId": "M7NDMWWIRD4FE",
      "Article Text": "\"We continue our collaboration with Duke-NUS Medical School for the analysis of data collected.\"",
      "article URL": "https://www.judicialwatch.org/wp-content/uploads/2023/04/NIH-EcoHealth-Grant-FOIA-April-2023-pg-300.pdf",
      "Relationship Summary": "EHA works with Duke-NUS for data analysis"
    },
    {
      "sourceId": "M7NDMWVSWZX51",
      "targetId": "M7NDMWWIRD4FE",
      "Article Text": "\"We continue our collaboration with Duke-NUS Medical School for the analysis of data collected.\"",
      "article URL": "https://www.judicialwatch.org/wp-content/uploads/2023/04/NIH-EcoHealth-Grant-FOIA-April-2023-pg-300.pdf"
    },
    {
      "sourceId": "M7NDMWWIN2U3A",
      "targetId": "M7NDMWVSWZX51",
      "Article Text": "\"We will also collaborate with Duke-NUS Medical School in Singapore to analyze the data.\"",
      "Relationship Date": "Unknown",
      "Article Title": "NIH-EcoHealth-Grant-FOIA-April-2023",
      "article URL": "https://www.judicialwatch.org/wp-content/uploads/2023/04/NIH-EcoHealth-Grant-FOIA-April-2023-pgs-231-263.pdf",
      "Relationship Summary": "WIV conducts research with Duke-NUS"
    },
    {
      "sourceId": "M7NDMWVKX7AQ8",
      "targetId": "M7NDMWWIN2U3A",
      "Article Text": "\"We will also collaborate with Duke-NUS Medical School in Singapore to analyze the data.\"",
      "Relationship Date": "Unknown",
      "Article Title": "NIH-EcoHealth-Grant-FOIA-April-2023",
      "article URL": "https://www.judicialwatch.org/wp-content/uploads/2023/04/NIH-EcoHealth-Grant-FOIA-April-2023-pgs-231-263.pdf",
      "Relationship Summary": "WIV conducts research with Duke-NUS"
    },
    {
      "sourceId": "M7NDMWWIQYA9B",
      "targetId": "M7NDMWVSWZX51",
      "Article Text": "\"We are also working closely with Duke-NUS Medical School for the analysis of the data gathered from the field.\"",
      "article URL": "https://www.judicialwatch.org/wp-content/uploads/2023/04/NIH-EcoHealth-Grant-FOIA-April-2023-pgs-273-318.pdf",
      "Relationship Summary": "EHA works with Duke-NUS for research analysis"
    },
    {
      "sourceId": "M7NDMWVIZ3WIN",
      "targetId": "M7NDMWWIQYA9B",
      "Article Text": "\"We are also working closely with Duke-NUS Medical School for the analysis of the data gathered from the field.\"",
      "article URL": "https://www.judicialwatch.org/wp-content/uploads/2023/04/NIH-EcoHealth-Grant-FOIA-April-2023-pgs-273-318.pdf",
      "Relationship Summary": "EHA works with Duke-NUS for research analysis"
    },
    {
      "sourceId": "M7NDMWWI201P5",
      "targetId": "M7NDMWVSWZX51",
      "Article Text": "\"We continue to collaborate with Duke-NUS Medical School for the analysis of the data gathered.\"",
      "Relationship Date": "Unknown",
      "Article Title": "NIH-EcoHealth-Grant-FOIA-April-2023",
      "article URL": "https://www.judicialwatch.org/wp-content/uploads/2023/04/NIH-EcoHealth-Grant-FOIA-April-2023-pgs-319-530.pdf",
      "Relationship Summary": "EHA works with Duke-NUS for analysis"
    },
    {
      "sourceId": "M7NDMWVIZ3WIN",
      "targetId": "M7NDMWWI201P5",
      "Article Text": "\"We continue to collaborate with Duke-NUS Medical School for the analysis of the data gathered.\"",
      "Relationship Date": "Unknown",
      "Article Title": "NIH-EcoHealth-Grant-FOIA-April-2023",
      "article URL": "https://www.judicialwatch.org/wp-content/uploads/2023/04/NIH-EcoHealth-Grant-FOIA-April-2023-pgs-319-530.pdf",
      "Relationship Summary": "EHA works with Duke-NUS for analysis"
    },
    {
      "sourceId": "M7NDMWVMB2GQU",
      "targetId": "M7NDPA6XCOZNR",
      "Distributor Full Name": "National Institutes of Health",
      "Amount": "464645",
      "Receiver Name": "Duke-NUS Medical School",
      "Summary": "Grant for investigating febrile deaths in Tanzania",
      "Purpose": "Research on febrile deaths in Tanzania",
      "URL": "https://blog.whitecoatwaste.org/wp-content/uploads/2023/06/wuhan-patient-zero_chmura-gima-correspondence.pdf"
    },
    {
      "sourceId": "M7NDPA6XCOZNR",
      "targetId": "M7NDMWVSWZX51",
      "Distributor Full Name": "National Institutes of Health",
      "Amount": "464645",
      "Receiver Name": "Duke-NUS Medical School",
      "Summary": "Grant for investigating febrile deaths in Tanzania",
      "Purpose": "Research on febrile deaths in Tanzania",
      "URL": "https://blog.whitecoatwaste.org/wp-content/uploads/2023/06/wuhan-patient-zero_chmura-gima-correspondence.pdf"
    },
    {
      "sourceId": "M7NDPA6X1VPQS",
      "targetId": "M7NDMWVSWZX51",
      "Distributor Full Name": "National Research Foundation, Singapore",
      "Amount": "416421",
      "Receiver Name": "Duke-NUS Medical School",
      "Summary": "Grant for combating SARS-like and MERS-like outbreaks through surveillance",
      "Purpose": "Combating SARS-like and MERS-like outbreaks through surveillance",
      "URL": "https://blog.whitecoatwaste.org/wp-content/uploads/2023/06/wuhan-patient-zero_chmura-gima-correspondence.pdf"
    }
  ]
}