{
  "nodes": [
    {
      "id": "M7NDMWWINZJL6",
      "Relationship Summary": "EHA works with UNC-CH for research",
      "Article Text": "\"We also collaborate with the University of North Carolina at Chapel Hill for parts of our research.\"",
      "Relationship NAME": "for parts of",
      "Relationship Date": "Unknown",
      "article URL": "https://www.judicialwatch.org/wp-content/uploads/2023/04/NIH-EcoHealth-Grant-FOIA-April-2023-pg-523.pdf",
      "Tag": "Virology",
      "type": "Relationship",
      "name": "EHA works with UNC-CH for research"
    },
    {
      "id": "M7NDQ6RHBC3A1",
      "Relationship Summary": "Contributed to the discovery of SARS-related coronaviruses",
      "Article Text": "Discovery of a rich gene pool of bat SARS-related coronaviruses provides new insights into the origin of SARS coronavirus",
      "type": "Relationship",
      "Article URL": "https://pmc.ncbi.nlm.nih.gov/articles/PMC5708621/",
      "name": "Contributed to the discovery of SARS-related coronaviruses"
    },
    {
      "id": "M7NDQ6RHG8MSZ",
      "Relationship Summary": "affiliated with",
      "Article Text": "Key Laboratory of Special Pathogens and Biosafety, Wuhan Institute of Virology, Chinese Academy of Sciences, Wuhan, China",
      "type": "Relationship",
      "Date": "02/09/25",
      "Article URL": "https://www.nature.com/articles/nm.3985",
      "name": "affiliated with"
    },
    {
      "id": "M7NDOJRPGDL5U",
      "Action Summary": "B.L.Y. designed the infectious clone for the chimeric virus.",
      "Action Text": "\"B.L.Y. designed the infectious clone and recovered chimeric viruses;\"",
      "Article Title": "A SARS-like cluster of circulating bat coronaviruses shows potential for human emergence",
      "Article URL": "https://www.nature.com/articles/nm.3986",
      "type": "Action",
      "name": "Unknown"
    },
    {
      "id": "M7NDOJRPSNCPD",
      "Action Summary": "E.F.D. was responsible for the phylogenetic analysis of CoV sequences.",
      "Action Text": "\"E.F.D. generated phylogenetic analysis;\"",
      "Article Title": "A SARS-like cluster of circulating bat coronaviruses shows potential for human emergence",
      "Article URL": "https://www.nature.com/articles/nm.3993",
      "type": "Action",
      "name": "Unknown"
    },
    {
      "id": "M7NDOJRPY0K5P",
      "Action Summary": "K.D. generated figures representing structural models.",
      "Action Text": "\"K.D. generated structural figures and predictions;\"",
      "Article Title": "A SARS-like cluster of circulating bat coronaviruses shows potential for human emergence",
      "Article URL": "https://www.nature.com/articles/nm.3992",
      "type": "Action",
      "name": "Unknown"
    },
    {
      "id": "M7NDOJRPXBM10",
      "Action Summary": "L.E.G. assisted in performing mouse experiments.",
      "Action Text": "\"L.E.G. helped perform mouse experiments;\"",
      "Article Title": "A SARS-like cluster of circulating bat coronaviruses shows potential for human emergence",
      "Article URL": "https://www.nature.com/articles/nm.3988",
      "type": "Action",
      "name": "Unknown"
    },
    {
      "id": "M7NDOJRPQ429O",
      "Action Summary": "R.L.G. conducted RNA analysis to study virus replication.",
      "Action Text": "\"R.L.G. completed RNA analysis;\"",
      "Article Title": "A SARS-like cluster of circulating bat coronaviruses shows potential for human emergence",
      "Article URL": "https://www.nature.com/articles/nm.3994",
      "type": "Action",
      "name": "Unknown"
    },
    {
      "id": "M7NDOJRP91XIZ",
      "Action Summary": "R.S.B. designed experiments and contributed to writing the manuscript.",
      "Action Text": "\"R.S.B. designed experiments and wrote manuscript.\"",
      "Article Title": "A SARS-like cluster of circulating bat coronaviruses shows potential for human emergence",
      "Article URL": "https://www.nature.com/articles/nm.3999",
      "type": "Action",
      "name": "Unknown"
    },
    {
      "id": "M7NDOJRP476SF",
      "Action Summary": "S.H.R. provided the primary human airway epithelial cultures used in the experiments.",
      "Action Text": "\"S.H.R. provided primary HAE cultures;\"",
      "Article Title": "A SARS-like cluster of circulating bat coronaviruses shows potential for human emergence",
      "Article URL": "https://www.nature.com/articles/nm.3995",
      "type": "Action",
      "name": "Unknown"
    },
    {
      "id": "M7NDOJRP7U29C",
      "Action Summary": "The chimeric virus replicated in human airway epithelial cells, demonstrating potential for human infection.",
      "Action Text": "\"Using this approach, we characterized CoV infection mediated by the SHC014 spike protein in primary human airway cells and in vivo...\"",
      "Article Title": "A SARS-like cluster of circulating bat coronaviruses shows potential for human emergence",
      "Article URL": "https://www.nature.com/articles/nm.4000",
      "type": "Action",
      "name": "Unknown"
    },
    {
      "id": "M7NDOJRPCDMCO",
      "Action Summary": "The chimeric virus was shown to cause disease in mice, highlighting its pathogenic potential.",
      "Action Text": "\"To evaluate the role of the SHC014 spike in mediating infection in vivo, we infected 10-week-old BALB/c mice with 104 plaque-forming units (p.f.u.) of either SARS-MA15 or SHC014-MA15 (Fig. 1e–h).\"",
      "Article Title": "A SARS-like cluster of circulating bat coronaviruses shows potential for human emergence",
      "Article URL": "https://www.nature.com/articles/nm.4001",
      "type": "Action",
      "name": "Unknown"
    },
    {
      "id": "M7NDOJRP6A0RA",
      "Action Summary": "T.S. completed experiments involving mice.",
      "Action Text": "\"T.S. and J.A.P. completed mouse experiments and plaque assays;\"",
      "Article Title": "A SARS-like cluster of circulating bat coronaviruses shows potential for human emergence",
      "Article URL": "https://www.nature.com/articles/nm.3989",
      "type": "Action",
      "name": "Unknown"
    },
    {
      "id": "M7NDOJRPD89GE",
      "Action Summary": "V.D.M. designed the experiments for the study.",
      "Action Text": "\"V.D.M. designed, coordinated and performed experiments, completed analysis and wrote the manuscript.\"",
      "Article Title": "A SARS-like cluster of circulating bat coronaviruses shows potential for human emergence",
      "Article URL": "https://www.nature.com/articles/nm.3985",
      "type": "Action",
      "name": "Unknown"
    },
    {
      "id": "M7NDOJRPRCAHH",
      "Action Summary": "X.-Y.G. performed experiments to test virus entry using pseudotyped viruses.",
      "Action Text": "\"X.-Y.G. performed pseudotyping experiments;\"",
      "Article Title": "A SARS-like cluster of circulating bat coronaviruses shows potential for human emergence",
      "Article URL": "https://www.nature.com/articles/nm.3991",
      "type": "Action",
      "name": "Unknown"
    },
    {
      "id": "M7NDOJRPBO19B",
      "Action Summary": "Z.-L.S. provided the spike sequences for SHC014 used in creating the chimeric virus.",
      "Action Text": "\"Z.-L.S. provided SHC014 spike sequences and plasmids.\"",
      "Article Title": "A SARS-like cluster of circulating bat coronaviruses shows potential for human emergence",
      "Article URL": "https://www.nature.com/articles/nm.3998",
      "type": "Action",
      "name": "Unknown"
    },
    {
      "id": "M7NDMWVIZ3WIN",
      "Entity Name": "EcoHealth Alliance",
      "URL": "https://blog.whitecoatwaste.org/wp-content/uploads/2023/06/wuhan-patient-zero_chmura-gima-correspondence.pdf",
      "Article Text": "\"Peter Daszak,b ... The Global Virome Project\"",
      "Article Title": "The Global Virome Project",
      "Article URL": "WCW-complaint-to-NIH-EcoHealth-Alliance-March-15-2021.pdf",
      "Entity Acronym": "WCW",
      "type": "Entity",
      "name": "EcoHealth Alliance"
    },
    {
      "id": "M7NDMWVKX7AQ8",
      "Entity Name": "Wuhan Institute of Virology",
      "URL": "https://blog.whitecoatwaste.org/wp-content/uploads/2023/06/wuhan-patient-zero_chmura-gima-correspondence.pdf",
      "Article Text": "\"The National Institutes of Health is pressing a U.S. nonprofit, EcoHealth Alliance, for details on a research project at China’s Wuhan Institute of Virology that studied whether bat coronaviruses could be manipulated to infect humans.\"",
      "Article Title": "NIH Presses U.S. Nonprofit for Information on Wuhan Virology Lab",
      "article URL": "https://www.wsj.com/articles/nih-presses-u-s-nonprofit-for-information-on-wuhan-virology-lab-11597829400",
      "Article URL": "PMC Article",
      "Entity Acronym": "USAID",
      "type": "Entity",
      "name": "Wuhan Institute of Virology"
    },
    {
      "id": "M7NDMWVSV121P",
      "Entity Name": "China",
      "Article URL": "https://www.wsj.com/articles/who-are-the-covid-investigators1271499940",
      "Entity Acronym": "WHO",
      "type": "Entity",
      "name": "China"
    },
    {
      "id": "M7NDMWVZ4M2T6",
      "Entity Name": "University of North Carolina at Chapel Hill",
      "URL": "https://blog.whitecoatwaste.org/wp-content/uploads/2023/06/wuhan-patient-zero_chmura-gima-correspondence.pdf",
      "type": "Entity",
      "name": "University of North Carolina at Chapel Hill"
    },
    {
      "id": "M7NDMWW1OPBQD",
      "Entity Name": "Research",
      "Article Text": "\"USAID provided significant assistance to the judiciary by publishing codes, procedures, government gazettes, law journals, and recorded versions of both federal and regional judgments...\"",
      "Relationship Date": "Unknown",
      "Article Title": "NIH-EcoHealth-Grant-FOIA-April-2023",
      "type": "Entity",
      "name": "Research"
    },
    {
      "id": "M7NDOJRNVVRKZ",
      "Entity Name": "Boyd L. Yount Jr.",
      "type": "Entity",
      "name": "Boyd L. Yount Jr."
    },
    {
      "id": "M7NDOJRNTA4WS",
      "Entity Name": "Eric F. Donaldson",
      "type": "Entity",
      "name": "Eric F. Donaldson"
    },
    {
      "id": "M7NDOJRNCID4A",
      "Entity Name": "Jessica A. Plante",
      "type": "Entity",
      "name": "Jessica A. Plante"
    },
    {
      "id": "M7NDOJRNP7TDL",
      "Entity Name": "Kari Debbink",
      "type": "Entity",
      "name": "Kari Debbink"
    },
    {
      "id": "M7NDOJRNL5ZUQ",
      "Entity Name": "Lisa E. Gralinski",
      "type": "Entity",
      "name": "Lisa E. Gralinski"
    },
    {
      "id": "M7NDOJRN8P8OM",
      "Entity Name": "Rachel L. Graham",
      "type": "Entity",
      "name": "Rachel L. Graham"
    },
    {
      "id": "M7NDOJRNE6U3R",
      "Entity Name": "Ralph S. Baric",
      "type": "Entity",
      "name": "Ralph S. Baric"
    },
    {
      "id": "M7NDOJRNMENM9",
      "Entity Name": "Scott H. Randell",
      "type": "Entity",
      "name": "Scott H. Randell"
    },
    {
      "id": "M7NDOJRN1JK2Z",
      "Entity Name": "SHC014-MA15",
      "type": "Entity",
      "name": "SHC014-MA15"
    },
    {
      "id": "M7NDOJRNRYDQ8",
      "Entity Name": "Trevor Scobey",
      "Article URL": "https://www.nature.com/articles/nm.3985",
      "type": "Entity",
      "name": "Trevor Scobey"
    },
    {
      "id": "M7NDOJRNGD1QD",
      "Entity Name": "Vineet D. Menachery",
      "type": "Entity",
      "name": "Vineet D. Menachery"
    },
    {
      "id": "M7NDOJRNXD0Q1",
      "Entity Name": "Xing-Yi Ge",
      "Article URL": "https://www.nature.com/articles/nm.3985",
      "type": "Entity",
      "name": "Xing-Yi Ge"
    },
    {
      "id": "M7NDOJRNKD0LZ",
      "Entity Name": "Zhengli-Li Shi",
      "Article URL": "https://www.nature.com/articles/nm.3985",
      "type": "Entity",
      "name": "Zhengli-Li Shi"
    },
    {
      "id": "M7NDOJRP7LJFO",
      "Entity Name": "Phylogenetic Analysis",
      "type": "Entity",
      "name": "Phylogenetic Analysis"
    },
    {
      "id": "M7NDOJRPCSC9J",
      "Entity Name": "Mice",
      "type": "Entity",
      "name": "Mice"
    },
    {
      "id": "M7NDOJRP18DXV",
      "Entity Name": "Structural Figures",
      "type": "Entity",
      "name": "Structural Figures"
    },
    {
      "id": "M7NDOJRP19ZV2",
      "Entity Name": "RNA Analysis",
      "type": "Entity",
      "name": "RNA Analysis"
    },
    {
      "id": "M7NDOJRP4TVKF",
      "Entity Name": "Experiments",
      "type": "Entity",
      "name": "Experiments"
    },
    {
      "id": "M7NDOJRPZ8QVY",
      "Entity Name": "Human Airway Epithelial Cultures",
      "type": "Entity",
      "name": "Human Airway Epithelial Cultures"
    },
    {
      "id": "M7NDOJRP2OD4V",
      "Entity Name": "Human Airway Epithelial Cells",
      "type": "Entity",
      "name": "Human Airway Epithelial Cells"
    },
    {
      "id": "M7NDOJRPUTEL4",
      "Entity Name": "Pseudotyping Experiments",
      "type": "Entity",
      "name": "Pseudotyping Experiments"
    },
    {
      "id": "M7NDOJRPAMVEY",
      "Entity Name": "SHC014 Spike Sequences",
      "type": "Entity",
      "name": "SHC014 Spike Sequences"
    },
    {
      "id": "M7NDQ6RCI55OO",
      "Entity Name": "Eric F Donaldson",
      "Article URL": "https://www.nature.com/articles/nm.3985",
      "type": "Entity",
      "name": "Eric F Donaldson"
    },
    {
      "id": "M7NDQ6RCKAI2I",
      "Entity Name": "Jessica A Plante",
      "Article URL": "https://www.nature.com/articles/nm.3985",
      "type": "Entity",
      "name": "Jessica A Plante"
    },
    {
      "id": "M7NDQ6RC97L36",
      "Entity Name": "Lisa E Gralinski",
      "Article URL": "https://www.nature.com/articles/nm.3985",
      "type": "Entity",
      "name": "Lisa E Gralinski"
    },
    {
      "id": "M7NDQ6RCJ606K",
      "Entity Name": "Rachel L Graham",
      "Article URL": "https://www.nature.com/articles/nm.3985",
      "type": "Entity",
      "name": "Rachel L Graham"
    },
    {
      "id": "M7NDQ6RDM85OI",
      "Entity Name": "Vineet D Menachery",
      "Article URL": "https://www.nature.com/articles/nm.3985",
      "type": "Entity",
      "name": "Vineet D Menachery"
    },
    {
      "id": "M7NDQ6RDRKMW7",
      "Entity Name": "Institute for Research in Biomedicine, Bellinzona Institute of Microbiology, Zurich, Switzerland",
      "Article URL": "https://www.nature.com/articles/nm.3985",
      "type": "Entity",
      "name": "Institute for Research in Biomedicine, Bellinzona Institute of Microbiology, Zurich, Switzerland"
    },
    {
      "id": "M7NDQ6RDAAP4G",
      "Entity Name": "Department of Epidemiology, University of North Carolina at Chapel Hill, Chapel Hill, North Carolina, USA",
      "Article URL": "https://www.nature.com/articles/nm.3985",
      "type": "Entity",
      "name": "Department of Epidemiology, University of North Carolina at Chapel Hill, Chapel Hill, North Carolina, USA"
    },
    {
      "id": "M7NDQ6RDXES0N",
      "Entity Name": "Department of Cell Biology and Physiology, University of North Carolina at Chapel Hill, Chapel Hill, North Carolina, USA",
      "Article URL": "https://www.nature.com/articles/nm.3985",
      "type": "Entity",
      "name": "Department of Cell Biology and Physiology, University of North Carolina at Chapel Hill, Chapel Hill, North Carolina, USA"
    },
    {
      "id": "M7NDQ6RDRZ3DA",
      "Entity Name": "Key Laboratory of Special Pathogens and Biosafety, Wuhan Institute of Virology, Chinese Academy of Sciences, Wuhan, China",
      "Article URL": "https://www.nature.com/articles/nm.3985",
      "type": "Entity",
      "name": "Key Laboratory of Special Pathogens and Biosafety, Wuhan Institute of Virology, Chinese Academy of Sciences, Wuhan, China"
    }
  ],
  "links": [
    {
      "sourceId": "M7NDMWWINZJL6",
      "targetId": "M7NDMWW1OPBQD",
      "Article Text": "\"We also collaborate with the University of North Carolina at Chapel Hill for parts of our research.\"",
      "Modifier Relationship": "for parts of",
      "Relationship Date": "Unknown",
      "Article Title": "NIH-EcoHealth-Grant-FOIA-April-2023",
      "article URL": "https://www.judicialwatch.org/wp-content/uploads/2023/04/NIH-EcoHealth-Grant-FOIA-April-2023-pg-523.pdf"
    },
    {
      "sourceId": "M7NDMWVSV121P",
      "targetId": "M7NDOJRNXD0Q1",
      "Action Summary": "X.-Y.G. performed experiments to test virus entry using pseudotyped viruses.",
      "Article Summary": "Same as above",
      "Action Text": "\"X.-Y.G. performed pseudotyping experiments;\""
    },
    {
      "sourceId": "M7NDMWVSV121P",
      "targetId": "M7NDOJRNKD0LZ",
      "Action Summary": "Z.-L.S. provided the spike sequences for SHC014 used in creating the chimeric virus.",
      "Article Summary": "Same as above",
      "Action Text": "\"Z.-L.S. provided SHC014 spike sequences and plasmids.\""
    },
    {
      "sourceId": "M7NDMWVSV121P",
      "targetId": "M7NDMWVKX7AQ8",
      "Action Summary": "Identification of additional ORFs in the virus genome.",
      "Article Summary": "Novel open reading frames (ORFs) were identified in some SARSr-CoV strains, potentially affecting viral function or evolution.",
      "Action Text": "\"In our previous study, we identified an additional ORF termed ORFx present between ORF6 and ORF7 in strain WIV1 and WIV16. In this study, ORFx was also found in the genomes of Rs7327 and Rs4874.\""
    },
    {
      "sourceId": "M7NDOJRNVVRKZ",
      "targetId": "M7NDOJRN1JK2Z",
      "Article Title": "A SARS-like cluster of circulating bat coronaviruses shows potential for human emergence",
      "Article Summary": "Same as above",
      "Article URL": "https://www.nature.com/articles/nm.3986"
    },
    {
      "sourceId": "M7NDOJRNTA4WS",
      "targetId": "M7NDOJRP7LJFO",
      "Article Title": "A SARS-like cluster of circulating bat coronaviruses shows potential for human emergence",
      "Article Summary": "Same as above",
      "Article URL": "https://www.nature.com/articles/nm.3993"
    },
    {
      "sourceId": "M7NDOJRNCID4A",
      "targetId": "M7NDOJRPCSC9J",
      "Article Title": "A SARS-like cluster of circulating bat coronaviruses shows potential for human emergence",
      "Article Summary": "Same as above",
      "Article URL": "https://www.nature.com/articles/nm.3990"
    },
    {
      "sourceId": "M7NDOJRNP7TDL",
      "targetId": "M7NDOJRP18DXV",
      "Article Title": "A SARS-like cluster of circulating bat coronaviruses shows potential for human emergence",
      "Article Summary": "Same as above",
      "Article URL": "https://www.nature.com/articles/nm.3992"
    },
    {
      "sourceId": "M7NDOJRNL5ZUQ",
      "targetId": "M7NDOJRPCSC9J",
      "Article Title": "A SARS-like cluster of circulating bat coronaviruses shows potential for human emergence",
      "Article Summary": "Same as above",
      "Article URL": "https://www.nature.com/articles/nm.3988"
    },
    {
      "sourceId": "M7NDOJRN8P8OM",
      "targetId": "M7NDOJRP19ZV2",
      "Article Title": "A SARS-like cluster of circulating bat coronaviruses shows potential for human emergence",
      "Article Summary": "Same as above",
      "Article URL": "https://www.nature.com/articles/nm.3994"
    },
    {
      "sourceId": "M7NDOJRNE6U3R",
      "targetId": "M7NDOJRP4TVKF",
      "Article Title": "A SARS-like cluster of circulating bat coronaviruses shows potential for human emergence",
      "Article Summary": "Same as above",
      "Article URL": "https://www.nature.com/articles/nm.3999"
    },
    {
      "sourceId": "M7NDOJRNMENM9",
      "targetId": "M7NDOJRPZ8QVY",
      "Article Title": "A SARS-like cluster of circulating bat coronaviruses shows potential for human emergence",
      "Article Summary": "Same as above",
      "Article URL": "https://www.nature.com/articles/nm.3995"
    },
    {
      "sourceId": "M7NDOJRN1JK2Z",
      "targetId": "M7NDOJRP2OD4V",
      "Article Title": "A SARS-like cluster of circulating bat coronaviruses shows potential for human emergence",
      "Article Summary": "Same as above",
      "Article URL": "https://www.nature.com/articles/nm.4000"
    },
    {
      "sourceId": "M7NDOJRN1JK2Z",
      "targetId": "M7NDOJRPCSC9J",
      "Article Title": "A SARS-like cluster of circulating bat coronaviruses shows potential for human emergence",
      "Article Summary": "Same as above",
      "Article URL": "https://www.nature.com/articles/nm.4001"
    },
    {
      "sourceId": "M7NDOJRNRYDQ8",
      "targetId": "M7NDOJRPCSC9J",
      "Article Title": "A SARS-like cluster of circulating bat coronaviruses shows potential for human emergence",
      "Article Summary": "Same as above",
      "Article URL": "https://www.nature.com/articles/nm.3989"
    },
    {
      "sourceId": "M7NDOJRNGD1QD",
      "targetId": "M7NDOJRP4TVKF",
      "Article Title": "A SARS-like cluster of circulating bat coronaviruses shows potential for human emergence",
      "Article Summary": "The study highlights the potential for a SARS-like virus from Chinese horseshoe bats, SHC014-CoV, to emerge in humans. Using the SARS-CoV reverse genetics system, researchers created a chimeric virus with the SHC014 spike protein in a SARS-CoV mouse-adapted backbone. This chimeric virus was shown to efficiently use human ACE2 receptors, replicate in human airway cells, and cause disease in mice, suggesting that similar viruses circulating in bat populations could pose a risk for human emergence. The study also tested the effectiveness of existing SARS-based immunotherapies and vaccines, finding them largely ineffective against this new strain. The implications of such research in the context of gain-of-function studies are also discussed, noting the balance between preparing for potential pandemics and the risks associated with creating potentially more pathogenic viruses.",
      "Article URL": "https://www.nature.com/articles/nm.3985"
    },
    {
      "sourceId": "M7NDMWVKX7AQ8",
      "targetId": "M7NDMWVIZ3WIN",
      "Article Title": "NIH Presses U.S. Nonprofit for Information on Wuhan Virology Lab",
      "Article Summary": "NIH is seeking more details from EcoHealth Alliance about the research at the Wuhan Institute of Virology, focusing on virus modification and safety protocols.",
      "Article URL": "articles/nih-presses-u-s-nonprofit-for-information-on-wuhan-virology-lab-11597829400"
    },
    {
      "sourceId": "M7NDOJRNXD0Q1",
      "targetId": "M7NDOJRPUTEL4",
      "Article Title": "A SARS-like cluster of circulating bat coronaviruses shows potential for human emergence",
      "Article Summary": "Same as above",
      "Article URL": "https://www.nature.com/articles/nm.3991"
    },
    {
      "sourceId": "M7NDOJRNKD0LZ",
      "targetId": "M7NDOJRPAMVEY",
      "Article Title": "A SARS-like cluster of circulating bat coronaviruses shows potential for human emergence",
      "Article Summary": "Same as above",
      "Article URL": "https://www.nature.com/articles/nm.3998"
    },
    {
      "sourceId": "M7NDOJRNKD0LZ",
      "targetId": "M7NDQ6RHG8MSZ",
      "Article Text": "Key Laboratory of Special Pathogens and Biosafety, Wuhan Institute of Virology, Chinese Academy of Sciences, Wuhan, China",
      "Article URL": "https://www.nature.com/articles/nm.3985",
      "Relationship": "affiliation",
      "Relationship Summary": "affiliated with",
      "Date": "02/09/25"
    },
    {
      "sourceId": "M7NDQ6RHG8MSZ",
      "targetId": "M7NDQ6RDRZ3DA",
      "Article Text": "Key Laboratory of Special Pathogens and Biosafety, Wuhan Institute of Virology, Chinese Academy of Sciences, Wuhan, China",
      "Article URL": "https://www.nature.com/articles/nm.3985",
      "Relationship": "affiliation",
      "Relationship Summary": "affiliated with",
      "Date": "02/09/25"
    },
    {
      "sourceId": "M7NDMWWINZJL6",
      "targetId": "M7NDMWVZ4M2T6",
      "Article Text": "\"We also collaborate with the University of North Carolina at Chapel Hill for parts of our research.\"",
      "Relationship Date": "Unknown",
      "Article Title": "NIH-EcoHealth-Grant-FOIA-April-2023",
      "article URL": "https://www.judicialwatch.org/wp-content/uploads/2023/04/NIH-EcoHealth-Grant-FOIA-April-2023-pg-523.pdf",
      "Relationship Summary": "EHA works with UNC-CH for research"
    },
    {
      "sourceId": "M7NDMWVIZ3WIN",
      "targetId": "M7NDMWWINZJL6",
      "Article Text": "\"We also collaborate with the University of North Carolina at Chapel Hill for parts of our research.\"",
      "Relationship Date": "Unknown",
      "Article Title": "NIH-EcoHealth-Grant-FOIA-April-2023",
      "article URL": "https://www.judicialwatch.org/wp-content/uploads/2023/04/NIH-EcoHealth-Grant-FOIA-April-2023-pg-523.pdf",
      "Relationship Summary": "EHA works with UNC-CH for research"
    },
    {
      "sourceId": "M7NDQ6RHG8MSZ",
      "targetId": "M7NDQ6RDRKMW7",
      "Article Text": "Institute for Research in Biomedicine, Bellinzona Institute of Microbiology, Zurich, Switzerland",
      "Article URL": "https://www.nature.com/articles/nm.3985",
      "Relationship": "affiliation",
      "Relationship Summary": "affiliated with",
      "Date": "02/09/25"
    },
    {
      "sourceId": "M7NDQ6RHG8MSZ",
      "targetId": "M7NDQ6RDAAP4G",
      "Article Text": "Department of Epidemiology, University of North Carolina at Chapel Hill, Chapel Hill, North Carolina, USA",
      "Article URL": "https://www.nature.com/articles/nm.3985",
      "Relationship": "affiliation",
      "Relationship Summary": "affiliated with",
      "Date": "02/09/25"
    },
    {
      "sourceId": "M7NDQ6RCI55OO",
      "targetId": "M7NDQ6RHG8MSZ",
      "Article Text": "Department of Epidemiology, University of North Carolina at Chapel Hill, Chapel Hill, North Carolina, USA",
      "Article URL": "https://www.nature.com/articles/nm.3985",
      "Relationship": "affiliation",
      "Relationship Summary": "affiliated with",
      "Date": "02/09/25"
    },
    {
      "sourceId": "M7NDQ6RCKAI2I",
      "targetId": "M7NDQ6RHG8MSZ",
      "Article Text": "Department of Epidemiology, University of North Carolina at Chapel Hill, Chapel Hill, North Carolina, USA",
      "Article URL": "https://www.nature.com/articles/nm.3985",
      "Relationship": "affiliation",
      "Relationship Summary": "affiliated with",
      "Date": "02/09/25"
    },
    {
      "sourceId": "M7NDQ6RC97L36",
      "targetId": "M7NDQ6RHG8MSZ",
      "Article Text": "Department of Epidemiology, University of North Carolina at Chapel Hill, Chapel Hill, North Carolina, USA",
      "Article URL": "https://www.nature.com/articles/nm.3985",
      "Relationship": "affiliation",
      "Relationship Summary": "affiliated with",
      "Date": "02/09/25"
    },
    {
      "sourceId": "M7NDQ6RCJ606K",
      "targetId": "M7NDQ6RHG8MSZ",
      "Article Text": "Department of Epidemiology, University of North Carolina at Chapel Hill, Chapel Hill, North Carolina, USA",
      "Article URL": "https://www.nature.com/articles/nm.3985",
      "Relationship": "affiliation",
      "Relationship Summary": "affiliated with",
      "Date": "02/09/25"
    },
    {
      "sourceId": "M7NDQ6RHG8MSZ",
      "targetId": "M7NDQ6RDXES0N",
      "Article Text": "Department of Cell Biology and Physiology, University of North Carolina at Chapel Hill, Chapel Hill, North Carolina, USA",
      "Article URL": "https://www.nature.com/articles/nm.3985",
      "Relationship": "affiliation",
      "Relationship Summary": "affiliated with",
      "Date": "02/09/25"
    },
    {
      "sourceId": "M7NDQ6RDM85OI",
      "targetId": "M7NDQ6RHG8MSZ",
      "Article Text": "Department of Epidemiology, University of North Carolina at Chapel Hill, Chapel Hill, North Carolina, USA",
      "Article URL": "https://www.nature.com/articles/nm.3985",
      "Relationship": "affiliation",
      "Relationship Summary": "affiliated with",
      "Date": "02/09/25"
    },
    {
      "sourceId": "M7NDOJRNXD0Q1",
      "targetId": "M7NDQ6RHG8MSZ",
      "Article Text": "Key Laboratory of Special Pathogens and Biosafety, Wuhan Institute of Virology, Chinese Academy of Sciences, Wuhan, China",
      "Article URL": "https://www.nature.com/articles/nm.3985",
      "Relationship": "affiliation",
      "Relationship Summary": "affiliated with",
      "Date": "02/09/25"
    },
    {
      "sourceId": "M7NDOJRNXD0Q1",
      "targetId": "M7NDQ6RHBC3A1",
      "Article Text": "Discovery of a rich gene pool of bat SARS-related coronaviruses provides new insights into the origin of SARS coronavirus",
      "Article URL": "https://pmc.ncbi.nlm.nih.gov/articles/PMC5708621/",
      "Relationship": "Author",
      "Relationship Summary": "Contributed to the discovery of SARS-related coronaviruses"
    },
    {
      "sourceId": "M7NDMWVZ4M2T6",
      "targetId": "M7NDOJRNVVRKZ"
    },
    {
      "sourceId": "M7NDMWVZ4M2T6",
      "targetId": "M7NDOJRNTA4WS"
    },
    {
      "sourceId": "M7NDMWVZ4M2T6",
      "targetId": "M7NDOJRNCID4A"
    },
    {
      "sourceId": "M7NDMWVZ4M2T6",
      "targetId": "M7NDOJRNP7TDL"
    },
    {
      "sourceId": "M7NDMWVZ4M2T6",
      "targetId": "M7NDOJRNL5ZUQ"
    },
    {
      "sourceId": "M7NDMWVZ4M2T6",
      "targetId": "M7NDOJRN8P8OM"
    },
    {
      "sourceId": "M7NDMWVZ4M2T6",
      "targetId": "M7NDOJRNE6U3R"
    },
    {
      "sourceId": "M7NDMWVZ4M2T6",
      "targetId": "M7NDOJRNMENM9"
    },
    {
      "sourceId": "M7NDMWVZ4M2T6",
      "targetId": "M7NDOJRN1JK2Z"
    },
    {
      "sourceId": "M7NDMWVZ4M2T6",
      "targetId": "M7NDOJRN1JK2Z"
    },
    {
      "sourceId": "M7NDMWVZ4M2T6",
      "targetId": "M7NDOJRNRYDQ8"
    },
    {
      "sourceId": "M7NDMWVZ4M2T6",
      "targetId": "M7NDOJRNGD1QD"
    },
    {
      "sourceId": "M7NDMWVSV121P",
      "targetId": "M7NDMWVKX7AQ8"
    },
    {
      "sourceId": "M7NDMWVKX7AQ8",
      "targetId": "M7NDOJRNXD0Q1"
    },
    {
      "sourceId": "M7NDMWVKX7AQ8",
      "targetId": "M7NDOJRNKD0LZ"
    },
    {
      "sourceId": "M7NDMWVSV121P",
      "targetId": "M7NDMWVKX7AQ8"
    },
    {
      "sourceId": "M7NDMWVSV121P",
      "targetId": "M7NDMWVKX7AQ8"
    },
    {
      "sourceId": "M7NDMWVSV121P",
      "targetId": "M7NDMWVKX7AQ8"
    },
    {
      "sourceId": "M7NDMWVSV121P",
      "targetId": "M7NDMWVKX7AQ8"
    },
    {
      "sourceId": "M7NDMWVSV121P",
      "targetId": "M7NDMWVKX7AQ8"
    },
    {
      "sourceId": "M7NDMWVSV121P",
      "targetId": "M7NDMWVKX7AQ8"
    },
    {
      "sourceId": "M7NDMWVSV121P",
      "targetId": "M7NDOJRPUTEL4"
    },
    {
      "sourceId": "M7NDMWVSV121P",
      "targetId": "M7NDOJRPAMVEY"
    },
    {
      "sourceId": "M7NDOJRNVVRKZ",
      "targetId": "M7NDOJRPGDL5U",
      "Action Summary": "B.L.Y. designed the infectious clone for the chimeric virus.",
      "Action Text": "\"B.L.Y. designed the infectious clone and recovered chimeric viruses;\"",
      "Article Title": "A SARS-like cluster of circulating bat coronaviruses shows potential for human emergence",
      "Article URL": "https://www.nature.com/articles/nm.3986"
    },
    {
      "sourceId": "M7NDOJRNTA4WS",
      "targetId": "M7NDOJRPSNCPD",
      "Action Summary": "E.F.D. was responsible for the phylogenetic analysis of CoV sequences.",
      "Action Text": "\"E.F.D. generated phylogenetic analysis;\"",
      "Article Title": "A SARS-like cluster of circulating bat coronaviruses shows potential for human emergence",
      "Article URL": "https://www.nature.com/articles/nm.3993"
    },
    {
      "sourceId": "M7NDOJRNP7TDL",
      "targetId": "M7NDOJRPY0K5P",
      "Action Summary": "K.D. generated figures representing structural models.",
      "Action Text": "\"K.D. generated structural figures and predictions;\"",
      "Article Title": "A SARS-like cluster of circulating bat coronaviruses shows potential for human emergence",
      "Article URL": "https://www.nature.com/articles/nm.3992"
    },
    {
      "sourceId": "M7NDOJRNL5ZUQ",
      "targetId": "M7NDOJRPXBM10",
      "Action Summary": "L.E.G. assisted in performing mouse experiments.",
      "Action Text": "\"L.E.G. helped perform mouse experiments;\"",
      "Article Title": "A SARS-like cluster of circulating bat coronaviruses shows potential for human emergence",
      "Article URL": "https://www.nature.com/articles/nm.3988"
    },
    {
      "sourceId": "M7NDOJRN8P8OM",
      "targetId": "M7NDOJRPQ429O",
      "Action Summary": "R.L.G. conducted RNA analysis to study virus replication.",
      "Action Text": "\"R.L.G. completed RNA analysis;\"",
      "Article Title": "A SARS-like cluster of circulating bat coronaviruses shows potential for human emergence",
      "Article URL": "https://www.nature.com/articles/nm.3994"
    },
    {
      "sourceId": "M7NDOJRNE6U3R",
      "targetId": "M7NDOJRP91XIZ",
      "Action Summary": "R.S.B. designed experiments and contributed to writing the manuscript.",
      "Action Text": "\"R.S.B. designed experiments and wrote manuscript.\"",
      "Article Title": "A SARS-like cluster of circulating bat coronaviruses shows potential for human emergence",
      "Article URL": "https://www.nature.com/articles/nm.3999"
    },
    {
      "sourceId": "M7NDOJRNMENM9",
      "targetId": "M7NDOJRP476SF",
      "Action Summary": "S.H.R. provided the primary human airway epithelial cultures used in the experiments.",
      "Action Text": "\"S.H.R. provided primary HAE cultures;\"",
      "Article Title": "A SARS-like cluster of circulating bat coronaviruses shows potential for human emergence",
      "Article URL": "https://www.nature.com/articles/nm.3995"
    },
    {
      "sourceId": "M7NDOJRN1JK2Z",
      "targetId": "M7NDOJRP7U29C",
      "Action Summary": "The chimeric virus replicated in human airway epithelial cells, demonstrating potential for human infection.",
      "Action Text": "\"Using this approach, we characterized CoV infection mediated by the SHC014 spike protein in primary human airway cells and in vivo...\"",
      "Article Title": "A SARS-like cluster of circulating bat coronaviruses shows potential for human emergence",
      "Article URL": "https://www.nature.com/articles/nm.4000"
    },
    {
      "sourceId": "M7NDOJRN1JK2Z",
      "targetId": "M7NDOJRPCDMCO",
      "Action Summary": "The chimeric virus was shown to cause disease in mice, highlighting its pathogenic potential.",
      "Action Text": "\"To evaluate the role of the SHC014 spike in mediating infection in vivo, we infected 10-week-old BALB/c mice with 104 plaque-forming units (p.f.u.) of either SARS-MA15 or SHC014-MA15 (Fig. 1e–h).\"",
      "Article Title": "A SARS-like cluster of circulating bat coronaviruses shows potential for human emergence",
      "Article URL": "https://www.nature.com/articles/nm.4001"
    },
    {
      "sourceId": "M7NDOJRNRYDQ8",
      "targetId": "M7NDOJRP6A0RA",
      "Action Summary": "T.S. completed experiments involving mice.",
      "Action Text": "\"T.S. and J.A.P. completed mouse experiments and plaque assays;\"",
      "Article Title": "A SARS-like cluster of circulating bat coronaviruses shows potential for human emergence",
      "Article URL": "https://www.nature.com/articles/nm.3989"
    },
    {
      "sourceId": "M7NDOJRNGD1QD",
      "targetId": "M7NDOJRPD89GE",
      "Action Summary": "V.D.M. designed the experiments for the study.",
      "Action Text": "\"V.D.M. designed, coordinated and performed experiments, completed analysis and wrote the manuscript.\"",
      "Article Title": "A SARS-like cluster of circulating bat coronaviruses shows potential for human emergence",
      "Article URL": "https://www.nature.com/articles/nm.3985"
    },
    {
      "sourceId": "M7NDOJRNXD0Q1",
      "targetId": "M7NDOJRPRCAHH",
      "Action Summary": "X.-Y.G. performed experiments to test virus entry using pseudotyped viruses.",
      "Action Text": "\"X.-Y.G. performed pseudotyping experiments;\"",
      "Article Title": "A SARS-like cluster of circulating bat coronaviruses shows potential for human emergence",
      "Article URL": "https://www.nature.com/articles/nm.3991"
    },
    {
      "sourceId": "M7NDOJRNKD0LZ",
      "targetId": "M7NDOJRPBO19B",
      "Action Summary": "Z.-L.S. provided the spike sequences for SHC014 used in creating the chimeric virus.",
      "Action Text": "\"Z.-L.S. provided SHC014 spike sequences and plasmids.\"",
      "Article Title": "A SARS-like cluster of circulating bat coronaviruses shows potential for human emergence",
      "Article URL": "https://www.nature.com/articles/nm.3998"
    },
    {
      "sourceId": "M7NDMWVZ4M2T6",
      "targetId": "M7NDOJRPGDL5U",
      "Action Summary": "B.L.Y. designed the infectious clone for the chimeric virus.",
      "Action Text": "\"B.L.Y. designed the infectious clone and recovered chimeric viruses;\"",
      "Article Title": "A SARS-like cluster of circulating bat coronaviruses shows potential for human emergence",
      "Article URL": "https://www.nature.com/articles/nm.3986"
    },
    {
      "sourceId": "M7NDMWVZ4M2T6",
      "targetId": "M7NDOJRPSNCPD",
      "Action Summary": "E.F.D. was responsible for the phylogenetic analysis of CoV sequences.",
      "Action Text": "\"E.F.D. generated phylogenetic analysis;\"",
      "Article Title": "A SARS-like cluster of circulating bat coronaviruses shows potential for human emergence",
      "Article URL": "https://www.nature.com/articles/nm.3993"
    },
    {
      "sourceId": "M7NDMWVZ4M2T6",
      "targetId": "M7NDOJRPY0K5P",
      "Action Summary": "K.D. generated figures representing structural models.",
      "Action Text": "\"K.D. generated structural figures and predictions;\"",
      "Article Title": "A SARS-like cluster of circulating bat coronaviruses shows potential for human emergence",
      "Article URL": "https://www.nature.com/articles/nm.3992"
    },
    {
      "sourceId": "M7NDMWVZ4M2T6",
      "targetId": "M7NDOJRPXBM10",
      "Action Summary": "L.E.G. assisted in performing mouse experiments.",
      "Action Text": "\"L.E.G. helped perform mouse experiments;\"",
      "Article Title": "A SARS-like cluster of circulating bat coronaviruses shows potential for human emergence",
      "Article URL": "https://www.nature.com/articles/nm.3988"
    },
    {
      "sourceId": "M7NDMWVZ4M2T6",
      "targetId": "M7NDOJRPQ429O",
      "Action Summary": "R.L.G. conducted RNA analysis to study virus replication.",
      "Action Text": "\"R.L.G. completed RNA analysis;\"",
      "Article Title": "A SARS-like cluster of circulating bat coronaviruses shows potential for human emergence",
      "Article URL": "https://www.nature.com/articles/nm.3994"
    },
    {
      "sourceId": "M7NDMWVZ4M2T6",
      "targetId": "M7NDOJRP91XIZ",
      "Action Summary": "R.S.B. designed experiments and contributed to writing the manuscript.",
      "Action Text": "\"R.S.B. designed experiments and wrote manuscript.\"",
      "Article Title": "A SARS-like cluster of circulating bat coronaviruses shows potential for human emergence",
      "Article URL": "https://www.nature.com/articles/nm.3999"
    },
    {
      "sourceId": "M7NDMWVZ4M2T6",
      "targetId": "M7NDOJRP476SF",
      "Action Summary": "S.H.R. provided the primary human airway epithelial cultures used in the experiments.",
      "Action Text": "\"S.H.R. provided primary HAE cultures;\"",
      "Article Title": "A SARS-like cluster of circulating bat coronaviruses shows potential for human emergence",
      "Article URL": "https://www.nature.com/articles/nm.3995"
    },
    {
      "sourceId": "M7NDMWVZ4M2T6",
      "targetId": "M7NDOJRP7U29C",
      "Action Summary": "The chimeric virus replicated in human airway epithelial cells, demonstrating potential for human infection.",
      "Action Text": "\"Using this approach, we characterized CoV infection mediated by the SHC014 spike protein in primary human airway cells and in vivo...\"",
      "Article Title": "A SARS-like cluster of circulating bat coronaviruses shows potential for human emergence",
      "Article URL": "https://www.nature.com/articles/nm.4000"
    },
    {
      "sourceId": "M7NDMWVZ4M2T6",
      "targetId": "M7NDOJRPCDMCO",
      "Action Summary": "The chimeric virus was shown to cause disease in mice, highlighting its pathogenic potential.",
      "Action Text": "\"To evaluate the role of the SHC014 spike in mediating infection in vivo, we infected 10-week-old BALB/c mice with 104 plaque-forming units (p.f.u.) of either SARS-MA15 or SHC014-MA15 (Fig. 1e–h).\"",
      "Article Title": "A SARS-like cluster of circulating bat coronaviruses shows potential for human emergence",
      "Article URL": "https://www.nature.com/articles/nm.4001"
    },
    {
      "sourceId": "M7NDMWVZ4M2T6",
      "targetId": "M7NDOJRP6A0RA",
      "Action Summary": "T.S. completed experiments involving mice.",
      "Action Text": "\"T.S. and J.A.P. completed mouse experiments and plaque assays;\"",
      "Article Title": "A SARS-like cluster of circulating bat coronaviruses shows potential for human emergence",
      "Article URL": "https://www.nature.com/articles/nm.3989"
    },
    {
      "sourceId": "M7NDMWVZ4M2T6",
      "targetId": "M7NDOJRPD89GE",
      "Action Summary": "V.D.M. designed the experiments for the study.",
      "Action Text": "\"V.D.M. designed, coordinated and performed experiments, completed analysis and wrote the manuscript.\"",
      "Article Title": "A SARS-like cluster of circulating bat coronaviruses shows potential for human emergence",
      "Article URL": "https://www.nature.com/articles/nm.3985"
    },
    {
      "sourceId": "M7NDMWVKX7AQ8",
      "targetId": "M7NDOJRPRCAHH",
      "Action Summary": "X.-Y.G. performed experiments to test virus entry using pseudotyped viruses.",
      "Action Text": "\"X.-Y.G. performed pseudotyping experiments;\"",
      "Article Title": "A SARS-like cluster of circulating bat coronaviruses shows potential for human emergence",
      "Article URL": "https://www.nature.com/articles/nm.3991"
    },
    {
      "sourceId": "M7NDMWVKX7AQ8",
      "targetId": "M7NDOJRPBO19B",
      "Action Summary": "Z.-L.S. provided the spike sequences for SHC014 used in creating the chimeric virus.",
      "Action Text": "\"Z.-L.S. provided SHC014 spike sequences and plasmids.\"",
      "Article Title": "A SARS-like cluster of circulating bat coronaviruses shows potential for human emergence",
      "Article URL": "https://www.nature.com/articles/nm.3998"
    },
    {
      "sourceId": "M7NDOJRPGDL5U",
      "targetId": "M7NDOJRN1JK2Z",
      "Action Summary": "B.L.Y. designed the infectious clone for the chimeric virus.",
      "Article Title": "A SARS-like cluster of circulating bat coronaviruses shows potential for human emergence",
      "Article URL": "https://www.nature.com/articles/nm.3986"
    },
    {
      "sourceId": "M7NDOJRPSNCPD",
      "targetId": "M7NDOJRP7LJFO",
      "Action Summary": "E.F.D. was responsible for the phylogenetic analysis of CoV sequences.",
      "Article Title": "A SARS-like cluster of circulating bat coronaviruses shows potential for human emergence",
      "Article URL": "https://www.nature.com/articles/nm.3993"
    },
    {
      "sourceId": "M7NDOJRPY0K5P",
      "targetId": "M7NDOJRP18DXV",
      "Action Summary": "K.D. generated figures representing structural models.",
      "Article Title": "A SARS-like cluster of circulating bat coronaviruses shows potential for human emergence",
      "Article URL": "https://www.nature.com/articles/nm.3992"
    },
    {
      "sourceId": "M7NDOJRPXBM10",
      "targetId": "M7NDOJRPCSC9J",
      "Action Summary": "L.E.G. assisted in performing mouse experiments.",
      "Article Title": "A SARS-like cluster of circulating bat coronaviruses shows potential for human emergence",
      "Article URL": "https://www.nature.com/articles/nm.3988"
    },
    {
      "sourceId": "M7NDOJRPQ429O",
      "targetId": "M7NDOJRP19ZV2",
      "Action Summary": "R.L.G. conducted RNA analysis to study virus replication.",
      "Article Title": "A SARS-like cluster of circulating bat coronaviruses shows potential for human emergence",
      "Article URL": "https://www.nature.com/articles/nm.3994"
    },
    {
      "sourceId": "M7NDOJRP91XIZ",
      "targetId": "M7NDOJRP4TVKF",
      "Action Summary": "R.S.B. designed experiments and contributed to writing the manuscript.",
      "Article Title": "A SARS-like cluster of circulating bat coronaviruses shows potential for human emergence",
      "Article URL": "https://www.nature.com/articles/nm.3999"
    },
    {
      "sourceId": "M7NDOJRP476SF",
      "targetId": "M7NDOJRPZ8QVY",
      "Action Summary": "S.H.R. provided the primary human airway epithelial cultures used in the experiments.",
      "Article Title": "A SARS-like cluster of circulating bat coronaviruses shows potential for human emergence",
      "Article URL": "https://www.nature.com/articles/nm.3995"
    },
    {
      "sourceId": "M7NDOJRP7U29C",
      "targetId": "M7NDOJRP2OD4V",
      "Action Summary": "The chimeric virus replicated in human airway epithelial cells, demonstrating potential for human infection.",
      "Article Title": "A SARS-like cluster of circulating bat coronaviruses shows potential for human emergence",
      "Article URL": "https://www.nature.com/articles/nm.4000"
    },
    {
      "sourceId": "M7NDOJRPCDMCO",
      "targetId": "M7NDOJRPCSC9J",
      "Action Summary": "The chimeric virus was shown to cause disease in mice, highlighting its pathogenic potential.",
      "Article Title": "A SARS-like cluster of circulating bat coronaviruses shows potential for human emergence",
      "Article URL": "https://www.nature.com/articles/nm.4001"
    },
    {
      "sourceId": "M7NDOJRP6A0RA",
      "targetId": "M7NDOJRPCSC9J",
      "Action Summary": "T.S. completed experiments involving mice.",
      "Article Title": "A SARS-like cluster of circulating bat coronaviruses shows potential for human emergence",
      "Article URL": "https://www.nature.com/articles/nm.3989"
    },
    {
      "sourceId": "M7NDOJRPD89GE",
      "targetId": "M7NDOJRP4TVKF",
      "Action Summary": "V.D.M. designed the experiments for the study.",
      "Article Title": "A SARS-like cluster of circulating bat coronaviruses shows potential for human emergence",
      "Article URL": "https://www.nature.com/articles/nm.3985"
    },
    {
      "sourceId": "M7NDOJRPRCAHH",
      "targetId": "M7NDOJRPUTEL4",
      "Action Summary": "X.-Y.G. performed experiments to test virus entry using pseudotyped viruses.",
      "Article Title": "A SARS-like cluster of circulating bat coronaviruses shows potential for human emergence",
      "Article URL": "https://www.nature.com/articles/nm.3991"
    },
    {
      "sourceId": "M7NDOJRPBO19B",
      "targetId": "M7NDOJRPAMVEY",
      "Action Summary": "Z.-L.S. provided the spike sequences for SHC014 used in creating the chimeric virus.",
      "Article Title": "A SARS-like cluster of circulating bat coronaviruses shows potential for human emergence",
      "Article URL": "https://www.nature.com/articles/nm.3998"
    },
    {
      "sourceId": "M7NDOJRP6A0RA",
      "targetId": "M7NDOJRPCSC9J",
      "Action Summary": "J.A.P. completed experiments involving mice.",
      "Article Title": "A SARS-like cluster of circulating bat coronaviruses shows potential for human emergence",
      "Article URL": "https://www.nature.com/articles/nm.3990"
    },
    {
      "sourceId": "M7NDOJRNCID4A",
      "targetId": "M7NDOJRP6A0RA",
      "Action Summary": "J.A.P. completed experiments involving mice.",
      "Action Text": "\"T.S. and J.A.P. completed mouse experiments and plaque assays;\"",
      "Article Title": "A SARS-like cluster of circulating bat coronaviruses shows potential for human emergence",
      "Article URL": "https://www.nature.com/articles/nm.3990"
    },
    {
      "sourceId": "M7NDMWVZ4M2T6",
      "targetId": "M7NDOJRP6A0RA",
      "Action Summary": "J.A.P. completed experiments involving mice.",
      "Action Text": "\"T.S. and J.A.P. completed mouse experiments and plaque assays;\"",
      "Article Title": "A SARS-like cluster of circulating bat coronaviruses shows potential for human emergence",
      "Article URL": "https://www.nature.com/articles/nm.3990"
    }
  ]
}