{
  "nodes": [
    {
      "id": "M7NDMWW5CW59O",
      "Relationship Summary": "Davis transitioned from Metabiota in the PREDICT program.",
      "Article Text": "\"Operations in China, Indonesia, Sierra Leone, Cote d’Ivoire, Republic of Congo, and Guinea were transitioned to either UC Davis or EcoHealth Alliance.\"",
      "Relationship NAME": "Transition from",
      "Relationship Date": "09/21/21",
      "article URL": "https://usrtk.org/covid-19-origins/metabiota-safety-and-data-problems/",
      "Tag": "Virology",
      "type": "Relationship",
      "name": "Davis transitioned from Metabiota in the PREDICT program."
    },
    {
      "id": "M7NDMWWC16RJL",
      "Relationship Summary": "Jonna Mazet served as Global Director for PREDICT at UC Davis",
      "Article Text": "\"with epidemiologist Jonna Mazet of the University of California, Davis, as its global director.\"",
      "article URL": "https://en.wikipedia.org/wiki/Predict_(USAID)",
      "Tag": "Virology",
      "type": "Relationship",
      "name": "Jonna Mazet served as Global Director for PREDICT at UC Davis"
    },
    {
      "id": "M7NDMWWC4S818",
      "Relationship Summary": "PREDICT was led by UC Davis One Health Institute",
      "Article Text": "\"Predict was an epidemiological research program ... led by UC Davis' One Health Institute.\"",
      "article URL": "https://en.wikipedia.org/wiki/Predict_(USAID)",
      "Tag": "Virology",
      "type": "Relationship",
      "name": "PREDICT was led by UC Davis One Health Institute"
    },
    {
      "id": "M7NDMWWCS1NLZ",
      "Relationship Summary": "PREDICT involved UC Davis through its One Health Institute",
      "Article Text": "\"Predict was an epidemiological research program ... led by UC Davis' One Health Institute.\"",
      "article URL": "https://en.wikipedia.org/wiki/Predict_(USAID)",
      "Tag": "Virology",
      "type": "Relationship",
      "name": "PREDICT involved UC Davis through its One Health Institute"
    },
    {
      "id": "M7NDMWWC8PU0I",
      "Relationship Summary": "UC-Davis hosted PREDICT Program, led by J.K. Mazet.",
      "Article Text": "\"USAID’s PREDICT program, led by JK Mazet at UC-Davis, provided $1.1 million to the WIV through EcoHealth Alliance from 2009 to 2019.\"",
      "Relationship NAME": "Led by",
      "Relationship Date": "06/11/21",
      "article URL": "https://miningawareness.wordpress.com/2021/06/11/usaid-predict-nih-gave-1-9-million-to-the-wuhan-wiv-lab-through-daszak-ecohealth-alliance-daszak-talks-china-partners-work-on-killer-viruses-biden-admin-plans/",
      "Tag": "Virology",
      "type": "Relationship",
      "name": "UC-Davis hosted PREDICT Program, led by J.K. Mazet."
    },
    {
      "id": "M7NDMWWDSQI7S",
      "Relationship Summary": "Brett Smith works for UC Davis OHI",
      "Article Text": "\"Brett Smith, UC Davis OHI\"",
      "article URL": "https://p2.predict.global/team",
      "Tag": "Virology",
      "type": "Relationship",
      "name": "Brett Smith works for UC Davis OHI"
    },
    {
      "id": "M7NDMWWD99P4O",
      "Relationship Summary": "Brian Bird works for UC Davis OHI",
      "Article Text": "\"Brian Bird, UC Davis OHI\"",
      "article URL": "https://p2.predict.global/team",
      "Tag": "Virology",
      "type": "Relationship",
      "name": "Brian Bird works for UC Davis OHI"
    },
    {
      "id": "M7NDMWWDPVVBS",
      "Relationship Summary": "Bridgette Smith works for UC Davis OHI",
      "Article Text": "\"Bridgette Smith, UC Davis OHI\"",
      "article URL": "https://p2.predict.global/team",
      "Tag": "Virology",
      "type": "Relationship",
      "name": "Bridgette Smith works for UC Davis OHI"
    },
    {
      "id": "M7NDMWWDX7WKV",
      "Relationship Summary": "Brooke Genovese works for UC Davis OHI",
      "Article Text": "\"Brooke Genovese, UC Davis OHI\"",
      "article URL": "https://p2.predict.global/team",
      "Tag": "Virology",
      "type": "Relationship",
      "name": "Brooke Genovese works for UC Davis OHI"
    },
    {
      "id": "M7NDMWWDCJ7NH",
      "Relationship Summary": "Christine Kreuder Johnson works for UC Davis OHI",
      "Article Text": "\"Christine Kreuder Johnson, UC Davis OHI\"",
      "article URL": "https://p2.predict.global/team",
      "Tag": "Virology",
      "type": "Relationship",
      "name": "Christine Kreuder Johnson works for UC Davis OHI"
    },
    {
      "id": "M7NDMWWD0ZSLS",
      "Relationship Summary": "Corina Monagin works for UC Davis OHI",
      "Article Text": "\"Corina Monagin, UC Davis OHI\"",
      "article URL": "https://p2.predict.global/team",
      "Tag": "Virology",
      "type": "Relationship",
      "name": "Corina Monagin works for UC Davis OHI"
    },
    {
      "id": "M7NDMWWDQV6HY",
      "Relationship Summary": "David Wolking works for UC Davis OHI",
      "Article Text": "\"David Wolking, UC Davis OHI\"",
      "article URL": "https://p2.predict.global/team",
      "Tag": "Virology",
      "type": "Relationship",
      "name": "David Wolking works for UC Davis OHI"
    },
    {
      "id": "M7NDMWWDUBEPT",
      "Relationship Summary": "Elizabeth Leasure works for UC Davis OHI",
      "Article Text": "\"Elizabeth Leasure, UC Davis OHI\"",
      "article URL": "https://p2.predict.global/team",
      "Tag": "Virology",
      "type": "Relationship",
      "name": "Elizabeth Leasure works for UC Davis OHI"
    },
    {
      "id": "M7NDMWWDS57LU",
      "Relationship Summary": "Eri Togami works for UC Davis OHI",
      "Article Text": "\"Eri Togami, UC Davis OHI\"",
      "article URL": "https://p2.predict.global/team",
      "Tag": "Virology",
      "type": "Relationship",
      "name": "Eri Togami works for UC Davis OHI"
    },
    {
      "id": "M7NDMWWDCBPI9",
      "Relationship Summary": "Eunah Preston works for UC Davis OHI",
      "Article Text": "\"Eunah Preston, UC Davis OHI\"",
      "article URL": "https://p2.predict.global/team",
      "Tag": "Virology",
      "type": "Relationship",
      "name": "Eunah Preston works for UC Davis OHI"
    },
    {
      "id": "M7NDMWWD49AO2",
      "Relationship Summary": "Hannah Chale works for UC Davis OHI",
      "Article Text": "\"Hannah Chale, UC Davis OHI\"",
      "article URL": "https://p2.predict.global/team",
      "Tag": "Virology",
      "type": "Relationship",
      "name": "Hannah Chale works for UC Davis OHI"
    },
    {
      "id": "M7NDMWWDP4C4Q",
      "Relationship Summary": "Jaber Belkhiria works for UC Davis OHI",
      "Article Text": "\"Jaber Belkhiria, UC Davis OHI\"",
      "article URL": "https://p2.predict.global/team",
      "Tag": "Virology",
      "type": "Relationship",
      "name": "Jaber Belkhiria works for UC Davis OHI"
    },
    {
      "id": "M7NDMWWD5OZRV",
      "Relationship Summary": "Jonna Mazet works for UC Davis OHI",
      "Article Text": "\"Jonna Mazet, UC Davis OHI\"",
      "article URL": "https://p2.predict.global/team",
      "Tag": "Virology",
      "type": "Relationship",
      "name": "Jonna Mazet works for UC Davis OHI"
    },
    {
      "id": "M7NDMWWDBYZ36",
      "Relationship Summary": "Kevin Gonzalez works for UC Davis OHI",
      "Article Text": "\"Kevin Gonzalez, UC Davis OHI\"",
      "article URL": "https://p2.predict.global/team",
      "Tag": "Virology",
      "type": "Relationship",
      "name": "Kevin Gonzalez works for UC Davis OHI"
    },
    {
      "id": "M7NDMWWD7AQDK",
      "Relationship Summary": "Lucy Keatts works for UC Davis OHI",
      "Article Text": "\"Lucy Keatts, UC Davis OHI\"",
      "article URL": "https://p2.predict.global/team",
      "Tag": "Virology",
      "type": "Relationship",
      "name": "Lucy Keatts works for UC Davis OHI"
    },
    {
      "id": "M7NDMWWDPJKK1",
      "Relationship Summary": "Nicole Gardner works for UC Davis OHI",
      "Article Text": "\"Nicole Gardner, UC Davis OHI\"",
      "article URL": "https://p2.predict.global/team",
      "Tag": "Virology",
      "type": "Relationship",
      "name": "Nicole Gardner works for UC Davis OHI"
    },
    {
      "id": "M7NDMWWDKCKMF",
      "Relationship Summary": "Nistara Randhawa works for UC Davis OHI",
      "Article Text": "\"Nistara Randhawa, UC Davis OHI\"",
      "article URL": "https://p2.predict.global/team",
      "Tag": "Virology",
      "type": "Relationship",
      "name": "Nistara Randhawa works for UC Davis OHI"
    },
    {
      "id": "M7NDMWWDQWEGG",
      "Relationship Summary": "Pranav Pandit works for UC Davis OHI",
      "Article Text": "\"Pranav Pandit, UC Davis OHI\"",
      "article URL": "https://p2.predict.global/team",
      "Tag": "Virology",
      "type": "Relationship",
      "name": "Pranav Pandit works for UC Davis OHI"
    },
    {
      "id": "M7NDMWWD0RR0D",
      "Relationship Summary": "Terra Kelly works for UC Davis OHI",
      "Article Text": "\"Terra Kelly, UC Davis OHI\"",
      "article URL": "https://p2.predict.global/team",
      "Tag": "Virology",
      "type": "Relationship",
      "name": "Terra Kelly works for UC Davis OHI"
    },
    {
      "id": "M7NDMWWDIDWW8",
      "Relationship Summary": "Tracey Goldstein works for UC Davis OHI",
      "Article Text": "\"Tracey Goldstein, UC Davis OHI\"",
      "article URL": "https://p2.predict.global/team",
      "Tag": "Virology",
      "type": "Relationship",
      "name": "Tracey Goldstein works for UC Davis OHI"
    },
    {
      "id": "M7NDMWWDWFK90",
      "Relationship Summary": "Woutrina Smith works for UC Davis OHI",
      "Article Text": "\"Woutrina Smith, UC Davis OHI\"",
      "article URL": "https://p2.predict.global/team",
      "Tag": "Virology",
      "type": "Relationship",
      "name": "Woutrina Smith works for UC Davis OHI"
    },
    {
      "id": "M7NDMWWDV3ZJ0",
      "Relationship Summary": "Zoe Grange works for UC Davis OHI",
      "Article Text": "\"Zoe Grange, UC Davis OHI\"",
      "article URL": "https://p2.predict.global/team",
      "Tag": "Virology",
      "type": "Relationship",
      "name": "Zoe Grange works for UC Davis OHI"
    },
    {
      "id": "M7NDMWWE0Y0GV",
      "Relationship Summary": "University of California transitioned management of PREDICT to UC Davis, EcoHealth Alliance.",
      "Article Text": "\"Operations in China, Indonesia, Sierra Leone, Cote d’Ivoire, Republic of Congo, and Guinea were transitioned to either UC Davis or EcoHealth Alliance.\"",
      "Relationship NAME": "Transitioned to",
      "Relationship Date": "09/21/21",
      "article URL": "https://usrtk.org/covid-19-origins/metabiota-safety-and-data-problems/",
      "Tag": "Virology",
      "type": "Relationship",
      "name": "University of California transitioned management of PREDICT to UC Davis, EcoHealth Alliance."
    },
    {
      "id": "M7NDMWWEUTFUQ",
      "Relationship Summary": "Metabiota managed operations in several countries, transitioned to UC Davis, EcoHealth Alliance.",
      "Article Text": "\"Operations in China, Indonesia, Sierra Leone, Cote d’Ivoire, Republic of Congo, and Guinea were transitioned to either UC Davis or EcoHealth Alliance.\"",
      "Relationship NAME": "Transitioned to",
      "Relationship Date": "09/21/21",
      "article URL": "https://usrtk.org/covid-19-origins/metabiota-safety-and-data-problems/",
      "Tag": "Virology",
      "type": "Relationship",
      "name": "Metabiota managed operations in several countries, transitioned to UC Davis, EcoHealth Alliance."
    },
    {
      "id": "M7NDMWWERM4AX",
      "Relationship Summary": "Metabiota first suggested reduction of operations in China, transferring to UC Davis, EcoHealth Alliance.",
      "Article Text": "\"Metabiota first suggested ending or reducing operations in China, Indonesia, and Republic of Congo, and transferring management responsibilities to UC Davis or EcoHealth Alliance.\"",
      "Relationship NAME": "Transferring to",
      "Relationship Date": "09/21/21",
      "article URL": "https://usrtk.org/covid-19-origins/metabiota-safety-and-data-problems/",
      "Tag": "Virology",
      "type": "Relationship",
      "name": "Metabiota first suggested reduction of operations in China, transferring to UC Davis, EcoHealth Alliance."
    },
    {
      "id": "M7NDMWWETWE9C",
      "Relationship Summary": "Metabiota suggested reduction of operations in Indonesia, transferring to UC Davis, EcoHealth Alliance.",
      "Article Text": "\"Metabiota first suggested ending or reducing operations in China, Indonesia, and Republic of Congo, and transferring management responsibilities to UC Davis or EcoHealth Alliance.\"",
      "Relationship NAME": "Transferring to",
      "Relationship Date": "09/21/21",
      "article URL": "https://usrtk.org/covid-19-origins/metabiota-safety-and-data-problems/",
      "Tag": "Virology",
      "type": "Relationship",
      "name": "Metabiota suggested reduction of operations in Indonesia, transferring to UC Davis, EcoHealth Alliance."
    },
    {
      "id": "M7NDMWWE840ZP",
      "Relationship Summary": "Metabiota suggested reduction of operations in Republic of Congo, transferring to UC Davis, EcoHealth Alliance.",
      "Article Text": "\"Metabiota first suggested ending or reducing operations in China, Indonesia, and Republic of Congo, and transferring management responsibilities to UC Davis or EcoHealth Alliance.\"",
      "Relationship NAME": "Transferring to",
      "Relationship Date": "09/21/21",
      "article URL": "https://usrtk.org/covid-19-origins/metabiota-safety-and-data-problems/",
      "Tag": "Virology",
      "type": "Relationship",
      "name": "Metabiota suggested reduction of operations in Republic of Congo, transferring to UC Davis, EcoHealth Alliance."
    },
    {
      "id": "M7NDMWWEOQIS2",
      "Relationship Summary": "Elizabeth Leasure managed finances for One Health Institute, stating about Ebola-funded countries.",
      "Article Text": "\"In August 2018, Elizabeth Leasure, the Financial Operations Manager at the One Health Institute, stated that 'all Ebola-funded countries are on track to spend out by Sept 2019,' and that Cameroon, the final country managed by Metabiota, had sufficient funds that could be moved to other countries.\"",
      "Relationship NAME": "Stated that",
      "Relationship Date": "08/01/18",
      "article URL": "https://usrtk.org/covid-19-origins/metabiota-safety-and-data-problems/",
      "Tag": "Virology",
      "type": "Relationship",
      "name": "Elizabeth Leasure managed finances for One Health Institute, stating about Ebola-funded countries."
    },
    {
      "id": "M7NDMWWHSCK5B",
      "Relationship Summary": "UC Davis was the prime contractor on the PREDICT award",
      "Article Text": "\"During my tenure at EcoHealth Alliance (2014–2016), UC Davis was the prime contractor on the PREDICT award\"",
      "Relationship NAME": "As a result of",
      "Relationship Date": "2014-2016",
      "article URL": "https://www.amazon.com/Truth-about-Wuhan-Uncovered-Biggest/dp/1510773886/ref=sr_1_1?sr=82",
      "Tag": "Virology",
      "type": "Relationship",
      "name": "UC Davis was the prime contractor on the PREDICT award"
    },
    {
      "id": "M7NDMWWHQIGD8",
      "Relationship Summary": "EcoHealth Alliance collaborated with UC Davis",
      "Article Text": "\"EcoHealth and UC Davis are now conveniently directing investigators of the origin of COVID to USAID.\"",
      "Relationship NAME": "In response to",
      "article URL": "https://www.amazon.com/Truth-about-Wuhan-Uncovered-Biggest/dp/1510773886/ref=sr_1_1?sr=84",
      "Tag": "Virology",
      "type": "Relationship",
      "name": "EcoHealth Alliance collaborated with UC Davis"
    },
    {
      "id": "M7NDMWWISKH10",
      "Relationship Summary": "EHA works with UC Davis in research",
      "Article Text": "\"The collaboration will include sequencing efforts led by researchers at UC Davis.\"",
      "Relationship NAME": "includes sequencing efforts by",
      "Relationship Date": "Unknown",
      "article URL": "https://www.judicialwatch.org/wp-content/uploads/2023/04/NIH-EcoHealth-Grant-FOIA-April-2023-pgs-231-263.pdf",
      "Tag": "Virology",
      "type": "Relationship",
      "name": "EHA works with UC Davis in research"
    },
    {
      "id": "M7NDMWWJGPHRY",
      "Relationship Summary": "PREDICT is led by University of California, Davis",
      "Article Text": "\"PREDICT is a consortium led by the University of California, Davis\"",
      "article URL": "https://www.si.edu/newsdesk/releases/new-virus-discovered-myanmar-smithsonian-s-global-health-program",
      "Tag": "Virology",
      "type": "Relationship",
      "name": "PREDICT is led by University of California, Davis"
    },
    {
      "id": "M7NDMWWJYEYGR",
      "Relationship Summary": "University of California, Davis leads UC Davis One Health Institute",
      "Article Text": "USAID’s Emerging Pandemic Threats program and is led by the UC Davis One Health Institute",
      "article URL": "https://www.si.edu/newsdesk/releases/new-virus-discovered-myanmar-smithsonian-s-global-health-program",
      "Tag": "Virology",
      "type": "Relationship",
      "name": "University of California, Davis leads UC Davis One Health Institute"
    },
    {
      "id": "M7UDX5VKYY25C",
      "Relationship Summary": "The Global Virome Project included Jonna Mazet as a board member.",
      "Article Text": "\"Global Virome Project’s list of board members includes Peter Daszak of the EcoHealth Alliance, Jonna Mazet of UC Davis, Oyewale Tomori of Nigeria, and Edward 'Eddy' Rubin of Metabiota.\"",
      "Relationship NAME": "Employed by",
      "article URL": "https://disinformationchronicle.substack.com/p/virome-violation-in-pursuing-science",
      "type": "Relationship",
      "name": "The Global Virome Project included Jonna Mazet as a board member."
    },
    {
      "id": "M7UDX5VK6BMNR",
      "Relationship Summary": "Jonna Mazet was involved with the Global Virome Project as a key player.",
      "Article Text": "\"The reporter with STAT also interviewed UC Davis’s Jonna Mazet who is a key player in an ambitious endeavor called the Global Virome Project, which has proposed cataloguing nearly all of the unknown viruses lurking in nature around the world.\"",
      "Relationship NAME": "Interviewed by",
      "article URL": "https://disinformationchronicle.substack.com/p/virome-violation-in-pursuing-science",
      "type": "Relationship",
      "name": "Jonna Mazet was involved with the Global Virome Project as a key player."
    },
    {
      "id": "M7UDX5VKBPBN4",
      "Relationship Summary": "UC Davis employed Jonna Mazet who was involved with GVP.",
      "Article Text": "\"The reporter with STAT also interviewed UC Davis’s Jonna Mazet who is a key player in an ambitious endeavor called the Global Virome Project, which has proposed cataloguing nearly all of the unknown viruses lurking in nature around the world.\"",
      "Relationship NAME": "Involved with",
      "article URL": "https://disinformationchronicle.substack.com/p/virome-violation-in-pursuing-science",
      "type": "Relationship",
      "name": "UC Davis employed Jonna Mazet who was involved with GVP."
    },
    {
      "id": "M7UDX5VK977C4",
      "Relationship Summary": "Jonna Mazet teaches and researches at UC Davis",
      "Article Text": "\"Jonna is a Professor of Epidemiology and Disease Ecology at the UC Davis School of Veterinary Medicine and Executive Director of the UC Davis One Health Institute.\"",
      "article URL": "https://web.archive.org/web/20200713124729/http://www.globalviromeproject.org/who-we-are/leadership/jonna-mazet",
      "type": "Relationship",
      "name": "Jonna Mazet teaches and researches at UC Davis"
    },
    {
      "id": "M7UDX5VK8R3DD",
      "Relationship Summary": "Jonna Mazet works with UC Davis",
      "Article Text": "\"Jonna Mazet One Health Institute, UC Davis School of Veterinary Medicine\"",
      "article URL": "https://web.archive.org/web/20200718034514/http://www.globalviromeproject.org/our-history",
      "type": "Relationship",
      "name": "Jonna Mazet works with UC Davis"
    },
    {
      "id": "M7NDTK1TPCXIT",
      "Process Category": "Award Management",
      "Process": "Award Resulting in Subawards",
      "Process Summary": "An award resulting in subawards to other institutions.",
      "Article Text": "USAID award to University of California, Davis. As shown in figure 3, above, this USAID award to the University of California, Davis, resulted in two second-tier subawards from EcoHealth Alliance...",
      "Article URL": "https://www.gao.gov/assets/gao-23-106119.pdf",
      "type": "Process",
      "name": "An award resulting in subawards to other institutions."
    },
    {
      "id": "M7NDTK1TND1NQ",
      "Process Category": "Project Initiation",
      "Process": "Award for Zoonotic Virus Monitoring",
      "Process Summary": "Initiated an award aimed at monitoring zoonotic viruses.",
      "Article Text": "2014 award to the University of California, Davis—which aimed to improve monitoring of zoonotic viruses with pandemic potential in multiple African and Asian countries under its PREDICT-2 project",
      "Process Date": "2014",
      "Article URL": "https://www.gao.gov/assets/gao-23-106119.pdf",
      "type": "Process",
      "name": "Initiated an award aimed at monitoring zoonotic viruses."
    },
    {
      "id": "M7NDTK1T9QMO1",
      "Process Category": "Award Management",
      "Process": "Award Resulting in Subawards",
      "Process Summary": "Support research activities through subawards",
      "Article Text": ".An award resulting in subawards to other institutions. USAID award to University of California, Davis. As shown in figure 3, above, this USAID award to the University of California, Davis, resulted in two second-tier subawards from EcoHealth Alliance...one to Wuhan University..the other to WIV",
      "Process Date": "October 2014",
      "Article URL": "https://www.gao.gov/assets/gao-23-106119.pdf",
      "type": "Process",
      "name": "Support research activities through subawards"
    },
    {
      "id": "M7NDTK1USK7I0",
      "Process Summary": "An award resulting in subawards to other institutions.",
      "Article Text": "USAID award to University of California, Davis. As shown in figure 3, above, this USAID award to the University of California, Davis, resulted in two second-tier subawards from EcoHealth Alliance...",
      "Process Target": "Support research activities through subawards",
      "Process Result": "Establishment of subawards",
      "Article URL": "https://www.gao.gov/assets/gao-23-106119.pdf",
      "type": "Result",
      "name": "An award resulting in subawards to other institutions."
    },
    {
      "id": "M7NDTK1UJCPEK",
      "Process Summary": "Initiated an award aimed at monitoring zoonotic viruses.",
      "Article Text": "2014 award to the University of California, Davis—which aimed to improve monitoring of zoonotic viruses with pandemic potential in multiple African and Asian countries under its PREDICT-2 project",
      "Process Target": "Improve monitoring of zoonotic viruses with potential for pandemics",
      "Process Result": "Project initiation",
      "Process Date": "2014",
      "Article URL": "https://www.gao.gov/assets/gao-23-106119.pdf",
      "type": "Result",
      "name": "Initiated an award aimed at monitoring zoonotic viruses."
    },
    {
      "id": "M7NDTK1UQACZ2",
      "Process Summary": "Support research activities through subawards",
      "Article Text": ".An award resulting in subawards to other institutions. USAID award to University of California, Davis. As shown in figure 3, above, this USAID award to the University of California, Davis, resulted in two second-tier subawards from EcoHealth Alliance...one to Wuhan University..the other to WIV",
      "Process Target": "Establishment of subawards",
      "Process Result": "WIV",
      "Process Date": "October 2014",
      "Article URL": "https://www.gao.gov/assets/gao-23-106119.pdf",
      "type": "Result",
      "name": "Support research activities through subawards"
    },
    {
      "id": "M7NDMWVJ9ILLE",
      "Entity Name": "Jonna Mazet",
      "Article Text": "\"On April 17, 2017, Metabiota’s Chief Scientific Officer Eddy Rubin emailed PREDICT Director Jonna Mazet: 'We are also working on a Sample and Data Quality Risk and Corrective Action plan which I will get to you before this Friday.'\"",
      "Relationship Date": "04/17/17",
      "Article Title": "Metabiota Safety and Data Problems",
      "article URL": "https://usrtk.org/covid-19-origins/metabiota-safety-and-data-problems/",
      "Article URL": "https://s3.documentcloud.org/documents/21055989/understanding-risk-bat-coronavirus-emergence-grant-notice.pdf",
      "type": "Entity",
      "name": "Jonna Mazet"
    },
    {
      "id": "M7NDMWVKFBLM1",
      "Entity Name": "J.K. Mazet",
      "Article Text": "\"USAID’s PREDICT program, led by JK Mazet at UC-Davis, provided $1.1 million to the WIV through EcoHealth Alliance from 2009 to 2019.\"",
      "Relationship Date": "06/11/21",
      "Article Title": "usaid-predict-nih-gave-1-9-million-to-the-wuhan-wiv-lab-through-daszak-ecohealth-alliance-daszak-talks-china-partners-work-on-killer-viruses-biden-admin-plans",
      "article URL": "https://miningawareness.wordpress.com/2021/06/11/usaid-predict-nih-gave-1-9-million-to-the-wuhan-wiv-lab-through-daszak-ecohealth-alliance-daszak-talks-china-partners-work-on-killer-viruses-biden-admin-plans/",
      "type": "Entity",
      "name": "J.K. Mazet"
    },
    {
      "id": "M7NDMWVKVZEOE",
      "Entity Name": "UC-Davis",
      "type": "Entity",
      "name": "UC-Davis"
    },
    {
      "id": "M7NDMWVK427RQ",
      "Entity Name": "Brett Smith",
      "type": "Entity",
      "name": "Brett Smith"
    },
    {
      "id": "M7NDMWVKYBVGQ",
      "Entity Name": "Brian Bird",
      "type": "Entity",
      "name": "Brian Bird"
    },
    {
      "id": "M7NDMWVKUVRWR",
      "Entity Name": "Bridgette Smith",
      "type": "Entity",
      "name": "Bridgette Smith"
    },
    {
      "id": "M7NDMWVKS5IAW",
      "Entity Name": "Brooke Genovese",
      "type": "Entity",
      "name": "Brooke Genovese"
    },
    {
      "id": "M7NDMWVK51MPE",
      "Entity Name": "Christine Kreuder Johnson",
      "type": "Entity",
      "name": "Christine Kreuder Johnson"
    },
    {
      "id": "M7NDMWVK2J070",
      "Entity Name": "Corina Monagin",
      "type": "Entity",
      "name": "Corina Monagin"
    },
    {
      "id": "M7NDMWVK2774W",
      "Entity Name": "David Wolking",
      "type": "Entity",
      "name": "David Wolking"
    },
    {
      "id": "M7NDMWVK59MM3",
      "Entity Name": "Elizabeth Leasure",
      "type": "Entity",
      "name": "Elizabeth Leasure"
    },
    {
      "id": "M7NDMWVKQ08VI",
      "Entity Name": "Eri Togami",
      "type": "Entity",
      "name": "Eri Togami"
    },
    {
      "id": "M7NDMWVK5MBRY",
      "Entity Name": "Eunah Preston",
      "type": "Entity",
      "name": "Eunah Preston"
    },
    {
      "id": "M7NDMWVKRBMV3",
      "Entity Name": "Hannah Chale",
      "type": "Entity",
      "name": "Hannah Chale"
    },
    {
      "id": "M7NDMWVKDN8D1",
      "Entity Name": "Jaber Belkhiria",
      "type": "Entity",
      "name": "Jaber Belkhiria"
    },
    {
      "id": "M7NDMWVK64Q38",
      "Entity Name": "Kevin Gonzalez",
      "type": "Entity",
      "name": "Kevin Gonzalez"
    },
    {
      "id": "M7NDMWVKVV98M",
      "Entity Name": "Lucy Keatts",
      "type": "Entity",
      "name": "Lucy Keatts"
    },
    {
      "id": "M7NDMWVKM9OOP",
      "Entity Name": "Nicole Gardner",
      "type": "Entity",
      "name": "Nicole Gardner"
    },
    {
      "id": "M7NDMWVKS0DSV",
      "Entity Name": "Nistara Randhawa",
      "type": "Entity",
      "name": "Nistara Randhawa"
    },
    {
      "id": "M7NDMWVK36IOL",
      "Entity Name": "Pranav Pandit",
      "type": "Entity",
      "name": "Pranav Pandit"
    },
    {
      "id": "M7NDMWVLNXISM",
      "Entity Name": "Terra Kelly",
      "type": "Entity",
      "name": "Terra Kelly"
    },
    {
      "id": "M7NDMWVLXNOIY",
      "Entity Name": "Tracey Goldstein",
      "type": "Entity",
      "name": "Tracey Goldstein"
    },
    {
      "id": "M7NDMWVL73DGH",
      "Entity Name": "Woutrina Smith",
      "type": "Entity",
      "name": "Woutrina Smith"
    },
    {
      "id": "M7NDMWVLOFSMN",
      "Entity Name": "Zoe Grange",
      "type": "Entity",
      "name": "Zoe Grange"
    },
    {
      "id": "M7NDMWVL6C3KA",
      "Entity Name": "U.S. Agency for International Development",
      "Article Text": "\"Global Virome Project Board Member Edward Rubin states that USAID 'champions' the Global Virome Project in a fundraising pitch.\"",
      "Article Title": "Dennis Carroll Used Taxpayer Funds for Risky Private Project",
      "article URL": "https://childrenshealthdefense.org/defender/dennis-carroll-taxpayer-funds-risky-private-project/",
      "Article URL": "https://www.gao.gov/assets/gao-23-106119.pdf",
      "type": "Entity",
      "URL": "https://liberationnews.org/usaid-the-humanitarian-face-of-colonial-exploitation/",
      "Entity Acronym": "USAID",
      "name": "U.S. Agency for International Development"
    },
    {
      "id": "M7NDMWVPF5ESO",
      "Entity Name": "UC Davis",
      "Article URL": "https://www.gao.gov/assets/gao-23-106119.pdf",
      "type": "Entity",
      "Entity Acronym": "USAID",
      "name": "UC Davis"
    },
    {
      "id": "M7NDMWVSRIVD2",
      "Entity Name": "USAID PREDICT",
      "Article Text": "\"Most recently, through partnership with the USAID PREDICT program, we have augmented our lab's ability to identify zoonotic agents in people highly exposed to wildlife such as those working in live animal markets.\"",
      "Relationship Date": "02/09/25",
      "Article Title": "CV Summaries",
      "article URL": "https://s3.documentcloud.org/documents/21055989/understanding-risk-bat-coronavirus-emergence-grant-notice.pdf",
      "Article URL": "https://nymag.com/intelligencer/article/coronavirus-lab-escape-theory.html",
      "type": "Entity",
      "name": "USAID PREDICT"
    },
    {
      "id": "M7NDMWVTWZDC1",
      "Entity Name": "UC Davis One Health Institute",
      "type": "Entity",
      "name": "UC Davis One Health Institute"
    },
    {
      "id": "M7NDMWVUPS5S2",
      "Entity Name": "UC Davis OHI",
      "type": "Entity",
      "name": "UC Davis OHI"
    },
    {
      "id": "M7NDMWVV5XM6P",
      "Entity Name": "UC Davis, EcoHealth Alliance",
      "Article Text": "\"Metabiota first suggested ending or reducing operations in China, Indonesia, and Republic of Congo, and transferring management responsibilities to UC Davis or EcoHealth Alliance.\"",
      "Relationship Date": "09/21/21",
      "Article Title": "Metabiota Safety and Data Problems",
      "article URL": "https://usrtk.org/covid-19-origins/metabiota-safety-and-data-problems/",
      "type": "Entity",
      "name": "UC Davis, EcoHealth Alliance"
    },
    {
      "id": "M7NDMWWMUJ14B",
      "Entity Name": "Researchers",
      "Article Text": "\"The collaboration will include sequencing efforts led by researchers at UC Davis.\"",
      "Relationship Date": "Unknown",
      "Article Title": "NIH-EcoHealth-Grant-FOIA-April-2023",
      "article URL": "https://www.judicialwatch.org/wp-content/uploads/2023/04/NIH-EcoHealth-Grant-FOIA-April-2023-pgs-231-263.pdf",
      "type": "Entity",
      "name": "Researchers"
    },
    {
      "id": "M7NDMWWN2ZJU4",
      "Entity Name": "Ebola-funded countries",
      "Article Text": "\"In August 2018, Elizabeth Leasure, the Financial Operations Manager at the One Health Institute, stated that 'all Ebola-funded countries are on track to spend out by Sept 2019,' and that Cameroon, the final country managed by Metabiota, had sufficient funds that could be moved to other countries.\"",
      "Relationship Date": "08/01/18",
      "Article Title": "Metabiota Safety and Data Problems",
      "article URL": "https://usrtk.org/covid-19-origins/metabiota-safety-and-data-problems/",
      "type": "Entity",
      "name": "Ebola-funded countries"
    },
    {
      "id": "M7NDMWWQO8K5N",
      "Entity Name": "Decentralized Radical Autonomous Search Team Investigating COVID-19",
      "Article Text": "\"EcoHealth and UC Davis are now conveniently directing investigators of the origin of COVID to USAID.\"",
      "article URL": "https://www.amazon.com/Truth-about-Wuhan-Uncovered-Biggest/dp/1510773886/ref=sr_1_1?sr=84",
      "type": "Entity",
      "name": "Decentralized Radical Autonomous Search Team Investigating COVID-19"
    },
    {
      "id": "M7UDX5VFYZW91",
      "Entity Name": "UC Davis School of Veterinary Medicine",
      "type": "Entity",
      "name": "UC Davis School of Veterinary Medicine"
    }
  ],
  "links": [
    {
      "sourceId": "M7NDTK1TPCXIT",
      "targetId": "M7NDTK1USK7I0",
      "Process Summary": "An award resulting in subawards to other institutions.",
      "Article Text": "USAID award to University of California, Davis. As shown in figure 3, above, this USAID award to the University of California, Davis, resulted in two second-tier subawards from EcoHealth Alliance...",
      "Process Target": "Support research activities through subawards",
      "Process Result": "Establishment of subawards",
      "Article URL": "https://www.gao.gov/assets/gao-23-106119.pdf"
    },
    {
      "sourceId": "M7NDTK1TND1NQ",
      "targetId": "M7NDTK1UJCPEK",
      "Process Summary": "Initiated an award aimed at monitoring zoonotic viruses.",
      "Article Text": "2014 award to the University of California, Davis—which aimed to improve monitoring of zoonotic viruses with pandemic potential in multiple African and Asian countries under its PREDICT-2 project",
      "Process Target": "Improve monitoring of zoonotic viruses with potential for pandemics",
      "Process Result": "Project initiation",
      "Article URL": "https://www.gao.gov/assets/gao-23-106119.pdf"
    },
    {
      "sourceId": "M7NDTK1T9QMO1",
      "targetId": "M7NDTK1UQACZ2",
      "Process Summary": "Support research activities through subawards",
      "Article Text": ".An award resulting in subawards to other institutions. USAID award to University of California, Davis. As shown in figure 3, above, this USAID award to the University of California, Davis, resulted in two second-tier subawards from EcoHealth Alliance...one to Wuhan University..the other to WIV",
      "Process Target": "Establishment of subawards",
      "Process Result": "WIV",
      "Article URL": "https://www.gao.gov/assets/gao-23-106119.pdf"
    },
    {
      "sourceId": "M7NDTK1T9QMO1",
      "targetId": "M7NDTK1UQACZ2",
      "Process Summary": "Support research activities through subawards",
      "Article Text": ".An award resulting in subawards to other institutions. USAID award to University of California, Davis. As shown in figure 3, above, this USAID award to the University of California, Davis, resulted in two second-tier subawards from EcoHealth Alliance...one to Wuhan University..the other to WIV",
      "Process Target": "Establishment of subawards",
      "Process Result": "University of California, Davis",
      "Article URL": "https://www.gao.gov/assets/gao-23-106119.pdf"
    },
    {
      "sourceId": "M7NDMWWEOQIS2",
      "targetId": "M7NDMWWN2ZJU4",
      "Article Text": "\"In August 2018, Elizabeth Leasure, the Financial Operations Manager at the One Health Institute, stated that 'all Ebola-funded countries are on track to spend out by Sept 2019,' and that Cameroon, the final country managed by Metabiota, had sufficient funds that could be moved to other countries.\"",
      "Modifier Relationship": "Stated that",
      "Relationship Date": "08/01/18",
      "Article Title": "Metabiota Safety and Data Problems",
      "article URL": "https://usrtk.org/covid-19-origins/metabiota-safety-and-data-problems/"
    },
    {
      "sourceId": "M7NDMWWHQIGD8",
      "targetId": "M7NDMWWQO8K5N",
      "Article Text": "\"EcoHealth and UC Davis are now conveniently directing investigators of the origin of COVID to USAID.\"",
      "Modifier Relationship": "In response to",
      "article URL": "https://www.amazon.com/Truth-about-Wuhan-Uncovered-Biggest/dp/1510773886/ref=sr_1_1?sr=84"
    },
    {
      "sourceId": "M7NDMWWISKH10",
      "targetId": "M7NDMWWMUJ14B",
      "Article Text": "\"The collaboration will include sequencing efforts led by researchers at UC Davis.\"",
      "Modifier Relationship": "includes sequencing efforts by",
      "Relationship Date": "Unknown",
      "Article Title": "NIH-EcoHealth-Grant-FOIA-April-2023",
      "article URL": "https://www.judicialwatch.org/wp-content/uploads/2023/04/NIH-EcoHealth-Grant-FOIA-April-2023-pgs-231-263.pdf"
    },
    {
      "sourceId": "M7NDMWWE0Y0GV",
      "targetId": "M7NDMWVV5XM6P",
      "Article Text": "\"Operations in China, Indonesia, Sierra Leone, Cote d’Ivoire, Republic of Congo, and Guinea were transitioned to either UC Davis or EcoHealth Alliance.\"",
      "Relationship Date": "09/21/21",
      "Article Title": "Metabiota Safety and Data Problems",
      "article URL": "https://usrtk.org/covid-19-origins/metabiota-safety-and-data-problems/",
      "Relationship Summary": "University of California transitioned management of PREDICT to UC Davis, EcoHealth Alliance."
    },
    {
      "sourceId": "M7NDMWVKVZEOE",
      "targetId": "M7NDMWWC8PU0I",
      "Article Text": "\"USAID’s PREDICT program, led by JK Mazet at UC-Davis, provided $1.1 million to the WIV through EcoHealth Alliance from 2009 to 2019.\"",
      "Relationship Date": "06/11/21",
      "Article Title": "usaid-predict-nih-gave-1-9-million-to-the-wuhan-wiv-lab-through-daszak-ecohealth-alliance-daszak-talks-china-partners-work-on-killer-viruses-biden-admin-plans",
      "article URL": "https://miningawareness.wordpress.com/2021/06/11/usaid-predict-nih-gave-1-9-million-to-the-wuhan-wiv-lab-through-daszak-ecohealth-alliance-daszak-talks-china-partners-work-on-killer-viruses-biden-admin-plans/",
      "Relationship Summary": "UC-Davis hosted PREDICT Program, led by J.K. Mazet."
    },
    {
      "sourceId": "M7NDMWVKFBLM1",
      "targetId": "M7NDMWWC8PU0I",
      "Article Text": "\"USAID’s PREDICT program, led by JK Mazet at UC-Davis, provided $1.1 million to the WIV through EcoHealth Alliance from 2009 to 2019.\"",
      "Modifier Relationship": "Led by",
      "Relationship Date": "06/11/21",
      "Article Title": "usaid-predict-nih-gave-1-9-million-to-the-wuhan-wiv-lab-through-daszak-ecohealth-alliance-daszak-talks-china-partners-work-on-killer-viruses-biden-admin-plans",
      "article URL": "https://miningawareness.wordpress.com/2021/06/11/usaid-predict-nih-gave-1-9-million-to-the-wuhan-wiv-lab-through-daszak-ecohealth-alliance-daszak-talks-china-partners-work-on-killer-viruses-biden-admin-plans/",
      "Relationship Summary": "J.K. Mazet led PREDICT Program, led by J.K. Mazet."
    },
    {
      "sourceId": "M7NDMWWC16RJL",
      "targetId": "M7NDMWVPF5ESO",
      "Article Text": "\"with epidemiologist Jonna Mazet of the University of California, Davis, as its global director.\"",
      "article URL": "https://en.wikipedia.org/wiki/Predict_(USAID)",
      "Relationship Summary": "Jonna Mazet served as Global Director for PREDICT at UC Davis"
    },
    {
      "sourceId": "M7NDMWVJ9ILLE",
      "targetId": "M7NDMWWC16RJL",
      "Article Text": "\"with epidemiologist Jonna Mazet of the University of California, Davis, as its global director.\"",
      "article URL": "https://en.wikipedia.org/wiki/Predict_(USAID)",
      "Relationship Summary": "Jonna Mazet served as Global Director for PREDICT at UC Davis"
    },
    {
      "sourceId": "M7NDMWWC4S818",
      "targetId": "M7NDMWVTWZDC1",
      "Article Text": "\"Predict was an epidemiological research program ... led by UC Davis' One Health Institute.\"",
      "article URL": "https://en.wikipedia.org/wiki/Predict_(USAID)",
      "Relationship Summary": "PREDICT was led by UC Davis One Health Institute"
    },
    {
      "sourceId": "M7NDMWWCS1NLZ",
      "targetId": "M7NDMWVPF5ESO",
      "Article Text": "\"Predict was an epidemiological research program ... led by UC Davis' One Health Institute.\"",
      "article URL": "https://en.wikipedia.org/wiki/Predict_(USAID)",
      "Relationship Summary": "PREDICT involved UC Davis through its One Health Institute"
    },
    {
      "sourceId": "M7NDMWWDSQI7S",
      "targetId": "M7NDMWVUPS5S2",
      "Article Text": "\"Brett Smith, UC Davis OHI\"",
      "article URL": "https://p2.predict.global/team",
      "Relationship Summary": "Brett Smith works for UC Davis OHI"
    },
    {
      "sourceId": "M7NDMWVK427RQ",
      "targetId": "M7NDMWWDSQI7S",
      "Article Text": "\"Brett Smith, UC Davis OHI\"",
      "article URL": "https://p2.predict.global/team",
      "Relationship Summary": "Brett Smith works for UC Davis OHI"
    },
    {
      "sourceId": "M7NDMWWD99P4O",
      "targetId": "M7NDMWVUPS5S2",
      "Article Text": "\"Brian Bird, UC Davis OHI\"",
      "article URL": "https://p2.predict.global/team",
      "Relationship Summary": "Brian Bird works for UC Davis OHI"
    },
    {
      "sourceId": "M7NDMWVKYBVGQ",
      "targetId": "M7NDMWWD99P4O",
      "Article Text": "\"Brian Bird, UC Davis OHI\"",
      "article URL": "https://p2.predict.global/team",
      "Relationship Summary": "Brian Bird works for UC Davis OHI"
    },
    {
      "sourceId": "M7NDMWWDPVVBS",
      "targetId": "M7NDMWVUPS5S2",
      "Article Text": "\"Bridgette Smith, UC Davis OHI\"",
      "article URL": "https://p2.predict.global/team",
      "Relationship Summary": "Bridgette Smith works for UC Davis OHI"
    },
    {
      "sourceId": "M7NDMWVKUVRWR",
      "targetId": "M7NDMWWDPVVBS",
      "Article Text": "\"Bridgette Smith, UC Davis OHI\"",
      "article URL": "https://p2.predict.global/team",
      "Relationship Summary": "Bridgette Smith works for UC Davis OHI"
    },
    {
      "sourceId": "M7NDMWWDX7WKV",
      "targetId": "M7NDMWVUPS5S2",
      "Article Text": "\"Brooke Genovese, UC Davis OHI\"",
      "article URL": "https://p2.predict.global/team",
      "Relationship Summary": "Brooke Genovese works for UC Davis OHI"
    },
    {
      "sourceId": "M7NDMWVKS5IAW",
      "targetId": "M7NDMWWDX7WKV",
      "Article Text": "\"Brooke Genovese, UC Davis OHI\"",
      "article URL": "https://p2.predict.global/team",
      "Relationship Summary": "Brooke Genovese works for UC Davis OHI"
    },
    {
      "sourceId": "M7NDMWWDCJ7NH",
      "targetId": "M7NDMWVUPS5S2",
      "Article Text": "\"Christine Kreuder Johnson, UC Davis OHI\"",
      "article URL": "https://p2.predict.global/team",
      "Relationship Summary": "Christine Kreuder Johnson works for UC Davis OHI"
    },
    {
      "sourceId": "M7NDMWVK51MPE",
      "targetId": "M7NDMWWDCJ7NH",
      "Article Text": "\"Christine Kreuder Johnson, UC Davis OHI\"",
      "article URL": "https://p2.predict.global/team",
      "Relationship Summary": "Christine Kreuder Johnson works for UC Davis OHI"
    },
    {
      "sourceId": "M7NDMWWD0ZSLS",
      "targetId": "M7NDMWVUPS5S2",
      "Article Text": "\"Corina Monagin, UC Davis OHI\"",
      "article URL": "https://p2.predict.global/team",
      "Relationship Summary": "Corina Monagin works for UC Davis OHI"
    },
    {
      "sourceId": "M7NDMWVK2J070",
      "targetId": "M7NDMWWD0ZSLS",
      "Article Text": "\"Corina Monagin, UC Davis OHI\"",
      "article URL": "https://p2.predict.global/team",
      "Relationship Summary": "Corina Monagin works for UC Davis OHI"
    },
    {
      "sourceId": "M7NDMWWDQV6HY",
      "targetId": "M7NDMWVUPS5S2",
      "Article Text": "\"David Wolking, UC Davis OHI\"",
      "article URL": "https://p2.predict.global/team",
      "Relationship Summary": "David Wolking works for UC Davis OHI"
    },
    {
      "sourceId": "M7NDMWVK2774W",
      "targetId": "M7NDMWWDQV6HY",
      "Article Text": "\"David Wolking, UC Davis OHI\"",
      "article URL": "https://p2.predict.global/team",
      "Relationship Summary": "David Wolking works for UC Davis OHI"
    },
    {
      "sourceId": "M7NDMWWDUBEPT",
      "targetId": "M7NDMWVUPS5S2",
      "Article Text": "\"Elizabeth Leasure, UC Davis OHI\"",
      "article URL": "https://p2.predict.global/team",
      "Relationship Summary": "Elizabeth Leasure works for UC Davis OHI"
    },
    {
      "sourceId": "M7NDMWVK59MM3",
      "targetId": "M7NDMWWDUBEPT",
      "Article Text": "\"Elizabeth Leasure, UC Davis OHI\"",
      "article URL": "https://p2.predict.global/team",
      "Relationship Summary": "Elizabeth Leasure works for UC Davis OHI"
    },
    {
      "sourceId": "M7NDMWWDS57LU",
      "targetId": "M7NDMWVUPS5S2",
      "Article Text": "\"Eri Togami, UC Davis OHI\"",
      "article URL": "https://p2.predict.global/team",
      "Relationship Summary": "Eri Togami works for UC Davis OHI"
    },
    {
      "sourceId": "M7NDMWVKQ08VI",
      "targetId": "M7NDMWWDS57LU",
      "Article Text": "\"Eri Togami, UC Davis OHI\"",
      "article URL": "https://p2.predict.global/team",
      "Relationship Summary": "Eri Togami works for UC Davis OHI"
    },
    {
      "sourceId": "M7NDMWWDCBPI9",
      "targetId": "M7NDMWVUPS5S2",
      "Article Text": "\"Eunah Preston, UC Davis OHI\"",
      "article URL": "https://p2.predict.global/team",
      "Relationship Summary": "Eunah Preston works for UC Davis OHI"
    },
    {
      "sourceId": "M7NDMWVK5MBRY",
      "targetId": "M7NDMWWDCBPI9",
      "Article Text": "\"Eunah Preston, UC Davis OHI\"",
      "article URL": "https://p2.predict.global/team",
      "Relationship Summary": "Eunah Preston works for UC Davis OHI"
    },
    {
      "sourceId": "M7NDMWWD49AO2",
      "targetId": "M7NDMWVUPS5S2",
      "Article Text": "\"Hannah Chale, UC Davis OHI\"",
      "article URL": "https://p2.predict.global/team",
      "Relationship Summary": "Hannah Chale works for UC Davis OHI"
    },
    {
      "sourceId": "M7NDMWVKRBMV3",
      "targetId": "M7NDMWWD49AO2",
      "Article Text": "\"Hannah Chale, UC Davis OHI\"",
      "article URL": "https://p2.predict.global/team",
      "Relationship Summary": "Hannah Chale works for UC Davis OHI"
    },
    {
      "sourceId": "M7NDMWWDP4C4Q",
      "targetId": "M7NDMWVUPS5S2",
      "Article Text": "\"Jaber Belkhiria, UC Davis OHI\"",
      "Article Title": "Predict Global Team",
      "article URL": "https://p2.predict.global/team",
      "Relationship Summary": "Jaber Belkhiria works for UC Davis OHI"
    },
    {
      "sourceId": "M7NDMWVKDN8D1",
      "targetId": "M7NDMWWDP4C4Q",
      "Article Text": "\"Jaber Belkhiria, UC Davis OHI\"",
      "Article Title": "Predict Global Team",
      "article URL": "https://p2.predict.global/team",
      "Relationship Summary": "Jaber Belkhiria works for UC Davis OHI"
    },
    {
      "sourceId": "M7NDMWWD5OZRV",
      "targetId": "M7NDMWVUPS5S2",
      "Article Text": "\"Jonna Mazet, UC Davis OHI\"",
      "article URL": "https://p2.predict.global/team",
      "Relationship Summary": "Jonna Mazet works for UC Davis OHI"
    },
    {
      "sourceId": "M7NDMWVJ9ILLE",
      "targetId": "M7NDMWWD5OZRV",
      "Article Text": "\"Jonna Mazet, UC Davis OHI\"",
      "article URL": "https://p2.predict.global/team",
      "Relationship Summary": "Jonna Mazet works for UC Davis OHI"
    },
    {
      "sourceId": "M7NDMWWDBYZ36",
      "targetId": "M7NDMWVUPS5S2",
      "Article Text": "\"Kevin Gonzalez, UC Davis OHI\"",
      "article URL": "https://p2.predict.global/team",
      "Relationship Summary": "Kevin Gonzalez works for UC Davis OHI"
    },
    {
      "sourceId": "M7NDMWVK64Q38",
      "targetId": "M7NDMWWDBYZ36",
      "Article Text": "\"Kevin Gonzalez, UC Davis OHI\"",
      "article URL": "https://p2.predict.global/team",
      "Relationship Summary": "Kevin Gonzalez works for UC Davis OHI"
    },
    {
      "sourceId": "M7NDMWWD7AQDK",
      "targetId": "M7NDMWVUPS5S2",
      "Article Text": "\"Lucy Keatts, UC Davis OHI\"",
      "article URL": "https://p2.predict.global/team",
      "Relationship Summary": "Lucy Keatts works for UC Davis OHI"
    },
    {
      "sourceId": "M7NDMWVKVV98M",
      "targetId": "M7NDMWWD7AQDK",
      "Article Text": "\"Lucy Keatts, UC Davis OHI\"",
      "article URL": "https://p2.predict.global/team",
      "Relationship Summary": "Lucy Keatts works for UC Davis OHI"
    },
    {
      "sourceId": "M7NDMWWDPJKK1",
      "targetId": "M7NDMWVUPS5S2",
      "Article Text": "\"Nicole Gardner, UC Davis OHI\"",
      "article URL": "https://p2.predict.global/team",
      "Relationship Summary": "Nicole Gardner works for UC Davis OHI"
    },
    {
      "sourceId": "M7NDMWVKM9OOP",
      "targetId": "M7NDMWWDPJKK1",
      "Article Text": "\"Nicole Gardner, UC Davis OHI\"",
      "article URL": "https://p2.predict.global/team",
      "Relationship Summary": "Nicole Gardner works for UC Davis OHI"
    },
    {
      "sourceId": "M7NDMWWDKCKMF",
      "targetId": "M7NDMWVUPS5S2",
      "Article Text": "\"Nistara Randhawa, UC Davis OHI\"",
      "article URL": "https://p2.predict.global/team",
      "Relationship Summary": "Nistara Randhawa works for UC Davis OHI"
    },
    {
      "sourceId": "M7NDMWVKS0DSV",
      "targetId": "M7NDMWWDKCKMF",
      "Article Text": "\"Nistara Randhawa, UC Davis OHI\"",
      "article URL": "https://p2.predict.global/team",
      "Relationship Summary": "Nistara Randhawa works for UC Davis OHI"
    },
    {
      "sourceId": "M7NDMWWDQWEGG",
      "targetId": "M7NDMWVUPS5S2",
      "Article Text": "\"Pranav Pandit, UC Davis OHI\"",
      "article URL": "https://p2.predict.global/team",
      "Relationship Summary": "Pranav Pandit works for UC Davis OHI"
    },
    {
      "sourceId": "M7NDMWVK36IOL",
      "targetId": "M7NDMWWDQWEGG",
      "Article Text": "\"Pranav Pandit, UC Davis OHI\"",
      "article URL": "https://p2.predict.global/team",
      "Relationship Summary": "Pranav Pandit works for UC Davis OHI"
    },
    {
      "sourceId": "M7NDMWWD0RR0D",
      "targetId": "M7NDMWVUPS5S2",
      "Article Text": "\"Terra Kelly, UC Davis OHI\"",
      "article URL": "https://p2.predict.global/team",
      "Relationship Summary": "Terra Kelly works for UC Davis OHI"
    },
    {
      "sourceId": "M7NDMWVLNXISM",
      "targetId": "M7NDMWWD0RR0D",
      "Article Text": "\"Terra Kelly, UC Davis OHI\"",
      "article URL": "https://p2.predict.global/team",
      "Relationship Summary": "Terra Kelly works for UC Davis OHI"
    },
    {
      "sourceId": "M7NDMWWDIDWW8",
      "targetId": "M7NDMWVUPS5S2",
      "Article Text": "\"Tracey Goldstein, UC Davis OHI\"",
      "article URL": "https://p2.predict.global/team",
      "Relationship Summary": "Tracey Goldstein works for UC Davis OHI"
    },
    {
      "sourceId": "M7NDMWVLXNOIY",
      "targetId": "M7NDMWWDIDWW8",
      "Article Text": "\"Tracey Goldstein, UC Davis OHI\"",
      "article URL": "https://p2.predict.global/team",
      "Relationship Summary": "Tracey Goldstein works for UC Davis OHI"
    },
    {
      "sourceId": "M7NDMWWDWFK90",
      "targetId": "M7NDMWVUPS5S2",
      "Article Text": "\"Woutrina Smith, UC Davis OHI\"",
      "article URL": "https://p2.predict.global/team",
      "Relationship Summary": "Woutrina Smith works for UC Davis OHI"
    },
    {
      "sourceId": "M7NDMWVL73DGH",
      "targetId": "M7NDMWWDWFK90",
      "Article Text": "\"Woutrina Smith, UC Davis OHI\"",
      "article URL": "https://p2.predict.global/team",
      "Relationship Summary": "Woutrina Smith works for UC Davis OHI"
    },
    {
      "sourceId": "M7NDMWWDV3ZJ0",
      "targetId": "M7NDMWVUPS5S2",
      "Article Text": "\"Zoe Grange, UC Davis OHI\"",
      "article URL": "https://p2.predict.global/team",
      "Relationship Summary": "Zoe Grange works for UC Davis OHI"
    },
    {
      "sourceId": "M7NDMWVLOFSMN",
      "targetId": "M7NDMWWDV3ZJ0",
      "Article Text": "\"Zoe Grange, UC Davis OHI\"",
      "article URL": "https://p2.predict.global/team",
      "Relationship Summary": "Zoe Grange works for UC Davis OHI"
    },
    {
      "sourceId": "M7NDMWWEUTFUQ",
      "targetId": "M7NDMWVV5XM6P",
      "Article Text": "\"Operations in China, Indonesia, Sierra Leone, Cote d’Ivoire, Republic of Congo, and Guinea were transitioned to either UC Davis or EcoHealth Alliance.\"",
      "Relationship Date": "09/21/21",
      "Article Title": "Metabiota Safety and Data Problems",
      "article URL": "https://usrtk.org/covid-19-origins/metabiota-safety-and-data-problems/",
      "Relationship Summary": "Metabiota managed operations in several countries, transitioned to UC Davis, EcoHealth Alliance."
    },
    {
      "sourceId": "M7NDMWWERM4AX",
      "targetId": "M7NDMWVV5XM6P",
      "Article Text": "\"Metabiota first suggested ending or reducing operations in China, Indonesia, and Republic of Congo, and transferring management responsibilities to UC Davis or EcoHealth Alliance.\"",
      "Relationship Date": "09/21/21",
      "Article Title": "Metabiota Safety and Data Problems",
      "article URL": "https://usrtk.org/covid-19-origins/metabiota-safety-and-data-problems/",
      "Relationship Summary": "Metabiota first suggested reduction of operations in China, transferring to UC Davis, EcoHealth Alliance."
    },
    {
      "sourceId": "M7NDMWWETWE9C",
      "targetId": "M7NDMWVV5XM6P",
      "Article Text": "\"Metabiota first suggested ending or reducing operations in China, Indonesia, and Republic of Congo, and transferring management responsibilities to UC Davis or EcoHealth Alliance.\"",
      "Relationship Date": "09/21/21",
      "Article Title": "Metabiota Safety and Data Problems",
      "article URL": "https://usrtk.org/covid-19-origins/metabiota-safety-and-data-problems/",
      "Relationship Summary": "Metabiota suggested reduction of operations in Indonesia, transferring to UC Davis, EcoHealth Alliance."
    },
    {
      "sourceId": "M7NDMWWE840ZP",
      "targetId": "M7NDMWVV5XM6P",
      "Article Text": "\"Metabiota first suggested ending or reducing operations in China, Indonesia, and Republic of Congo, and transferring management responsibilities to UC Davis or EcoHealth Alliance.\"",
      "Relationship Date": "09/21/21",
      "Article Title": "Metabiota Safety and Data Problems",
      "article URL": "https://usrtk.org/covid-19-origins/metabiota-safety-and-data-problems/",
      "Relationship Summary": "Metabiota suggested reduction of operations in Republic of Congo, transferring to UC Davis, EcoHealth Alliance."
    },
    {
      "sourceId": "M7NDMWVK59MM3",
      "targetId": "M7NDMWWEOQIS2",
      "Article Text": "\"In August 2018, Elizabeth Leasure, the Financial Operations Manager at the One Health Institute, stated that 'all Ebola-funded countries are on track to spend out by Sept 2019,' and that Cameroon, the final country managed by Metabiota, had sufficient funds that could be moved to other countries.\"",
      "Relationship Date": "08/01/18",
      "Article Title": "Metabiota Safety and Data Problems",
      "article URL": "https://usrtk.org/covid-19-origins/metabiota-safety-and-data-problems/",
      "Relationship Summary": "Elizabeth Leasure managed finances for One Health Institute, stating about Ebola-funded countries."
    },
    {
      "sourceId": "M7NDMWVPF5ESO",
      "targetId": "M7NDMWWHSCK5B",
      "Article Text": "\"During my tenure at EcoHealth Alliance (2014–2016), UC Davis was the prime contractor on the PREDICT award\"",
      "Relationship Date": "2014-2016",
      "article URL": "https://www.amazon.com/Truth-about-Wuhan-Uncovered-Biggest/dp/1510773886/ref=sr_1_1?sr=82",
      "Relationship Summary": "UC Davis was the prime contractor on the PREDICT award"
    },
    {
      "sourceId": "M7NDMWWJYEYGR",
      "targetId": "M7NDMWVTWZDC1",
      "Article Text": "USAID’s Emerging Pandemic Threats program and is led by the UC Davis One Health Institute",
      "article URL": "https://www.si.edu/newsdesk/releases/new-virus-discovered-myanmar-smithsonian-s-global-health-program",
      "Relationship Summary": "University of California, Davis leads UC Davis One Health Institute"
    },
    {
      "sourceId": "M7NDMWVSRIVD2",
      "targetId": "M7NDMWWC4S818",
      "Article Text": "\"Predict was an epidemiological research program ... led by UC Davis' One Health Institute.\"",
      "article URL": "https://en.wikipedia.org/wiki/Predict_(USAID)",
      "Relationship Summary": "PREDICT was led by UC Davis One Health Institute"
    },
    {
      "sourceId": "M7NDMWVSRIVD2",
      "targetId": "M7NDMWWCS1NLZ",
      "Article Text": "\"Predict was an epidemiological research program ... led by UC Davis' One Health Institute.\"",
      "article URL": "https://en.wikipedia.org/wiki/Predict_(USAID)",
      "Relationship Summary": "PREDICT involved UC Davis through its One Health Institute"
    },
    {
      "sourceId": "M7NDMWVSRIVD2",
      "targetId": "M7NDMWWJGPHRY",
      "Article Text": "\"PREDICT is a consortium led by the University of California, Davis\"",
      "article URL": "https://www.si.edu/newsdesk/releases/new-virus-discovered-myanmar-smithsonian-s-global-health-program",
      "Relationship Summary": "PREDICT is led by University of California, Davis"
    },
    {
      "sourceId": "M7NDMWWHSCK5B",
      "targetId": "M7NDMWVSRIVD2",
      "Article Text": "\"During my tenure at EcoHealth Alliance (2014–2016), UC Davis was the prime contractor on the PREDICT award\"",
      "Relationship Date": "2014-2016",
      "article URL": "https://www.amazon.com/Truth-about-Wuhan-Uncovered-Biggest/dp/1510773886/ref=sr_1_1?sr=82",
      "Relationship Summary": "UC Davis was the prime contractor on the PREDICT award"
    },
    {
      "sourceId": "M7NDMWWC8PU0I",
      "targetId": "M7NDMWVSRIVD2",
      "Article Text": "\"USAID’s PREDICT program, led by JK Mazet at UC-Davis, provided $1.1 million to the WIV through EcoHealth Alliance from 2009 to 2019.\"",
      "Relationship Date": "06/11/21",
      "Article Title": "usaid-predict-nih-gave-1-9-million-to-the-wuhan-wiv-lab-through-daszak-ecohealth-alliance-daszak-talks-china-partners-work-on-killer-viruses-biden-admin-plans",
      "article URL": "https://miningawareness.wordpress.com/2021/06/11/usaid-predict-nih-gave-1-9-million-to-the-wuhan-wiv-lab-through-daszak-ecohealth-alliance-daszak-talks-china-partners-work-on-killer-viruses-biden-admin-plans/",
      "Relationship Summary": "UC-Davis hosted PREDICT Program, led by J.K. Mazet."
    },
    {
      "sourceId": "M7NDMWWHSCK5B",
      "targetId": "M7NDMWVL6C3KA",
      "Article Text": "\"During my tenure at EcoHealth Alliance (2014–2016), UC Davis was the prime contractor on the PREDICT award\"",
      "Modifier Relationship": "As a result of",
      "Relationship Date": "2014-2016",
      "article URL": "https://www.amazon.com/Truth-about-Wuhan-Uncovered-Biggest/dp/1510773886/ref=sr_1_1?sr=82"
    },
    {
      "sourceId": "M7NDMWWEOQIS2",
      "targetId": "M7NDMWVTWZDC1",
      "Article Text": "\"In August 2018, Elizabeth Leasure, the Financial Operations Manager at the One Health Institute, stated that 'all Ebola-funded countries are on track to spend out by Sept 2019,' and that Cameroon, the final country managed by Metabiota, had sufficient funds that could be moved to other countries.\"",
      "Relationship Date": "08/01/18",
      "Article Title": "Metabiota Safety and Data Problems",
      "article URL": "https://usrtk.org/covid-19-origins/metabiota-safety-and-data-problems/",
      "Relationship Summary": "Elizabeth Leasure managed finances for One Health Institute, stating about Ebola-funded countries."
    },
    {
      "sourceId": "M7UDX5VKYY25C",
      "targetId": "M7NDMWVJ9ILLE",
      "Article Text": "\"Global Virome Project’s list of board members includes Peter Daszak of the EcoHealth Alliance, Jonna Mazet of UC Davis, Oyewale Tomori of Nigeria, and Edward 'Eddy' Rubin of Metabiota.\"",
      "Article Title": "Virome Violation: In Pursuing Science, USAID Official May Have Violated Law",
      "article URL": "https://disinformationchronicle.substack.com/p/virome-violation-in-pursuing-science",
      "Relationship Summary": "The Global Virome Project included Jonna Mazet as a board member."
    },
    {
      "sourceId": "M7NDMWVJ9ILLE",
      "targetId": "M7UDX5VK6BMNR",
      "Article Text": "\"The reporter with STAT also interviewed UC Davis’s Jonna Mazet who is a key player in an ambitious endeavor called the Global Virome Project, which has proposed cataloguing nearly all of the unknown viruses lurking in nature around the world.\"",
      "Article Title": "Virome Violation: In Pursuing Science, USAID Official May Have Violated Law",
      "article URL": "https://disinformationchronicle.substack.com/p/virome-violation-in-pursuing-science",
      "Relationship Summary": "Jonna Mazet was involved with the Global Virome Project as a key player."
    },
    {
      "sourceId": "M7UDX5VKBPBN4",
      "targetId": "M7NDMWVJ9ILLE",
      "Article Text": "\"The reporter with STAT also interviewed UC Davis’s Jonna Mazet who is a key player in an ambitious endeavor called the Global Virome Project, which has proposed cataloguing nearly all of the unknown viruses lurking in nature around the world.\"",
      "Article Title": "Virome Violation: In Pursuing Science, USAID Official May Have Violated Law",
      "article URL": "https://disinformationchronicle.substack.com/p/virome-violation-in-pursuing-science",
      "Relationship Summary": "UC Davis employed Jonna Mazet who was involved with GVP."
    },
    {
      "sourceId": "M7UDX5VK977C4",
      "targetId": "M7UDX5VFYZW91",
      "Article Text": "\"Jonna is a Professor of Epidemiology and Disease Ecology at the UC Davis School of Veterinary Medicine and Executive Director of the UC Davis One Health Institute.\"",
      "Article Title": "Leadership - Global Virome Project",
      "article URL": "https://web.archive.org/web/20200713124729/http://www.globalviromeproject.org/who-we-are/leadership/jonna-mazet",
      "Relationship Summary": "Jonna Mazet teaches and researches at UC Davis"
    },
    {
      "sourceId": "M7NDMWVJ9ILLE",
      "targetId": "M7UDX5VK977C4",
      "Article Text": "\"Jonna is a Professor of Epidemiology and Disease Ecology at the UC Davis School of Veterinary Medicine and Executive Director of the UC Davis One Health Institute.\"",
      "Article Title": "Leadership - Global Virome Project",
      "article URL": "https://web.archive.org/web/20200713124729/http://www.globalviromeproject.org/who-we-are/leadership/jonna-mazet",
      "Relationship Summary": "Jonna Mazet teaches and researches at UC Davis"
    },
    {
      "sourceId": "M7UDX5VK8R3DD",
      "targetId": "M7UDX5VFYZW91",
      "Article Text": "\"Jonna Mazet One Health Institute, UC Davis School of Veterinary Medicine\"",
      "Article Title": "Our History - Global Virome Project",
      "article URL": "https://web.archive.org/web/20200718034514/http://www.globalviromeproject.org/our-history",
      "Relationship Summary": "Jonna Mazet works with UC Davis"
    },
    {
      "sourceId": "M7NDMWVJ9ILLE",
      "targetId": "M7UDX5VK8R3DD",
      "Article Text": "\"Jonna Mazet One Health Institute, UC Davis School of Veterinary Medicine\"",
      "Article Title": "Our History - Global Virome Project",
      "article URL": "https://web.archive.org/web/20200718034514/http://www.globalviromeproject.org/our-history",
      "Relationship Summary": "Jonna Mazet works with UC Davis"
    },
    {
      "sourceId": "M7NDMWVPF5ESO",
      "targetId": "M7NDMWWJYEYGR",
      "Article Text": "USAID’s Emerging Pandemic Threats program and is led by the UC Davis One Health Institute",
      "article URL": "https://www.si.edu/newsdesk/releases/new-virus-discovered-myanmar-smithsonian-s-global-health-program",
      "Relationship Summary": "University of California, Davis leads UC Davis One Health Institute"
    },
    {
      "sourceId": "M7NDMWWHQIGD8",
      "targetId": "M7NDMWVPF5ESO",
      "Article Text": "\"EcoHealth and UC Davis are now conveniently directing investigators of the origin of COVID to USAID.\"",
      "article URL": "https://www.amazon.com/Truth-about-Wuhan-Uncovered-Biggest/dp/1510773886/ref=sr_1_1?sr=84",
      "Relationship Summary": "EcoHealth Alliance collaborated with UC Davis"
    },
    {
      "sourceId": "M7NDMWWISKH10",
      "targetId": "M7NDMWVPF5ESO",
      "Article Text": "\"The collaboration will include sequencing efforts led by researchers at UC Davis.\"",
      "Relationship Date": "Unknown",
      "Article Title": "NIH-EcoHealth-Grant-FOIA-April-2023",
      "article URL": "https://www.judicialwatch.org/wp-content/uploads/2023/04/NIH-EcoHealth-Grant-FOIA-April-2023-pgs-231-263.pdf",
      "Relationship Summary": "EHA works with UC Davis in research"
    },
    {
      "sourceId": "M7NDMWWJGPHRY",
      "targetId": "M7NDMWVPF5ESO",
      "Article Text": "\"PREDICT is a consortium led by the University of California, Davis\"",
      "article URL": "https://www.si.edu/newsdesk/releases/new-virus-discovered-myanmar-smithsonian-s-global-health-program",
      "Relationship Summary": "PREDICT is led by University of California, Davis"
    },
    {
      "sourceId": "M7NDTK1T9QMO1",
      "targetId": "M7NDMWVPF5ESO",
      "Entity Name": "USAID",
      "Process": "Award Resulting in Subawards",
      "Process Summary": "Support research activities through subawards",
      "Article Text": ".An award resulting in subawards to other institutions. USAID award to University of California, Davis. As shown in figure 3, above, this USAID award to the University of California, Davis, resulted in two second-tier subawards from EcoHealth Alliance...one to Wuhan University..the other to WIV",
      "Process Target": "Establishment of subawards",
      "Entity Target": "UC Davis",
      "Article URL": "https://www.gao.gov/assets/gao-23-106119.pdf"
    },
    {
      "sourceId": "M7NDMWVL6C3KA",
      "targetId": "M7NDTK1TPCXIT",
      "Entity Name": "USAID",
      "Process": "Award Resulting in Subawards",
      "Process Summary": "An award resulting in subawards to other institutions.",
      "Article Text": "USAID award to University of California, Davis. As shown in figure 3, above, this USAID award to the University of California, Davis, resulted in two second-tier subawards from EcoHealth Alliance...",
      "Entity Target": "University of California, Davis",
      "Article URL": "https://www.gao.gov/assets/gao-23-106119.pdf",
      "Process Category": "Award Management"
    },
    {
      "sourceId": "M7NDMWVL6C3KA",
      "targetId": "M7NDTK1TND1NQ",
      "Entity Name": "USAID",
      "Process": "Award for Zoonotic Virus Monitoring",
      "Process Summary": "Initiated an award aimed at monitoring zoonotic viruses.",
      "Article Text": "2014 award to the University of California, Davis—which aimed to improve monitoring of zoonotic viruses with pandemic potential in multiple African and Asian countries under its PREDICT-2 project",
      "Entity Target": "University of California, Davis",
      "Process Date": "2014",
      "Article URL": "https://www.gao.gov/assets/gao-23-106119.pdf",
      "Process Category": "Project Initiation"
    },
    {
      "sourceId": "M7NDMWVL6C3KA",
      "targetId": "M7NDTK1T9QMO1",
      "Entity Name": "USAID",
      "Process": "Award Resulting in Subawards",
      "Process Summary": "Support research activities through subawards",
      "Article Text": ".An award resulting in subawards to other institutions. USAID award to University of California, Davis. As shown in figure 3, above, this USAID award to the University of California, Davis, resulted in two second-tier subawards from EcoHealth Alliance...one to Wuhan University..the other to WIV",
      "Entity Target": "WIV",
      "Process Date": "October 2014",
      "Article URL": "https://www.gao.gov/assets/gao-23-106119.pdf",
      "Process Category": "Award Management"
    },
    {
      "sourceId": "M7NDMWVL6C3KA",
      "targetId": "M7NDTK1T9QMO1",
      "Entity Name": "USAID",
      "Process": "Award Resulting in Subawards",
      "Process Summary": "Support research activities through subawards",
      "Article Text": ".An award resulting in subawards to other institutions. USAID award to University of California, Davis. As shown in figure 3, above, this USAID award to the University of California, Davis, resulted in two second-tier subawards from EcoHealth Alliance...one to Wuhan University..the other to WIV",
      "Entity Target": "UC Davis",
      "Article URL": "https://www.gao.gov/assets/gao-23-106119.pdf",
      "Process Category": "Award Management"
    },
    {
      "sourceId": "M7NDTK1TPCXIT",
      "targetId": "M7NDMWVPF5ESO",
      "Entity Name": "USAID",
      "Process": "Award Resulting in Subawards",
      "Process Summary": "An award resulting in subawards to other institutions.",
      "Article Text": "USAID award to University of California, Davis. As shown in figure 3, above, this USAID award to the University of California, Davis, resulted in two second-tier subawards from EcoHealth Alliance...",
      "Process Target": "Support research activities through subawards",
      "Entity Target": "University of California, Davis",
      "Article URL": "https://www.gao.gov/assets/gao-23-106119.pdf"
    },
    {
      "sourceId": "M7NDTK1TND1NQ",
      "targetId": "M7NDMWVPF5ESO",
      "Entity Name": "USAID",
      "Process": "Award for Zoonotic Virus Monitoring",
      "Process Summary": "Initiated an award aimed at monitoring zoonotic viruses.",
      "Article Text": "2014 award to the University of California, Davis—which aimed to improve monitoring of zoonotic viruses with pandemic potential in multiple African and Asian countries under its PREDICT-2 project",
      "Process Target": "Improve monitoring of zoonotic viruses with potential for pandemics",
      "Entity Target": "University of California, Davis",
      "Process Date": "2014",
      "Article URL": "https://www.gao.gov/assets/gao-23-106119.pdf"
    }
  ]
}