{
  "nodes": [
    {
      "id": "M7NDMWVIZ3WIN",
      "Entity Name": "EcoHealth Alliance",
      "URL": "https://blog.whitecoatwaste.org/wp-content/uploads/2023/06/wuhan-patient-zero_chmura-gima-correspondence.pdf",
      "Article Text": "\"Peter Daszak,b ... The Global Virome Project\"",
      "Article Title": "The Global Virome Project",
      "Article URL": "WCW-complaint-to-NIH-EcoHealth-Alliance-March-15-2021.pdf",
      "Entity Acronym": "WCW",
      "type": "Entity",
      "name": "EcoHealth Alliance"
    },
    {
      "id": "M7UDX5VEXJEHI",
      "Entity Name": "Dr. Amy Attas",
      "type": "Entity",
      "name": "Dr. Amy Attas"
    },
    {
      "id": "M7UDX5VEZFQ1J",
      "Entity Name": "Gerard Caddick",
      "type": "Entity",
      "name": "Gerard Caddick"
    },
    {
      "id": "M7UDX5VEG2A7D",
      "Entity Name": "Dr. Rita Colwell",
      "type": "Entity",
      "name": "Dr. Rita Colwell"
    },
    {
      "id": "M7UDX5VEGIFRP",
      "Entity Name": "Nancye Green",
      "type": "Entity",
      "name": "Nancye Green"
    },
    {
      "id": "M7UDX5VEDOB63",
      "Entity Name": "Robert Gutenstein",
      "type": "Entity",
      "name": "Robert Gutenstein"
    },
    {
      "id": "M7UDX5VEYZI4M",
      "Entity Name": "Dr. James Hughes",
      "type": "Entity",
      "name": "Dr. James Hughes"
    },
    {
      "id": "M7UDX5VE67C57",
      "Entity Name": "Peter S. Kaufman",
      "type": "Entity",
      "name": "Peter S. Kaufman"
    },
    {
      "id": "M7UDX5VEZTLSV",
      "Entity Name": "Bob Kuperman",
      "type": "Entity",
      "name": "Bob Kuperman"
    },
    {
      "id": "M7UDX5VEIFROB",
      "Entity Name": "Margaret Loeb",
      "type": "Entity",
      "name": "Margaret Loeb"
    },
    {
      "id": "M7UDX5VEZHYQX",
      "Entity Name": "Joel Maizel",
      "type": "Entity",
      "name": "Joel Maizel"
    },
    {
      "id": "M7UDX5VEXDHJY",
      "Entity Name": "Lori Michelin",
      "type": "Entity",
      "name": "Lori Michelin"
    },
    {
      "id": "M7UDX5VEUW6UH",
      "Entity Name": "Mark O’Donnell",
      "type": "Entity",
      "name": "Mark O’Donnell"
    },
    {
      "id": "M7UDX5VEKSYF3",
      "Entity Name": "Sheila Patel",
      "type": "Entity",
      "name": "Sheila Patel"
    },
    {
      "id": "M7UDX5VEQL0DA",
      "Entity Name": "Calvin Schmidt",
      "type": "Entity",
      "name": "Calvin Schmidt"
    },
    {
      "id": "M7UDX5VEM3GK3",
      "Entity Name": "Simona Skerjanec",
      "type": "Entity",
      "name": "Simona Skerjanec"
    },
    {
      "id": "M7UDX5VEN1LO5",
      "Entity Name": "Dr. Samuel Stebbins",
      "type": "Entity",
      "name": "Dr. Samuel Stebbins"
    },
    {
      "id": "M7UDX5VEFNSSL",
      "Entity Name": "Lucy C. Stitzer",
      "type": "Entity",
      "name": "Lucy C. Stitzer"
    },
    {
      "id": "M7UDX5VE3CFG0",
      "Entity Name": "Pamela Thye",
      "type": "Entity",
      "name": "Pamela Thye"
    },
    {
      "id": "M7UDX5VE7ZTCR",
      "Entity Name": "Carlota Vollhardt",
      "type": "Entity",
      "name": "Carlota Vollhardt"
    },
    {
      "id": "M7UDX5VE7XAKO",
      "Entity Name": "Toph Allen",
      "type": "Entity",
      "name": "Toph Allen"
    },
    {
      "id": "M7UDX5VEBSHFC",
      "Entity Name": "Dr. Simon Anthony",
      "type": "Entity",
      "name": "Dr. Simon Anthony"
    },
    {
      "id": "M7UDX5VE7CVI1",
      "Entity Name": "Dr. Jim Desmond",
      "type": "Entity",
      "name": "Dr. Jim Desmond"
    },
    {
      "id": "M7UDX5VEQ3UF6",
      "Entity Name": "Tom Hughes",
      "type": "Entity",
      "name": "Tom Hughes"
    },
    {
      "id": "M7UDX5VE66C65",
      "Entity Name": "Dr. Ariful Islam",
      "type": "Entity",
      "name": "Dr. Ariful Islam"
    },
    {
      "id": "M7UDX5VE0OYFL",
      "Entity Name": "Dr. Alice Latinne",
      "type": "Entity",
      "name": "Dr. Alice Latinne"
    },
    {
      "id": "M7UDX5VEFZ57K",
      "Entity Name": "Dr. Maureen Miller",
      "type": "Entity",
      "name": "Dr. Maureen Miller"
    },
    {
      "id": "M7UDX5VE2FXR0",
      "Entity Name": "Dr. Noam Ross",
      "type": "Entity",
      "name": "Dr. Noam Ross"
    },
    {
      "id": "M7UDX5VE5HSVZ",
      "Entity Name": "Dr. Melinda Rostal",
      "type": "Entity",
      "name": "Dr. Melinda Rostal"
    },
    {
      "id": "M7UDX5VEGTP5M",
      "Entity Name": "Allison White",
      "type": "Entity",
      "name": "Allison White"
    },
    {
      "id": "M7UDX5VET331N",
      "Entity Name": "Carlos Zambrana-Torrelio",
      "type": "Entity",
      "name": "Carlos Zambrana-Torrelio"
    },
    {
      "id": "M7UDX5VEC9K3D",
      "Entity Name": "Alison Andre",
      "type": "Entity",
      "name": "Alison Andre"
    },
    {
      "id": "M7UDX5VEW0GM8",
      "Entity Name": "Brian Baker",
      "type": "Entity",
      "name": "Brian Baker"
    },
    {
      "id": "M7UDX5VEXG507",
      "Entity Name": "Eliza Choi",
      "type": "Entity",
      "name": "Eliza Choi"
    },
    {
      "id": "M7UDX5VES8GHX",
      "Entity Name": "Emmarie Etheridge",
      "type": "Entity",
      "name": "Emmarie Etheridge"
    },
    {
      "id": "M7UDX5VEN9CR3",
      "Entity Name": "Luke Hamel",
      "type": "Entity",
      "name": "Luke Hamel"
    },
    {
      "id": "M7UDX5VEYWM45",
      "Entity Name": "Tara Hoda",
      "type": "Entity",
      "name": "Tara Hoda"
    },
    {
      "id": "M7UDX5VE1Q969",
      "Entity Name": "Robert Kessler",
      "type": "Entity",
      "name": "Robert Kessler"
    },
    {
      "id": "M7UDX5VEE34D8",
      "Entity Name": "Michael Scherb",
      "type": "Entity",
      "name": "Michael Scherb"
    },
    {
      "id": "M7UDX5VKFDV4M",
      "Relationship Summary": "Dr. Amy Attas serves as a Board Member of EcoHealth Alliance.",
      "Article Text": "Dr. Amy Attas",
      "article URL": "https://web.archive.org/web/20160927183225/http://www.ecohealthalliance.org/senior-leadership",
      "Relationship NAME": "Serves as Board Member of",
      "type": "Relationship",
      "name": "Dr. Amy Attas serves as a Board Member of EcoHealth Alliance."
    },
    {
      "id": "M7UDX5VKXSQMJ",
      "Relationship Summary": "Gerard Caddick serves as a Board Member of EcoHealth Alliance.",
      "Article Text": "Gerard Caddick",
      "article URL": "https://web.archive.org/web/20160927183225/http://www.ecohealthalliance.org/senior-leadership",
      "Relationship NAME": "Serves as Board Member of",
      "type": "Relationship",
      "name": "Gerard Caddick serves as a Board Member of EcoHealth Alliance."
    },
    {
      "id": "M7UDX5VKV9BK5",
      "Relationship Summary": "Dr. Rita Colwell serves as a Board Member of EcoHealth Alliance.",
      "Article Text": "Dr. Rita Colwell",
      "article URL": "https://web.archive.org/web/20160927183225/http://www.ecohealthalliance.org/senior-leadership",
      "Relationship NAME": "Serves as Board Member of",
      "type": "Relationship",
      "name": "Dr. Rita Colwell serves as a Board Member of EcoHealth Alliance."
    },
    {
      "id": "M7UDX5VKTRKPY",
      "Relationship Summary": "Nancye Green serves as a Board Member of EcoHealth Alliance.",
      "Article Text": "Nancye Green",
      "article URL": "https://web.archive.org/web/20160927183225/http://www.ecohealthalliance.org/senior-leadership",
      "Relationship NAME": "Serves as Board Member of",
      "type": "Relationship",
      "name": "Nancye Green serves as a Board Member of EcoHealth Alliance."
    },
    {
      "id": "M7UDX5VKZOYQU",
      "Relationship Summary": "Robert Gutenstein serves as a Board Member of EcoHealth Alliance.",
      "Article Text": "Robert Gutenstein",
      "article URL": "https://web.archive.org/web/20160927183225/http://www.ecohealthalliance.org/senior-leadership",
      "Relationship NAME": "Serves as Board Member of",
      "type": "Relationship",
      "name": "Robert Gutenstein serves as a Board Member of EcoHealth Alliance."
    },
    {
      "id": "M7UDX5VKMRKAA",
      "Relationship Summary": "Dr. James Hughes serves as a Board Member of EcoHealth Alliance.",
      "Article Text": "Dr. James Hughes",
      "article URL": "https://web.archive.org/web/20160927183225/http://www.ecohealthalliance.org/senior-leadership",
      "Relationship NAME": "Serves as Board Member of",
      "type": "Relationship",
      "name": "Dr. James Hughes serves as a Board Member of EcoHealth Alliance."
    },
    {
      "id": "M7UDX5VKE6QP7",
      "Relationship Summary": "Peter S. Kaufman serves as a Board Member of EcoHealth Alliance.",
      "Article Text": "Peter S. Kaufman",
      "article URL": "https://web.archive.org/web/20160927183225/http://www.ecohealthalliance.org/senior-leadership",
      "Relationship NAME": "Serves as Board Member of",
      "type": "Relationship",
      "name": "Peter S. Kaufman serves as a Board Member of EcoHealth Alliance."
    },
    {
      "id": "M7UDX5VKQNPKQ",
      "Relationship Summary": "Bob Kuperman serves as a Board Member of EcoHealth Alliance.",
      "Article Text": "Bob Kuperman",
      "article URL": "https://web.archive.org/web/20160927183225/http://www.ecohealthalliance.org/senior-leadership",
      "Relationship NAME": "Serves as Board Member of",
      "type": "Relationship",
      "name": "Bob Kuperman serves as a Board Member of EcoHealth Alliance."
    },
    {
      "id": "M7UDX5VK96WKT",
      "Relationship Summary": "Margaret Loeb serves as a Board Member of EcoHealth Alliance.",
      "Article Text": "Margaret Loeb",
      "article URL": "https://web.archive.org/web/20160927183225/http://www.ecohealthalliance.org/senior-leadership",
      "Relationship NAME": "Serves as Board Member of",
      "type": "Relationship",
      "name": "Margaret Loeb serves as a Board Member of EcoHealth Alliance."
    },
    {
      "id": "M7UDX5VKD1Q7J",
      "Relationship Summary": "Joel Maizel serves as a Board Member of EcoHealth Alliance.",
      "Article Text": "Joel Maizel",
      "article URL": "https://web.archive.org/web/20160927183225/http://www.ecohealthalliance.org/senior-leadership",
      "Relationship NAME": "Serves as Board Member of",
      "type": "Relationship",
      "name": "Joel Maizel serves as a Board Member of EcoHealth Alliance."
    },
    {
      "id": "M7UDX5VKLXB22",
      "Relationship Summary": "Lori Michelin serves as a Board Member of EcoHealth Alliance.",
      "Article Text": "Lori Michelin",
      "article URL": "https://web.archive.org/web/20160927183225/http://www.ecohealthalliance.org/senior-leadership",
      "Relationship NAME": "Serves as Board Member of",
      "type": "Relationship",
      "name": "Lori Michelin serves as a Board Member of EcoHealth Alliance."
    },
    {
      "id": "M7UDX5VKFGVHQ",
      "Relationship Summary": "Mark O’Donnell serves as a Board Member of EcoHealth Alliance.",
      "Article Text": "Mark O’Donnell",
      "article URL": "https://web.archive.org/web/20160927183225/http://www.ecohealthalliance.org/senior-leadership",
      "Relationship NAME": "Serves as Board Member of",
      "type": "Relationship",
      "name": "Mark O’Donnell serves as a Board Member of EcoHealth Alliance."
    },
    {
      "id": "M7UDX5VK5EN82",
      "Relationship Summary": "Sheila Patel serves as a Board Member of EcoHealth Alliance.",
      "Article Text": "Sheila Patel",
      "article URL": "https://web.archive.org/web/20160927183225/http://www.ecohealthalliance.org/senior-leadership",
      "Relationship NAME": "Serves as Board Member of",
      "type": "Relationship",
      "name": "Sheila Patel serves as a Board Member of EcoHealth Alliance."
    },
    {
      "id": "M7UDX5VK0K3NN",
      "Relationship Summary": "Calvin Schmidt serves as a Board Member of EcoHealth Alliance.",
      "Article Text": "Calvin Schmidt",
      "article URL": "https://web.archive.org/web/20160927183225/http://www.ecohealthalliance.org/senior-leadership",
      "Relationship NAME": "Serves as Board Member of",
      "type": "Relationship",
      "name": "Calvin Schmidt serves as a Board Member of EcoHealth Alliance."
    },
    {
      "id": "M7UDX5VK5D8RV",
      "Relationship Summary": "Simona Skerjanec serves as a Board Member of EcoHealth Alliance.",
      "Article Text": "Simona Skerjanec",
      "article URL": "https://web.archive.org/web/20160927183225/http://www.ecohealthalliance.org/senior-leadership",
      "Relationship NAME": "Serves as Board Member of",
      "type": "Relationship",
      "name": "Simona Skerjanec serves as a Board Member of EcoHealth Alliance."
    },
    {
      "id": "M7UDX5VK6GZ95",
      "Relationship Summary": "Dr. Samuel Stebbins serves as a Board Member of EcoHealth Alliance.",
      "Article Text": "Dr. Samuel Stebbins",
      "article URL": "https://web.archive.org/web/20160927183225/http://www.ecohealthalliance.org/senior-leadership",
      "Relationship NAME": "Serves as Board Member of",
      "type": "Relationship",
      "name": "Dr. Samuel Stebbins serves as a Board Member of EcoHealth Alliance."
    },
    {
      "id": "M7UDX5VK4N2T9",
      "Relationship Summary": "Lucy C. Stitzer serves as a Board Member of EcoHealth Alliance.",
      "Article Text": "Lucy C. Stitzer",
      "article URL": "https://web.archive.org/web/20160927183225/http://www.ecohealthalliance.org/senior-leadership",
      "Relationship NAME": "Serves as Board Member of",
      "type": "Relationship",
      "name": "Lucy C. Stitzer serves as a Board Member of EcoHealth Alliance."
    },
    {
      "id": "M7UDX5VKQGBTZ",
      "Relationship Summary": "Pamela Thye serves as a Board Member of EcoHealth Alliance.",
      "Article Text": "Pamela Thye",
      "article URL": "https://web.archive.org/web/20160927183225/http://www.ecohealthalliance.org/senior-leadership",
      "Relationship NAME": "Serves as Board Member of",
      "type": "Relationship",
      "name": "Pamela Thye serves as a Board Member of EcoHealth Alliance."
    },
    {
      "id": "M7UDX5VKO21NY",
      "Relationship Summary": "Carlota Vollhardt serves as a Board Member of EcoHealth Alliance.",
      "Article Text": "Carlota Vollhardt",
      "article URL": "https://web.archive.org/web/20160927183225/http://www.ecohealthalliance.org/senior-leadership",
      "Relationship NAME": "Serves as Board Member of",
      "type": "Relationship",
      "name": "Carlota Vollhardt serves as a Board Member of EcoHealth Alliance."
    },
    {
      "id": "M7UDX5VKO0MAX",
      "Relationship Summary": "Toph Allen serves as Data Scientist on EcoHealth Alliance’s Tech Team.",
      "Article Text": "Toph Allen, Data Scientist on EcoHealth Alliance’s Tech Team, applies his expertise in epidemiology,…",
      "Relationship NAME": "Serves as Data Scientist on Tech Team of",
      "type": "Relationship",
      "name": "Toph Allen serves as Data Scientist on EcoHealth Alliance’s Tech Team."
    },
    {
      "id": "M7UDX5VKCMHLE",
      "Relationship Summary": "Dr. Simon Anthony serves as Assistant Professor at EcoHealth Alliance.",
      "Article Text": "At EcoHealth Alliance, Simon Anthony’s research focuses on infectious and emerging pathogens that threaten…",
      "Relationship NAME": "Serves as Assistant Professor at",
      "type": "Relationship",
      "name": "Dr. Simon Anthony serves as Assistant Professor at EcoHealth Alliance."
    },
    {
      "id": "M7UDX5VKVO88X",
      "Relationship Summary": "Dr. Jim Desmond serves as a consulting Field Veterinarian with EcoHealth Alliance.",
      "Article Text": "Dr. Jim Desmond is a consulting veterinarian with EcoHealth Alliance.",
      "Relationship NAME": "Serves as Field Veterinarian with",
      "type": "Relationship",
      "name": "Dr. Jim Desmond serves as a consulting Field Veterinarian with EcoHealth Alliance."
    },
    {
      "id": "M7UDX5VKTT1LY",
      "Relationship Summary": "Tom Hughes serves as Senior Scientist and Malaysian Project Coordinator at EcoHealth Alliance.",
      "Article Text": "As Malaysian Project Coordinator at EcoHealth Alliance, Tom Hughes coordinates all of our sampling,…",
      "Relationship NAME": "Serves as Senior Scientist and Malaysian Project Coordinator at",
      "type": "Relationship",
      "name": "Tom Hughes serves as Senior Scientist and Malaysian Project Coordinator at EcoHealth Alliance."
    },
    {
      "id": "M7UDX5VK0TCOK",
      "Relationship Summary": "Dr. Ariful Islam serves as Field Veterinarian at EcoHealth Alliance.",
      "Article Text": "Dr. Ariful Islam graduated with a DVM and a MS in Pharmacology from Chittagong…",
      "Relationship NAME": "Serves as Field Veterinarian at",
      "type": "Relationship",
      "name": "Dr. Ariful Islam serves as Field Veterinarian at EcoHealth Alliance."
    },
    {
      "id": "M7UDX5VK7K76Q",
      "Relationship Summary": "Dr. Alice Latinne serves as Research Scientist at EcoHealth Alliance.",
      "Article Text": "As a research scientist at EcoHealth Alliance, Dr. Alice Latinne aims at better understanding…",
      "Relationship NAME": "Serves as Research Scientist at",
      "type": "Relationship",
      "name": "Dr. Alice Latinne serves as Research Scientist at EcoHealth Alliance."
    },
    {
      "id": "M7UDX5VKXQO32",
      "Relationship Summary": "Dr. Maureen Miller serves as Senior Scientist at EcoHealth Alliance.",
      "Article Text": "Dr. Maureen Miller, an epidemiologist with training in medical anthropology, has been involved in…",
      "Relationship NAME": "Serves as Senior Scientist at",
      "type": "Relationship",
      "name": "Dr. Maureen Miller serves as Senior Scientist at EcoHealth Alliance."
    },
    {
      "id": "M7UDX5VK93JSC",
      "Relationship Summary": "Dr. Noam Ross serves as Disease Ecologist at EcoHealth Alliance.",
      "Article Text": "Dr. Noam Ross studies how the combined processes of changing wildlife populations, evolution of…",
      "Relationship NAME": "Serves as Disease Ecologist at",
      "type": "Relationship",
      "name": "Dr. Noam Ross serves as Disease Ecologist at EcoHealth Alliance."
    },
    {
      "id": "M7UDX5VK8BVUL",
      "Relationship Summary": "Dr. Melinda Rostal serves as Senior Research Scientist at EcoHealth Alliance.",
      "Article Text": "Dr. Melinda “Mindy” Rostal is a senior research scientist, field veterinarian, the EcoHealth Alliance…",
      "Relationship NAME": "Serves as Senior Research Scientist at",
      "type": "Relationship",
      "name": "Dr. Melinda Rostal serves as Senior Research Scientist at EcoHealth Alliance."
    },
    {
      "id": "M7UDX5VK0O4WZ",
      "Relationship Summary": "Allison White serves as Research Scientist on the modeling team of EcoHealth Alliance.",
      "Article Text": "As an EcoHealth Alliance Research Scientist and member of the modeling team, Allison White…",
      "Relationship NAME": "Serves as Research Scientist on Modeling Team of",
      "type": "Relationship",
      "name": "Allison White serves as Research Scientist on the modeling team of EcoHealth Alliance."
    },
    {
      "id": "M7UDX5VKN20RT",
      "Relationship Summary": "Carlos Zambrana-Torrelio serves as Research Scientist on the modeling team of EcoHealth Alliance.",
      "Article Text": "Research Scientist, Carlos Zambrana-Torrelio, is part of EcoHealth Alliance’s modeling team, where he combines…",
      "Relationship NAME": "Serves as Research Scientist on Modeling Team of",
      "type": "Relationship",
      "name": "Carlos Zambrana-Torrelio serves as Research Scientist on the modeling team of EcoHealth Alliance."
    },
    {
      "id": "M7UDX5VKJWGXQ",
      "Relationship Summary": "Alison Andre serves as Program Assistant at EcoHealth Alliance.",
      "Article Text": "Alison Andre Program Assistant",
      "Relationship NAME": "Serves as Program Assistant at",
      "type": "Relationship",
      "name": "Alison Andre serves as Program Assistant at EcoHealth Alliance."
    },
    {
      "id": "M7UDX5VKZOS8F",
      "Relationship Summary": "Brian Baker serves as Program Assistant at EcoHealth Alliance.",
      "Article Text": "Brian Baker Program Assistant",
      "Relationship NAME": "Serves as Program Assistant at",
      "type": "Relationship",
      "name": "Brian Baker serves as Program Assistant at EcoHealth Alliance."
    },
    {
      "id": "M7UDX5VK1GAZW",
      "Relationship Summary": "Eliza Choi serves as Lab Technician at EcoHealth Alliance.",
      "Article Text": "Eliza Choi Lab Technician",
      "Relationship NAME": "Serves as Lab Technician at",
      "type": "Relationship",
      "name": "Eliza Choi serves as Lab Technician at EcoHealth Alliance."
    },
    {
      "id": "M7UDX5VKYH2NW",
      "Relationship Summary": "Emmarie Etheridge serves as Assistant Office Manager at EcoHealth Alliance.",
      "Article Text": "Emmarie Etheridge Assistant Office Manager",
      "Relationship NAME": "Serves as Assistant Office Manager at",
      "type": "Relationship",
      "name": "Emmarie Etheridge serves as Assistant Office Manager at EcoHealth Alliance."
    },
    {
      "id": "M7UDX5VKXNTEY",
      "Relationship Summary": "Luke Hamel serves as Program Assistant at EcoHealth Alliance.",
      "Article Text": "Luke Hamel Program Assistant",
      "Relationship NAME": "Serves as Program Assistant at",
      "type": "Relationship",
      "name": "Luke Hamel serves as Program Assistant at EcoHealth Alliance."
    },
    {
      "id": "M7UDX5VKKJKHR",
      "Relationship Summary": "Tara Hoda serves as Development Associate at EcoHealth Alliance.",
      "Article Text": "Tara Hoda Development Associate",
      "Relationship NAME": "Serves as Development Associate at",
      "type": "Relationship",
      "name": "Tara Hoda serves as Development Associate at EcoHealth Alliance."
    },
    {
      "id": "M7UDX5VK802VJ",
      "Relationship Summary": "Robert Kessler serves as Development Associate at EcoHealth Alliance.",
      "Article Text": "Robert Kessler Development Associate",
      "Relationship NAME": "Serves as Development Associate at",
      "type": "Relationship",
      "name": "Robert Kessler serves as Development Associate at EcoHealth Alliance."
    },
    {
      "id": "M7UDX5VKJAE2L",
      "Relationship Summary": "Michael Scherb serves as Administrative Assistant at EcoHealth Alliance.",
      "Article Text": "Michael Scherb Administrative Assistant",
      "Relationship NAME": "Serves as Administrative Assistant at",
      "type": "Relationship",
      "name": "Michael Scherb serves as Administrative Assistant at EcoHealth Alliance."
    }
  ],
  "links": [
    {
      "sourceId": "M7UDX5VKFDV4M",
      "targetId": "M7NDMWVIZ3WIN",
      "Relationship Summary": "Dr. Amy Attas serves as a Board Member of EcoHealth Alliance.",
      "Article Text": "Dr. Amy Attas",
      "article URL": "https://web.archive.org/web/20160927183225/http://www.ecohealthalliance.org/senior-leadership"
    },
    {
      "sourceId": "M7UDX5VEXJEHI",
      "targetId": "M7UDX5VKFDV4M",
      "Relationship Summary": "Dr. Amy Attas serves as a Board Member of EcoHealth Alliance.",
      "Article Text": "Dr. Amy Attas",
      "article URL": "https://web.archive.org/web/20160927183225/http://www.ecohealthalliance.org/senior-leadership"
    },
    {
      "sourceId": "M7UDX5VKXSQMJ",
      "targetId": "M7NDMWVIZ3WIN",
      "Relationship Summary": "Gerard Caddick serves as a Board Member of EcoHealth Alliance.",
      "Article Text": "Gerard Caddick",
      "article URL": "https://web.archive.org/web/20160927183225/http://www.ecohealthalliance.org/senior-leadership"
    },
    {
      "sourceId": "M7UDX5VEZFQ1J",
      "targetId": "M7UDX5VKXSQMJ",
      "Relationship Summary": "Gerard Caddick serves as a Board Member of EcoHealth Alliance.",
      "Article Text": "Gerard Caddick",
      "article URL": "https://web.archive.org/web/20160927183225/http://www.ecohealthalliance.org/senior-leadership"
    },
    {
      "sourceId": "M7UDX5VKV9BK5",
      "targetId": "M7NDMWVIZ3WIN",
      "Relationship Summary": "Dr. Rita Colwell serves as a Board Member of EcoHealth Alliance.",
      "Article Text": "Dr. Rita Colwell",
      "article URL": "https://web.archive.org/web/20160927183225/http://www.ecohealthalliance.org/senior-leadership"
    },
    {
      "sourceId": "M7UDX5VEG2A7D",
      "targetId": "M7UDX5VKV9BK5",
      "Relationship Summary": "Dr. Rita Colwell serves as a Board Member of EcoHealth Alliance.",
      "Article Text": "Dr. Rita Colwell",
      "article URL": "https://web.archive.org/web/20160927183225/http://www.ecohealthalliance.org/senior-leadership"
    },
    {
      "sourceId": "M7UDX5VKTRKPY",
      "targetId": "M7NDMWVIZ3WIN",
      "Relationship Summary": "Nancye Green serves as a Board Member of EcoHealth Alliance.",
      "Article Text": "Nancye Green",
      "article URL": "https://web.archive.org/web/20160927183225/http://www.ecohealthalliance.org/senior-leadership"
    },
    {
      "sourceId": "M7UDX5VEGIFRP",
      "targetId": "M7UDX5VKTRKPY",
      "Relationship Summary": "Nancye Green serves as a Board Member of EcoHealth Alliance.",
      "Article Text": "Nancye Green",
      "article URL": "https://web.archive.org/web/20160927183225/http://www.ecohealthalliance.org/senior-leadership"
    },
    {
      "sourceId": "M7UDX5VKZOYQU",
      "targetId": "M7NDMWVIZ3WIN",
      "Relationship Summary": "Robert Gutenstein serves as a Board Member of EcoHealth Alliance.",
      "Article Text": "Robert Gutenstein",
      "article URL": "https://web.archive.org/web/20160927183225/http://www.ecohealthalliance.org/senior-leadership"
    },
    {
      "sourceId": "M7UDX5VEDOB63",
      "targetId": "M7UDX5VKZOYQU",
      "Relationship Summary": "Robert Gutenstein serves as a Board Member of EcoHealth Alliance.",
      "Article Text": "Robert Gutenstein",
      "article URL": "https://web.archive.org/web/20160927183225/http://www.ecohealthalliance.org/senior-leadership"
    },
    {
      "sourceId": "M7UDX5VKMRKAA",
      "targetId": "M7NDMWVIZ3WIN",
      "Relationship Summary": "Dr. James Hughes serves as a Board Member of EcoHealth Alliance.",
      "Article Text": "Dr. James Hughes",
      "article URL": "https://web.archive.org/web/20160927183225/http://www.ecohealthalliance.org/senior-leadership"
    },
    {
      "sourceId": "M7UDX5VEYZI4M",
      "targetId": "M7UDX5VKMRKAA",
      "Relationship Summary": "Dr. James Hughes serves as a Board Member of EcoHealth Alliance.",
      "Article Text": "Dr. James Hughes",
      "article URL": "https://web.archive.org/web/20160927183225/http://www.ecohealthalliance.org/senior-leadership"
    },
    {
      "sourceId": "M7UDX5VKE6QP7",
      "targetId": "M7NDMWVIZ3WIN",
      "Relationship Summary": "Peter S. Kaufman serves as a Board Member of EcoHealth Alliance.",
      "Article Text": "Peter S. Kaufman",
      "article URL": "https://web.archive.org/web/20160927183225/http://www.ecohealthalliance.org/senior-leadership"
    },
    {
      "sourceId": "M7UDX5VE67C57",
      "targetId": "M7UDX5VKE6QP7",
      "Relationship Summary": "Peter S. Kaufman serves as a Board Member of EcoHealth Alliance.",
      "Article Text": "Peter S. Kaufman",
      "article URL": "https://web.archive.org/web/20160927183225/http://www.ecohealthalliance.org/senior-leadership"
    },
    {
      "sourceId": "M7UDX5VKQNPKQ",
      "targetId": "M7NDMWVIZ3WIN",
      "Relationship Summary": "Bob Kuperman serves as a Board Member of EcoHealth Alliance.",
      "Article Text": "Bob Kuperman",
      "article URL": "https://web.archive.org/web/20160927183225/http://www.ecohealthalliance.org/senior-leadership"
    },
    {
      "sourceId": "M7UDX5VEZTLSV",
      "targetId": "M7UDX5VKQNPKQ",
      "Relationship Summary": "Bob Kuperman serves as a Board Member of EcoHealth Alliance.",
      "Article Text": "Bob Kuperman",
      "article URL": "https://web.archive.org/web/20160927183225/http://www.ecohealthalliance.org/senior-leadership"
    },
    {
      "sourceId": "M7UDX5VK96WKT",
      "targetId": "M7NDMWVIZ3WIN",
      "Relationship Summary": "Margaret Loeb serves as a Board Member of EcoHealth Alliance.",
      "Article Text": "Margaret Loeb",
      "article URL": "https://web.archive.org/web/20160927183225/http://www.ecohealthalliance.org/senior-leadership"
    },
    {
      "sourceId": "M7UDX5VEIFROB",
      "targetId": "M7UDX5VK96WKT",
      "Relationship Summary": "Margaret Loeb serves as a Board Member of EcoHealth Alliance.",
      "Article Text": "Margaret Loeb",
      "article URL": "https://web.archive.org/web/20160927183225/http://www.ecohealthalliance.org/senior-leadership"
    },
    {
      "sourceId": "M7UDX5VKD1Q7J",
      "targetId": "M7NDMWVIZ3WIN",
      "Relationship Summary": "Joel Maizel serves as a Board Member of EcoHealth Alliance.",
      "Article Text": "Joel Maizel",
      "article URL": "https://web.archive.org/web/20160927183225/http://www.ecohealthalliance.org/senior-leadership"
    },
    {
      "sourceId": "M7UDX5VEZHYQX",
      "targetId": "M7UDX5VKD1Q7J",
      "Relationship Summary": "Joel Maizel serves as a Board Member of EcoHealth Alliance.",
      "Article Text": "Joel Maizel",
      "article URL": "https://web.archive.org/web/20160927183225/http://www.ecohealthalliance.org/senior-leadership"
    },
    {
      "sourceId": "M7UDX5VKLXB22",
      "targetId": "M7NDMWVIZ3WIN",
      "Relationship Summary": "Lori Michelin serves as a Board Member of EcoHealth Alliance.",
      "Article Text": "Lori Michelin",
      "article URL": "https://web.archive.org/web/20160927183225/http://www.ecohealthalliance.org/senior-leadership"
    },
    {
      "sourceId": "M7UDX5VEXDHJY",
      "targetId": "M7UDX5VKLXB22",
      "Relationship Summary": "Lori Michelin serves as a Board Member of EcoHealth Alliance.",
      "Article Text": "Lori Michelin",
      "article URL": "https://web.archive.org/web/20160927183225/http://www.ecohealthalliance.org/senior-leadership"
    },
    {
      "sourceId": "M7UDX5VKFGVHQ",
      "targetId": "M7NDMWVIZ3WIN",
      "Relationship Summary": "Mark O’Donnell serves as a Board Member of EcoHealth Alliance.",
      "Article Text": "Mark O’Donnell",
      "article URL": "https://web.archive.org/web/20160927183225/http://www.ecohealthalliance.org/senior-leadership"
    },
    {
      "sourceId": "M7UDX5VEUW6UH",
      "targetId": "M7UDX5VKFGVHQ",
      "Relationship Summary": "Mark O’Donnell serves as a Board Member of EcoHealth Alliance.",
      "Article Text": "Mark O’Donnell",
      "article URL": "https://web.archive.org/web/20160927183225/http://www.ecohealthalliance.org/senior-leadership"
    },
    {
      "sourceId": "M7UDX5VK5EN82",
      "targetId": "M7NDMWVIZ3WIN",
      "Relationship Summary": "Sheila Patel serves as a Board Member of EcoHealth Alliance.",
      "Article Text": "Sheila Patel",
      "article URL": "https://web.archive.org/web/20160927183225/http://www.ecohealthalliance.org/senior-leadership"
    },
    {
      "sourceId": "M7UDX5VEKSYF3",
      "targetId": "M7UDX5VK5EN82",
      "Relationship Summary": "Sheila Patel serves as a Board Member of EcoHealth Alliance.",
      "Article Text": "Sheila Patel",
      "article URL": "https://web.archive.org/web/20160927183225/http://www.ecohealthalliance.org/senior-leadership"
    },
    {
      "sourceId": "M7UDX5VK0K3NN",
      "targetId": "M7NDMWVIZ3WIN",
      "Relationship Summary": "Calvin Schmidt serves as a Board Member of EcoHealth Alliance.",
      "Article Text": "Calvin Schmidt",
      "article URL": "https://web.archive.org/web/20160927183225/http://www.ecohealthalliance.org/senior-leadership"
    },
    {
      "sourceId": "M7UDX5VEQL0DA",
      "targetId": "M7UDX5VK0K3NN",
      "Relationship Summary": "Calvin Schmidt serves as a Board Member of EcoHealth Alliance.",
      "Article Text": "Calvin Schmidt",
      "article URL": "https://web.archive.org/web/20160927183225/http://www.ecohealthalliance.org/senior-leadership"
    },
    {
      "sourceId": "M7UDX5VK5D8RV",
      "targetId": "M7NDMWVIZ3WIN",
      "Relationship Summary": "Simona Skerjanec serves as a Board Member of EcoHealth Alliance.",
      "Article Text": "Simona Skerjanec",
      "article URL": "https://web.archive.org/web/20160927183225/http://www.ecohealthalliance.org/senior-leadership"
    },
    {
      "sourceId": "M7UDX5VEM3GK3",
      "targetId": "M7UDX5VK5D8RV",
      "Relationship Summary": "Simona Skerjanec serves as a Board Member of EcoHealth Alliance.",
      "Article Text": "Simona Skerjanec",
      "article URL": "https://web.archive.org/web/20160927183225/http://www.ecohealthalliance.org/senior-leadership"
    },
    {
      "sourceId": "M7UDX5VK6GZ95",
      "targetId": "M7NDMWVIZ3WIN",
      "Relationship Summary": "Dr. Samuel Stebbins serves as a Board Member of EcoHealth Alliance.",
      "Article Text": "Dr. Samuel Stebbins",
      "article URL": "https://web.archive.org/web/20160927183225/http://www.ecohealthalliance.org/senior-leadership"
    },
    {
      "sourceId": "M7UDX5VEN1LO5",
      "targetId": "M7UDX5VK6GZ95",
      "Relationship Summary": "Dr. Samuel Stebbins serves as a Board Member of EcoHealth Alliance.",
      "Article Text": "Dr. Samuel Stebbins",
      "article URL": "https://web.archive.org/web/20160927183225/http://www.ecohealthalliance.org/senior-leadership"
    },
    {
      "sourceId": "M7UDX5VK4N2T9",
      "targetId": "M7NDMWVIZ3WIN",
      "Relationship Summary": "Lucy C. Stitzer serves as a Board Member of EcoHealth Alliance.",
      "Article Text": "Lucy C. Stitzer",
      "article URL": "https://web.archive.org/web/20160927183225/http://www.ecohealthalliance.org/senior-leadership"
    },
    {
      "sourceId": "M7UDX5VEFNSSL",
      "targetId": "M7UDX5VK4N2T9",
      "Relationship Summary": "Lucy C. Stitzer serves as a Board Member of EcoHealth Alliance.",
      "Article Text": "Lucy C. Stitzer",
      "article URL": "https://web.archive.org/web/20160927183225/http://www.ecohealthalliance.org/senior-leadership"
    },
    {
      "sourceId": "M7UDX5VKQGBTZ",
      "targetId": "M7NDMWVIZ3WIN",
      "Relationship Summary": "Pamela Thye serves as a Board Member of EcoHealth Alliance.",
      "Article Text": "Pamela Thye",
      "article URL": "https://web.archive.org/web/20160927183225/http://www.ecohealthalliance.org/senior-leadership"
    },
    {
      "sourceId": "M7UDX5VE3CFG0",
      "targetId": "M7UDX5VKQGBTZ",
      "Relationship Summary": "Pamela Thye serves as a Board Member of EcoHealth Alliance.",
      "Article Text": "Pamela Thye",
      "article URL": "https://web.archive.org/web/20160927183225/http://www.ecohealthalliance.org/senior-leadership"
    },
    {
      "sourceId": "M7UDX5VKO21NY",
      "targetId": "M7NDMWVIZ3WIN",
      "Relationship Summary": "Carlota Vollhardt serves as a Board Member of EcoHealth Alliance.",
      "Article Text": "Carlota Vollhardt",
      "article URL": "https://web.archive.org/web/20160927183225/http://www.ecohealthalliance.org/senior-leadership"
    },
    {
      "sourceId": "M7UDX5VE7ZTCR",
      "targetId": "M7UDX5VKO21NY",
      "Relationship Summary": "Carlota Vollhardt serves as a Board Member of EcoHealth Alliance.",
      "Article Text": "Carlota Vollhardt",
      "article URL": "https://web.archive.org/web/20160927183225/http://www.ecohealthalliance.org/senior-leadership"
    },
    {
      "sourceId": "M7UDX5VKO0MAX",
      "targetId": "M7NDMWVIZ3WIN",
      "Relationship Summary": "Toph Allen serves as Data Scientist on EcoHealth Alliance’s Tech Team.",
      "Article Text": "Toph Allen, Data Scientist on EcoHealth Alliance’s Tech Team, applies his expertise in epidemiology,…"
    },
    {
      "sourceId": "M7UDX5VE7XAKO",
      "targetId": "M7UDX5VKO0MAX",
      "Relationship Summary": "Toph Allen serves as Data Scientist on EcoHealth Alliance’s Tech Team.",
      "Article Text": "Toph Allen, Data Scientist on EcoHealth Alliance’s Tech Team, applies his expertise in epidemiology,…"
    },
    {
      "sourceId": "M7UDX5VKCMHLE",
      "targetId": "M7NDMWVIZ3WIN",
      "Relationship Summary": "Dr. Simon Anthony serves as Assistant Professor at EcoHealth Alliance.",
      "Article Text": "At EcoHealth Alliance, Simon Anthony’s research focuses on infectious and emerging pathogens that threaten…"
    },
    {
      "sourceId": "M7UDX5VEBSHFC",
      "targetId": "M7UDX5VKCMHLE",
      "Relationship Summary": "Dr. Simon Anthony serves as Assistant Professor at EcoHealth Alliance.",
      "Article Text": "At EcoHealth Alliance, Simon Anthony’s research focuses on infectious and emerging pathogens that threaten…"
    },
    {
      "sourceId": "M7UDX5VKVO88X",
      "targetId": "M7NDMWVIZ3WIN",
      "Relationship Summary": "Dr. Jim Desmond serves as a consulting Field Veterinarian with EcoHealth Alliance.",
      "Article Text": "Dr. Jim Desmond is a consulting veterinarian with EcoHealth Alliance."
    },
    {
      "sourceId": "M7UDX5VE7CVI1",
      "targetId": "M7UDX5VKVO88X",
      "Relationship Summary": "Dr. Jim Desmond serves as a consulting Field Veterinarian with EcoHealth Alliance.",
      "Article Text": "Dr. Jim Desmond is a consulting veterinarian with EcoHealth Alliance."
    },
    {
      "sourceId": "M7UDX5VKTT1LY",
      "targetId": "M7NDMWVIZ3WIN",
      "Relationship Summary": "Tom Hughes serves as Senior Scientist and Malaysian Project Coordinator at EcoHealth Alliance.",
      "Article Text": "As Malaysian Project Coordinator at EcoHealth Alliance, Tom Hughes coordinates all of our sampling,…"
    },
    {
      "sourceId": "M7UDX5VEQ3UF6",
      "targetId": "M7UDX5VKTT1LY",
      "Relationship Summary": "Tom Hughes serves as Senior Scientist and Malaysian Project Coordinator at EcoHealth Alliance.",
      "Article Text": "As Malaysian Project Coordinator at EcoHealth Alliance, Tom Hughes coordinates all of our sampling,…"
    },
    {
      "sourceId": "M7UDX5VK0TCOK",
      "targetId": "M7NDMWVIZ3WIN",
      "Relationship Summary": "Dr. Ariful Islam serves as Field Veterinarian at EcoHealth Alliance.",
      "Article Text": "Dr. Ariful Islam graduated with a DVM and a MS in Pharmacology from Chittagong…"
    },
    {
      "sourceId": "M7UDX5VE66C65",
      "targetId": "M7UDX5VK0TCOK",
      "Relationship Summary": "Dr. Ariful Islam serves as Field Veterinarian at EcoHealth Alliance.",
      "Article Text": "Dr. Ariful Islam graduated with a DVM and a MS in Pharmacology from Chittagong…"
    },
    {
      "sourceId": "M7UDX5VK7K76Q",
      "targetId": "M7NDMWVIZ3WIN",
      "Relationship Summary": "Dr. Alice Latinne serves as Research Scientist at EcoHealth Alliance.",
      "Article Text": "As a research scientist at EcoHealth Alliance, Dr. Alice Latinne aims at better understanding…"
    },
    {
      "sourceId": "M7UDX5VE0OYFL",
      "targetId": "M7UDX5VK7K76Q",
      "Relationship Summary": "Dr. Alice Latinne serves as Research Scientist at EcoHealth Alliance.",
      "Article Text": "As a research scientist at EcoHealth Alliance, Dr. Alice Latinne aims at better understanding…"
    },
    {
      "sourceId": "M7UDX5VKXQO32",
      "targetId": "M7NDMWVIZ3WIN",
      "Relationship Summary": "Dr. Maureen Miller serves as Senior Scientist at EcoHealth Alliance.",
      "Article Text": "Dr. Maureen Miller, an epidemiologist with training in medical anthropology, has been involved in…"
    },
    {
      "sourceId": "M7UDX5VEFZ57K",
      "targetId": "M7UDX5VKXQO32",
      "Relationship Summary": "Dr. Maureen Miller serves as Senior Scientist at EcoHealth Alliance.",
      "Article Text": "Dr. Maureen Miller, an epidemiologist with training in medical anthropology, has been involved in…"
    },
    {
      "sourceId": "M7UDX5VK93JSC",
      "targetId": "M7NDMWVIZ3WIN",
      "Relationship Summary": "Dr. Noam Ross serves as Disease Ecologist at EcoHealth Alliance.",
      "Article Text": "Dr. Noam Ross studies how the combined processes of changing wildlife populations, evolution of…"
    },
    {
      "sourceId": "M7UDX5VE2FXR0",
      "targetId": "M7UDX5VK93JSC",
      "Relationship Summary": "Dr. Noam Ross serves as Disease Ecologist at EcoHealth Alliance.",
      "Article Text": "Dr. Noam Ross studies how the combined processes of changing wildlife populations, evolution of…"
    },
    {
      "sourceId": "M7UDX5VK8BVUL",
      "targetId": "M7NDMWVIZ3WIN",
      "Relationship Summary": "Dr. Melinda Rostal serves as Senior Research Scientist at EcoHealth Alliance.",
      "Article Text": "Dr. Melinda “Mindy” Rostal is a senior research scientist, field veterinarian, the EcoHealth Alliance…"
    },
    {
      "sourceId": "M7UDX5VE5HSVZ",
      "targetId": "M7UDX5VK8BVUL",
      "Relationship Summary": "Dr. Melinda Rostal serves as Senior Research Scientist at EcoHealth Alliance.",
      "Article Text": "Dr. Melinda “Mindy” Rostal is a senior research scientist, field veterinarian, the EcoHealth Alliance…"
    },
    {
      "sourceId": "M7UDX5VK0O4WZ",
      "targetId": "M7NDMWVIZ3WIN",
      "Relationship Summary": "Allison White serves as Research Scientist on the modeling team of EcoHealth Alliance.",
      "Article Text": "As an EcoHealth Alliance Research Scientist and member of the modeling team, Allison White…"
    },
    {
      "sourceId": "M7UDX5VEGTP5M",
      "targetId": "M7UDX5VK0O4WZ",
      "Relationship Summary": "Allison White serves as Research Scientist on the modeling team of EcoHealth Alliance.",
      "Article Text": "As an EcoHealth Alliance Research Scientist and member of the modeling team, Allison White…"
    },
    {
      "sourceId": "M7UDX5VKN20RT",
      "targetId": "M7NDMWVIZ3WIN",
      "Relationship Summary": "Carlos Zambrana-Torrelio serves as Research Scientist on the modeling team of EcoHealth Alliance.",
      "Article Text": "Research Scientist, Carlos Zambrana-Torrelio, is part of EcoHealth Alliance’s modeling team, where he combines…"
    },
    {
      "sourceId": "M7UDX5VET331N",
      "targetId": "M7UDX5VKN20RT",
      "Relationship Summary": "Carlos Zambrana-Torrelio serves as Research Scientist on the modeling team of EcoHealth Alliance.",
      "Article Text": "Research Scientist, Carlos Zambrana-Torrelio, is part of EcoHealth Alliance’s modeling team, where he combines…"
    },
    {
      "sourceId": "M7UDX5VKJWGXQ",
      "targetId": "M7NDMWVIZ3WIN",
      "Relationship Summary": "Alison Andre serves as Program Assistant at EcoHealth Alliance.",
      "Article Text": "Alison Andre Program Assistant"
    },
    {
      "sourceId": "M7UDX5VEC9K3D",
      "targetId": "M7UDX5VKJWGXQ",
      "Relationship Summary": "Alison Andre serves as Program Assistant at EcoHealth Alliance.",
      "Article Text": "Alison Andre Program Assistant"
    },
    {
      "sourceId": "M7UDX5VKZOS8F",
      "targetId": "M7NDMWVIZ3WIN",
      "Relationship Summary": "Brian Baker serves as Program Assistant at EcoHealth Alliance.",
      "Article Text": "Brian Baker Program Assistant"
    },
    {
      "sourceId": "M7UDX5VEW0GM8",
      "targetId": "M7UDX5VKZOS8F",
      "Relationship Summary": "Brian Baker serves as Program Assistant at EcoHealth Alliance.",
      "Article Text": "Brian Baker Program Assistant"
    },
    {
      "sourceId": "M7UDX5VK1GAZW",
      "targetId": "M7NDMWVIZ3WIN",
      "Relationship Summary": "Eliza Choi serves as Lab Technician at EcoHealth Alliance.",
      "Article Text": "Eliza Choi Lab Technician"
    },
    {
      "sourceId": "M7UDX5VEXG507",
      "targetId": "M7UDX5VK1GAZW",
      "Relationship Summary": "Eliza Choi serves as Lab Technician at EcoHealth Alliance.",
      "Article Text": "Eliza Choi Lab Technician"
    },
    {
      "sourceId": "M7UDX5VKYH2NW",
      "targetId": "M7NDMWVIZ3WIN",
      "Relationship Summary": "Emmarie Etheridge serves as Assistant Office Manager at EcoHealth Alliance.",
      "Article Text": "Emmarie Etheridge Assistant Office Manager"
    },
    {
      "sourceId": "M7UDX5VES8GHX",
      "targetId": "M7UDX5VKYH2NW",
      "Relationship Summary": "Emmarie Etheridge serves as Assistant Office Manager at EcoHealth Alliance.",
      "Article Text": "Emmarie Etheridge Assistant Office Manager"
    },
    {
      "sourceId": "M7UDX5VKXNTEY",
      "targetId": "M7NDMWVIZ3WIN",
      "Relationship Summary": "Luke Hamel serves as Program Assistant at EcoHealth Alliance.",
      "Article Text": "Luke Hamel Program Assistant"
    },
    {
      "sourceId": "M7UDX5VEN9CR3",
      "targetId": "M7UDX5VKXNTEY",
      "Relationship Summary": "Luke Hamel serves as Program Assistant at EcoHealth Alliance.",
      "Article Text": "Luke Hamel Program Assistant"
    },
    {
      "sourceId": "M7UDX5VKKJKHR",
      "targetId": "M7NDMWVIZ3WIN",
      "Relationship Summary": "Tara Hoda serves as Development Associate at EcoHealth Alliance.",
      "Article Text": "Tara Hoda Development Associate"
    },
    {
      "sourceId": "M7UDX5VEYWM45",
      "targetId": "M7UDX5VKKJKHR",
      "Relationship Summary": "Tara Hoda serves as Development Associate at EcoHealth Alliance.",
      "Article Text": "Tara Hoda Development Associate"
    },
    {
      "sourceId": "M7UDX5VK802VJ",
      "targetId": "M7NDMWVIZ3WIN",
      "Relationship Summary": "Robert Kessler serves as Development Associate at EcoHealth Alliance.",
      "Article Text": "Robert Kessler Development Associate"
    },
    {
      "sourceId": "M7UDX5VE1Q969",
      "targetId": "M7UDX5VK802VJ",
      "Relationship Summary": "Robert Kessler serves as Development Associate at EcoHealth Alliance.",
      "Article Text": "Robert Kessler Development Associate"
    },
    {
      "sourceId": "M7UDX5VKJAE2L",
      "targetId": "M7NDMWVIZ3WIN",
      "Relationship Summary": "Michael Scherb serves as Administrative Assistant at EcoHealth Alliance.",
      "Article Text": "Michael Scherb Administrative Assistant"
    },
    {
      "sourceId": "M7UDX5VEE34D8",
      "targetId": "M7UDX5VKJAE2L",
      "Relationship Summary": "Michael Scherb serves as Administrative Assistant at EcoHealth Alliance.",
      "Article Text": "Michael Scherb Administrative Assistant"
    }
  ]
}