
{
    "nodes": [
        {
            "id": "M7NDMWVID0PNH",
            "Entity Name": "Ben Hu",
            "Article URL": "https://pmc.ncbi.nlm.nih.gov/articles/PMC5708621/",
            "degree": "36",
            "type": "Entity",
            "name": "Ben Hu"
        },
        {
            "id": "M7NDMWVIZ3WIN",
            "Entity Name": "EcoHealth Alliance",
            "Article URL": "WCW-complaint-to-NIH-EcoHealth-Alliance-March-15-2021.pdf",
            "degree": "535",
            "type": "Entity",
            "URL": "https://blog.whitecoatwaste.org/wp-content/uploads/2023/06/wuhan-patient-zero_chmura-gima-correspondence.pdf",
            "Article Text": "\"Peter Daszak,b ... The Global Virome Project\"",
            "Article Title": "The Global Virome Project",
            "Entity Acronym": "WCW",
            "name": "EcoHealth Alliance"
        },
        {
            "id": "M7NDMWVIJWSG1",
            "Entity Name": "Peter Daszak",
            "Article URL": "https://reschenthaler.house.gov/media/press-releases/reschenthaler-introduces-bill-defund-ecohealth-alliance",
            "degree": "150",
            "type": "Entity",
            "Article Text": "\"Nine years ago Dr. Daszak became the Executive Director of EcoHealth Alliance's Consortium for Conservation Medicine (CCM)\"",
            "Relationship Date": "2007",
            "Article Title": "Dr. Peter Daszak Scientists Bio",
            "article URL": "https://web.archive.org/web/20160912221609/http://www.ecohealthalliance.org/personnel/dr-peter-daszak",
            "Entity Acronym": "Not specified",
            "Relationship Summary": "Peter Daszak discussed gain of function work at UNC",
            "Tag": "Virology",
            "Action Text": "The article discusses Peter Daszak's potential conflict of interest in the WHO investigation into the origins of COVID-19 due to his financial and professional ties with the Wuhan Institute of Virology.",
            "name": "Peter Daszak"
        },
        {
            "id": "M7NDMWVJY4A78",
            "Entity Name": "Metabiota",
            "degree": "107",
            "type": "Entity",
            "Article Text": "\"Nathan Wolfe,d ... The Global Virome Project\"",
            "Article Title": "The Global Virome Project",
            "Relationship Summary": "Metabiota works with WHO on disease outbreaks",
            "Relationship NAME": "including",
            "Tag": "Virology",
            "name": "Metabiota"
        },
        {
            "id": "M7NDMWVJ9ILLE",
            "Entity Name": "Jonna Mazet",
            "Article URL": "https://s3.documentcloud.org/documents/21055989/understanding-risk-bat-coronavirus-emergence-grant-notice.pdf",
            "degree": "28",
            "type": "Entity",
            "Article Text": "\"On April 17, 2017, Metabiota’s Chief Scientific Officer Eddy Rubin emailed PREDICT Director Jonna Mazet: 'We are also working on a Sample and Data Quality Risk and Corrective Action plan which I will get to you before this Friday.'\"",
            "Relationship Date": "04/17/17",
            "Article Title": "Metabiota Safety and Data Problems",
            "article URL": "https://usrtk.org/covid-19-origins/metabiota-safety-and-data-problems/",
            "Relationship Summary": "Jonna Mazet co-directs USAID’s One Health Workforce",
            "Relationship NAME": "to address",
            "Tag": "Virology",
            "name": "Jonna Mazet"
        },
        {
            "id": "M7NDMWVJ95DOK",
            "Entity Name": "Hunter Biden",
            "degree": "7",
            "type": "Entity",
            "Article Text": "\"Hunter Biden introduced Metabiota to officials at Burisma, the Ukrainian gas company where he was a highly paid board member, for a 'science project' involving biolabs in Ukraine, according to the emails.\"",
            "Relationship Date": "03/29/22",
            "article URL": "https://global.chinadaily.com.cn/a/202203/29/WS62426127a310fd2b29e53d95.html",
            "Relationship Summary": "Hunter Biden served as a board member of Burisma",
            "Relationship NAME": "introduced",
            "Tag": "Virology",
            "name": "Hunter Biden"
        },
        {
            "id": "M7NDMWVKX7AQ8",
            "Entity Name": "Wuhan Institute of Virology",
            "Article URL": "PMC Article",
            "degree": "167",
            "type": "Entity",
            "URL": "https://blog.whitecoatwaste.org/wp-content/uploads/2023/06/wuhan-patient-zero_chmura-gima-correspondence.pdf",
            "Article Text": "\"The National Institutes of Health is pressing a U.S. nonprofit, EcoHealth Alliance, for details on a research project at China’s Wuhan Institute of Virology that studied whether bat coronaviruses could be manipulated to infect humans.\"",
            "Article Title": "NIH Presses U.S. Nonprofit for Information on Wuhan Virology Lab",
            "article URL": "https://www.wsj.com/articles/nih-presses-u-s-nonprofit-for-information-on-wuhan-virology-lab-11597829400",
            "Entity Acronym": "USAID",
            "name": "Wuhan Institute of Virology"
        },
        {
            "id": "M7NDMWVKO7A4T",
            "Entity Name": "Shi Zhengli",
            "Article URL": "https://nymag.com/intelligencer/article/coronavirus-lab-escape-theory.html",
            "degree": "34",
            "type": "Entity",
            "name": "Shi Zhengli"
        },
        {
            "id": "M7NDMWVL4FE1A",
            "Entity Name": "National Institute of Allergy and Infectious Diseases",
            "Article URL": "https://blog.whitecoatwaste.org/wp-content/uploads/2023/06/wuhan-patient-zero_chmura-gima-correspondence.pdf",
            "degree": "39",
            "type": "Entity",
            "URL": "https://reporter.nih.gov/search/14EAC1094688C7D47598B8961CAA4A01A2FFCEB861BF/projects?shared=true&legacy=1&sl=14EAC1094688C7D47598B8961CAA4A01A2FFCEB861BF&sort_field=ic_serial_num&sort_order=asc",
            "Entity Acronym": "EHA",
            "name": "National Institute of Allergy and Infectious Diseases"
        },
        {
            "id": "M7NDMWVMWJBSA",
            "Entity Name": "Global Virome Project",
            "degree": "52",
            "type": "Entity",
            "Article Text": "\"'Even if you could find some loophole out of the criminal statute because GVP wasn’t technically a legal entity yet, this is a fundamental conflict of interest,' said Citizens for Responsibility and Ethics in Washington chief ethics counsel Virginia Canter.\"",
            "Article Title": "Dennis Carroll Used Taxpayer Funds for Risky Private Project",
            "article URL": "https://childrenshealthdefense.org/defender/dennis-carroll-taxpayer-funds-risky-private-project/",
            "name": "Global Virome Project"
        },
        {
            "id": "M7NDMWVMB2GQU",
            "Entity Name": "National Institutes of Health",
            "Article URL": "https://dailycaller.com/2021/02/13/world-health-organization-peter-daszak-conflict-of-interest-china-coronavirus/",
            "degree": "96",
            "type": "Entity",
            "URL": "https://www.wsj.com/articles/nih-presses-u-s-nonprofit-for-information-on-wuhan-virology-lab-11597829400",
            "Article Text": "\"Dr. Kurilla previously served as the director of the Office of Biodefense Research Resources and Translational Research within the National Institute of Allergy and Infectious Diseases (NIAID) from 2003 to 2017.\"",
            "Relationship Date": "2003 - 2017",
            "Article Title": "Alumni Profiles Series: Michael Kurilla",
            "article URL": "https://gradschool.duke.edu/professional-development/blog/alumni-profiles-series-michael-kurilla/",
            "Entity Acronym": "Daszak",
            "name": "National Institutes of Health"
        },
        {
            "id": "M7NDMWVPGS4S6",
            "Entity Name": "World Health Organization",
            "Article URL": "https://www.wsj.com/articles/who-are-the-covid-investigators1271499942",
            "degree": "66",
            "type": "Entity",
            "Article Text": "\"The HRP, which is cosponsored by the WHO, the UN Development Program, the UNFPA, and the World Bank...\"",
            "Article Title": "Reproductive Rights and Wrongs: The Global Politics of Population Control",
            "article URL": "https://www.amazon.com/Reproductive-Rights-Wrongs-Politics-Population/dp/1608467352",
            "Entity Acronym": "WHO",
            "name": "World Health Organization"
        },
        {
            "id": "M7NDMWVPV2NTR",
            "Entity Name": "University of North Carolina",
            "Article URL": "https://www.nature.com/articles/nm.3992",
            "degree": "18",
            "type": "Entity",
            "Article Text": "\"In the pitch deck, we proposed ... SARS-CoV-2 gain of function and humanized mice research conducted by Drs. Baric\"",
            "article URL": "https://www.amazon.com/Truth-about-Wuhan-Uncovered-Biggest/dp/1510773886/ref=sr_1_1?sr=93",
            "Entity Acronym": "UNC",
            "Relationship Summary": "Ralph Baric conducted research at UNC",
            "Relationship NAME": "In response to",
            "Tag": "Virology",
            "name": "University of North Carolina"
        },
        {
            "id": "M7NDMWVPZU8G5",
            "Entity Name": "Ebola Outbreak",
            "degree": "6",
            "type": "Entity",
            "Article Text": "\"But in July that year, officials in Sierra Leone instructed the Kenema lab to stop Ebola testing, and the US government cut its funding to partners of the lab.\"",
            "Relationship Date": "July 2014",
            "Article Title": "American Company Metabiota Faces Problems During Ebola Outbreak",
            "article URL": "https://www.cbsnews.com/news/american-company-metabiota-problems-during-ebola-outbreak/",
            "Relationship Summary": "Metabiota's technology helped stem Ebola outbreaks",
            "Relationship NAME": "in response to",
            "Tag": "Virology",
            "name": "Ebola Outbreak"
        },
        {
            "id": "M7NDMWVSV121P",
            "Entity Name": "China",
            "Article URL": "https://www.wsj.com/articles/who-are-the-covid-investigators1271499940",
            "degree": "37",
            "type": "Entity",
            "Entity Acronym": "WHO",
            "name": "China"
        },
        {
            "id": "M7NDMWVSS1NI7",
            "Entity Name": "Department of Defense",
            "Article URL": "https://reschenthaler.house.gov/media/press-releases/reschenthaler-introduces-bill-defund-ecohealth-alliance",
            "degree": "24",
            "type": "Entity",
            "URL": "www.timesnownews.com",
            "Article Text": "\"Victor Marchetti and John Marks described how during the 1960s and 1970s in Laos and Vietnam, the cia’s 'Clandestine Services had a fairly clear idea of how many local tribesmen were in its pay, but the operators were never quite certain of the total number of mercenaries they were financing through the agency’s numerous support programs, some of which were fronted for by the Department of Defense, the Agency for International Development, and, of course, the cia proprietary, Air America'.\"",
            "Relationship Date": "2014",
            "article URL": "https://www.amazon.com/Cold-War-Anthropology-Pentagon-Growth/dp/0822361256/ref=sr_1_1?sr=8104",
            "Entity Acronym": "Not specified",
            "Relationship Summary": "Metabiota worked with the Department of Defense",
            "Relationship NAME": "For research into",
            "Tag": "Virology",
            "Distributor Full Name": "Department of Defense",
            "Amount": "39000000",
            "Receiver Name": "EcoHealth Alliance",
            "Summary": "The Pentagon gave $39 million to Dr Peter Daszak’s EcoHealth Alliance, an NGO that funded coronavirus research at Wuhan Institute of Virology.",
            "Purpose": "Coronavirus research",
            "name": "Department of Defense"
        },
        {
            "id": "M7NDMWVSRIVD2",
            "Entity Name": "USAID PREDICT",
            "Article URL": "https://nymag.com/intelligencer/article/coronavirus-lab-escape-theory.html",
            "degree": "91",
            "type": "Entity",
            "Article Text": "\"Most recently, through partnership with the USAID PREDICT program, we have augmented our lab's ability to identify zoonotic agents in people highly exposed to wildlife such as those working in live animal markets.\"",
            "Relationship Date": "02/09/25",
            "Article Title": "CV Summaries",
            "article URL": "https://s3.documentcloud.org/documents/21055989/understanding-risk-bat-coronavirus-emergence-grant-notice.pdf",
            "Relationship Summary": "UC Davis was the prime contractor on the PREDICT award",
            "Relationship NAME": "As a result of",
            "Tag": "Virology",
            "Modifier Entity Name": "USAID",
            "Entity 2 Name": "Dennis Carroll",
            "name": "USAID PREDICT"
        },
        {
            "id": "M7NDMWVTKA53J",
            "Entity Name": "COVID-19",
            "degree": "3",
            "type": "Entity",
            "Article Text": "\"The United States Government has supported the Government of Uzbekistan’s efforts to respond to the COVID-19 pandemic, providing life-saving equipment, laboratory and medical supplies, and technical assistance.\"",
            "Relationship Date": "02/06/25",
            "article URL": "https://web.archive.org/web/20250201201217/https://www.usaid.gov/uzbekistan/fact-sheets",
            "Relationship Summary": "Wuhan Institute of Virology is believed by many to be the source of COVID-19.",
            "Relationship NAME": "believed by",
            "Tag": "Virology",
            "name": "COVID-19"
        },
        {
            "id": "M7NDMWVU55633",
            "Entity Name": "Chinese Academy of Sciences",
            "Article URL": "PMC Article",
            "degree": "13",
            "type": "Entity",
            "Article Text": "\"George Gao,f ... The Global Virome Project\"",
            "Article Title": "The Global Virome Project",
            "Entity Acronym": "CAS",
            "name": "Chinese Academy of Sciences"
        },
        {
            "id": "M7NDMWVUPS5S2",
            "Entity Name": "UC Davis OHI",
            "degree": "22",
            "type": "Entity",
            "name": "UC Davis OHI"
        },
        {
            "id": "M7NDMWVZ4M2T6",
            "Entity Name": "University of North Carolina at Chapel Hill",
            "degree": "46",
            "type": "Entity",
            "URL": "https://blog.whitecoatwaste.org/wp-content/uploads/2023/06/wuhan-patient-zero_chmura-gima-correspondence.pdf",
            "Article Text": "\"We also collaborate with the University of North Carolina at Chapel Hill for parts of our research.\"",
            "Relationship Date": "Unknown",
            "article URL": "https://www.judicialwatch.org/wp-content/uploads/2023/04/NIH-EcoHealth-Grant-FOIA-April-2023-pg-523.pdf",
            "Relationship Summary": "EHA works with UNC-CH for research",
            "Relationship NAME": "for parts of",
            "Tag": "Virology",
            "name": "University of North Carolina at Chapel Hill"
        },
        {
            "id": "M7NDMWW1WAH1G",
            "Entity Name": "Biolabs in Ukraine",
            "degree": "5",
            "type": "Entity",
            "name": "Biolabs in Ukraine"
        },
        {
            "id": "M7NDNMI3I5S70",
            "Entity Name": "Dennis Carroll",
            "Article URL": "https://s3.documentcloud.org/documents/21055989/understanding-risk-bat-coronavirus-emergence-grant-notice.pdf",
            "degree": "60",
            "type": "Entity",
            "Article Text": "\"'There’s numerous conflict of interest laws that should be investigated here to ensure that Carroll didn’t violate the laws on the books,' said Scott Amey, general counsel for the Project on Government Oversight, a government watchdog group.\"",
            "Article Title": "Dennis Carroll Used Taxpayer Funds for Risky Private Project",
            "article URL": "https://childrenshealthdefense.org/defender/dennis-carroll-taxpayer-funds-risky-private-project/",
            "Relationship Summary": "Led PREDICT project",
            "Relationship NAME": "Employed by",
            "Date": "2009-2014",
            "name": "Dennis Carroll"
        },
        {
            "id": "M7UDX5VEAE434",
            "Entity Name": "Edward “Eddy” Rubin",
            "degree": "9",
            "type": "Entity",
            "Article Text": "\"an assistant at UC Davis emailed a USAID official and asked to fund Metabiota’s Eddy Rubin with PREDICT money so that Rubin could discuss the GVP in China.\"",
            "Article Title": "Virome Violation: In Pursuing Science, USAID Official May Have Violated Law",
            "article URL": "https://disinformationchronicle.substack.com/p/virome-violation-in-pursuing-science",
            "Relationship Summary": "USAID was emailed by a UC Davis assistant about funding Eddy Rubin.",
            "Relationship NAME": "Asked to fund",
            "name": "Edward “Eddy” Rubin"
        },
        {
            "id": "M7UDX5VE61VSG",
            "Entity Name": "United States Agency for International Development",
            "Article URL": "https://www.gao.gov/assets/gao-23-106119.pdf",
            "degree": "23",
            "type": "Entity",
            "URL": "https://liberationnews.org/usaid-the-humanitarian-face-of-colonial-exploitation/",
            "Article Text": "\"Cara Chrisman,a ... The Global Virome Project\"",
            "Article Title": "The Global Virome Project",
            "Entity Acronym": "USAID",
            "name": "United States Agency for International Development"
        },
        {
            "id": "M7UDX5VFQ2TTB",
            "Entity Name": "2016 GVP Bellagio Forum Attendees",
            "degree": "19",
            "type": "Entity",
            "name": "2016 GVP Bellagio Forum Attendees"
        },
        {
            "id": "M7W6R1ONW7UTQ",
            "Entity Name": "The Rockefeller Foundation",
            "degree": "24",
            "type": "Entity",
            "Article Text": "\"As a result of a meeting in 1984, the Task Force for Global Health was formed, with Associate Director of Health Sciences at The Rockefeller Foundation, Scott Halstead, serving as a member.\"",
            "Relationship Date": "1984",
            "Article Title": "Gavi, the Vaccine Alliance",
            "article URL": "https://www.rockefellerfoundation.org/bellagio-bulletin/from-the-archives/gavi-the-vaccine-alliance/",
            "Relationship Summary": "USAID participated in a Gavi-related convening at Bellagio hosted by The Rockefeller Foundation",
            "Relationship NAME": "Organized by",
            "name": "The Rockefeller Foundation"
        },
        {
            "id": "M7W6R1ONG20VY",
            "Entity Name": "George F. Gao",
            "degree": "28",
            "type": "Entity",
            "Article Text": "\"2016 GVP Bellagio Forum Attendees George Gao\"",
            "Relationship Date": "2016",
            "article URL": "https://web.archive.org/web/20200718034514/http://www.globalviromeproject.org/our-history",
            "Relationship Summary": "George Gao participated in the forum",
            "name": "George F. Gao"
        },
        {
            "id": "M7NDPA6V6KXY9",
            "Entity Name": "Defense Threat Reduction Agency",
            "degree": "14",
            "type": "Entity",
            "URL": "https://blog.whitecoatwaste.org/wp-content/uploads/2023/06/wuhan-patient-zero_chmura-gima-correspondence.pdf",
            "Distributor Full Name": "Defense Threat Reduction Agency",
            "Amount": "4391444",
            "Receiver Name": "EcoHealth Alliance",
            "Summary": "Grant for understanding bat-borne zoonotic disease emergence in Western Asia",
            "Purpose": "Research on bat-borne zoonotic disease emergence",
            "name": "Defense Threat Reduction Agency"
        },
        {
            "id": "M7NDMWVKNXWVY",
            "Entity Name": "Ralph Baric",
            "Article URL": "https://nymag.com/intelligencer/article/coronavirus-lab-escape-theory.html",
            "degree": "17",
            "type": "Entity",
            "name": "Ralph Baric"
        },
        {
            "id": "M7W6R1ON4J762",
            "Entity Name": "Bellagio Center",
            "degree": "10",
            "type": "Entity",
            "Article Text": "\"The Global Alliance for Vaccines and Immunization (now known as Gavi, the Vaccine Alliance) was created at Bellagio in March 1999.\"",
            "Relationship Date": "March 1999",
            "Article Title": "Gavi, the Vaccine Alliance",
            "article URL": "https://www.rockefellerfoundation.org/bellagio-bulletin/from-the-archives/gavi-the-vaccine-alliance/",
            "Relationship Summary": "The Rockefeller Foundation created Gavi at Bellagio",
            "Relationship NAME": "Hosted",
            "name": "Bellagio Center"
        },
        {
            "id": "M7NDTK1T5BAH4",
            "Process Category": "Program Management",
            "Process": "Funded EcoHealth Alliance",
            "Process Summary": "Funded EcoHealth Alliance for virus surveillance.",
            "Article Text": "Daszak also routed Predict money to Shi Zhengli’s bat-surveillance team in Wuhan through his nonprofit, mingling it with NIH money and money from the U.S. Defense Threat Reduction Agency.",
            "Article URL": "https://nymag.com/intelligencer/article/coronavirus-lab-escape-theory.html",
            "degree": "3",
            "type": "Process",
            "name": "Funded EcoHealth Alliance for virus surveillance."
        },
        {
            "id": "M7NDMWWEWTM5I",
            "Relationship Summary": "Metabiota has been a partner of EcoHealth Alliance",
            "Article Text": "\"Since 2014, Metabiota has been a partner of EcoHealth Alliance as part of the U.S. Agency for International Development’s (USAID) “PREDICT” project, which seeks to “predict and prevent global emerging disease threats.”\"",
            "Relationship NAME": "As part of",
            "Relationship Date": "2014",
            "article URL": "https://thenationalpulse.com/archive-post/hunter-biden-invested-in-ecohealth-wuhan-partner/",
            "Tag": "Virology",
            "degree": "4",
            "type": "Relationship",
            "name": "Metabiota has been a partner of EcoHealth Alliance"
        },
        {
            "id": "M7NDMWWHXHHX6",
            "Relationship Summary": "EcoHealth Alliance was partnered with the University of North Carolina",
            "Article Text": "\"Without USAID’s funding, the relationship between EHA, the WIV, and UNC would not have occurred\"",
            "Relationship NAME": "As a result of",
            "article URL": "https://www.amazon.com/Truth-about-Wuhan-Uncovered-Biggest/dp/1510773886/ref=sr_1_1?sr=80",
            "Tag": "Virology",
            "degree": "4",
            "type": "Relationship",
            "name": "EcoHealth Alliance was partnered with the University of North Carolina"
        },
        {
            "id": "M7UDX5VKMPKCT",
            "Relationship Summary": "Peter Daszak was employed by EcoHealth Alliance and served on GVP’s board.",
            "Article Text": "\"Global Virome Project’s list of board members includes Peter Daszak of the EcoHealth Alliance, Jonna Mazet of UC Davis, Oyewale Tomori of Nigeria, and Edward 'Eddy' Rubin of Metabiota.\"",
            "Relationship NAME": "Served on",
            "article URL": "https://disinformationchronicle.substack.com/p/virome-violation-in-pursuing-science",
            "degree": "3",
            "type": "Relationship",
            "name": "Peter Daszak was employed by EcoHealth Alliance and served on GVP’s board."
        },
        {
            "id": "M7NDMWWHFCLVA",
            "Relationship Summary": "EcoHealth Alliance used Ralph Baric's work",
            "Article Text": "\"EcoHealth Alliance then used Dr. Baric’s work for testing experimental vaccines, treatments, and therapeutics\"",
            "Relationship NAME": "In response to",
            "article URL": "https://www.amazon.com/Truth-about-Wuhan-Uncovered-Biggest/dp/1510773886/ref=sr_1_1?sr=92",
            "Tag": "Virology",
            "degree": "4",
            "type": "Relationship",
            "name": "EcoHealth Alliance used Ralph Baric's work"
        }
    ],

    "links": [
        {
            "sourceId": "M7NDMWVIZ3WIN",
            "targetId": "M7NDMWVIJWSG1"
        },
        {
            "sourceId": "M7NDMWVIZ3WIN",
            "targetId": "M7NDMWVIJWSG1"
        },
        {
            "sourceId": "M7NDMWVIZ3WIN",
            "targetId": "M7NDMWVIJWSG1"
        },
        {
            "sourceId": "M7NDMWVIZ3WIN",
            "targetId": "M7NDMWVIJWSG1"
        },
        {
            "sourceId": "M7NDMWVIZ3WIN",
            "targetId": "M7NDMWVIJWSG1"
        },
        {
            "sourceId": "M7NDMWVIZ3WIN",
            "targetId": "M7NDMWVIJWSG1"
        },
        {
            "sourceId": "M7NDMWVIZ3WIN",
            "targetId": "M7NDMWVIJWSG1"
        },
        {
            "sourceId": "M7NDMWVIZ3WIN",
            "targetId": "M7NDMWVIJWSG1"
        },
        {
            "sourceId": "M7NDMWVIZ3WIN",
            "targetId": "M7NDMWVIJWSG1"
        },
        {
            "sourceId": "M7NDMWVIZ3WIN",
            "targetId": "M7NDMWVIJWSG1"
        },
        {
            "sourceId": "M7NDMWVIZ3WIN",
            "targetId": "M7NDMWVIJWSG1"
        },
        {
            "sourceId": "M7NDMWVIZ3WIN",
            "targetId": "M7NDMWVIJWSG1"
        },
        {
            "sourceId": "M7NDMWVIZ3WIN",
            "targetId": "M7NDMWVIJWSG1"
        },
        {
            "sourceId": "M7NDMWVIZ3WIN",
            "targetId": "M7NDMWVIJWSG1"
        },
        {
            "sourceId": "M7NDMWVIZ3WIN",
            "targetId": "M7NDMWVIJWSG1"
        },
        {
            "sourceId": "M7NDMWVKX7AQ8",
            "targetId": "M7NDMWVKO7A4T"
        },
        {
            "sourceId": "M7NDMWVU55633",
            "targetId": "M7NDMWVKX7AQ8"
        },
        {
            "sourceId": "M7NDMWVU55633",
            "targetId": "M7NDMWVKX7AQ8"
        },
        {
            "sourceId": "M7NDMWVSV121P",
            "targetId": "M7NDMWVKX7AQ8"
        },
        {
            "sourceId": "M7NDMWVKX7AQ8",
            "targetId": "M7NDMWVID0PNH"
        },
        {
            "sourceId": "M7NDMWVKX7AQ8",
            "targetId": "M7NDMWVID0PNH"
        },
        {
            "sourceId": "M7NDMWVKX7AQ8",
            "targetId": "M7NDMWVID0PNH"
        },
        {
            "sourceId": "M7NDMWVKX7AQ8",
            "targetId": "M7NDMWVID0PNH"
        },
        {
            "sourceId": "M7NDMWVKX7AQ8",
            "targetId": "M7NDMWVID0PNH"
        },
        {
            "sourceId": "M7NDMWVKX7AQ8",
            "targetId": "M7NDMWVID0PNH"
        },
        {
            "sourceId": "M7NDMWVKX7AQ8",
            "targetId": "M7NDMWVID0PNH"
        },
        {
            "sourceId": "M7NDMWVKX7AQ8",
            "targetId": "M7NDMWVID0PNH"
        },
        {
            "sourceId": "M7NDMWVSV121P",
            "targetId": "M7NDMWVKX7AQ8"
        },
        {
            "sourceId": "M7NDMWVU55633",
            "targetId": "M7NDMWVKX7AQ8"
        },
        {
            "sourceId": "M7NDMWVSV121P",
            "targetId": "M7NDMWVKX7AQ8"
        },
        {
            "sourceId": "M7NDMWVSV121P",
            "targetId": "M7NDMWVKX7AQ8"
        },
        {
            "sourceId": "M7NDMWVSV121P",
            "targetId": "M7NDMWVKX7AQ8"
        },
        {
            "sourceId": "M7NDMWVSV121P",
            "targetId": "M7NDMWVKX7AQ8"
        },
        {
            "sourceId": "M7NDMWVSV121P",
            "targetId": "M7NDMWVKX7AQ8"
        },
        {
            "sourceId": "M7NDMWVKX7AQ8",
            "targetId": "M7NDMWVKO7A4T"
        },
        {
            "sourceId": "M7NDMWVPV2NTR",
            "targetId": "M7NDMWVKNXWVY"
        },
        {
            "sourceId": "M7NDTK1T5BAH4",
            "targetId": "M7NDMWVIZ3WIN",
            "Entity Name": "USAID",
            "Process": "Funded EcoHealth Alliance",
            "Process Summary": "Funded EcoHealth Alliance for virus surveillance.",
            "Article Text": "Daszak also routed Predict money to Shi Zhengli’s bat-surveillance team in Wuhan through his nonprofit, mingling it with NIH money and money from the U.S. Defense Threat Reduction Agency.",
            "Process Target": "Support research on zoonotic diseases through EcoHealth Alliance",
            "Entity Target": "EcoHealth Alliance",
            "Article URL": "https://nymag.com/intelligencer/article/coronavirus-lab-escape-theory.html"
        },
        {
            "sourceId": "M7UDX5VE61VSG",
            "targetId": "M7NDTK1T5BAH4",
            "Entity Name": "USAID",
            "Process": "Funded EcoHealth Alliance",
            "Process Summary": "Funded EcoHealth Alliance for virus surveillance.",
            "Article Text": "Daszak also routed Predict money to Shi Zhengli’s bat-surveillance team in Wuhan through his nonprofit, mingling it with NIH money and money from the U.S. Defense Threat Reduction Agency.",
            "Entity Target": "EcoHealth Alliance",
            "Article URL": "https://nymag.com/intelligencer/article/coronavirus-lab-escape-theory.html",
            "Process Category": "Program Management"
        },
        {
            "sourceId": "M7NDPA6V6KXY9",
            "targetId": "M7NDMWVIZ3WIN",
            "Distributor Full Name": "Defense Threat Reduction Agency",
            "Amount": "4391444",
            "Receiver Name": "EcoHealth Alliance",
            "Summary": "Grant for understanding bat-borne zoonotic disease emergence in Western Asia",
            "Purpose": "Research on bat-borne zoonotic disease emergence",
            "URL": "https://blog.whitecoatwaste.org/wp-content/uploads/2023/06/wuhan-patient-zero_chmura-gima-correspondence.pdf"
        },
        {
            "sourceId": "M7NDPA6V6KXY9",
            "targetId": "M7NDPA6V6KXY9",
            "Distributor Full Name": "Defense Threat Reduction Agency",
            "Amount": "4391444",
            "Receiver Name": "EcoHealth Alliance",
            "Summary": "Grant for understanding bat-borne zoonotic disease emergence in Western Asia",
            "Purpose": "Research on bat-borne zoonotic disease emergence",
            "URL": "https://blog.whitecoatwaste.org/wp-content/uploads/2023/06/wuhan-patient-zero_chmura-gima-correspondence.pdf"
        },
        {
            "sourceId": "M7NDMWVSS1NI7",
            "targetId": "M7NDMWVIZ3WIN",
            "Distributor Full Name": "Department of Defense",
            "Amount": "39000000",
            "Receiver Name": "EcoHealth Alliance",
            "Summary": "The Pentagon gave $39 million to Dr Peter Daszak’s EcoHealth Alliance, an NGO that funded coronavirus research at Wuhan Institute of Virology.",
            "Purpose": "Coronavirus research",
            "URL": "www.timesnownews.com"
        },
        {
            "sourceId": "M7NDMWVSS1NI7",
            "targetId": "M7NDMWVSS1NI7",
            "Distributor Full Name": "Department of Defense",
            "Amount": "39000000",
            "Receiver Name": "EcoHealth Alliance",
            "Summary": "The Pentagon gave $39 million to Dr Peter Daszak’s EcoHealth Alliance, an NGO that funded coronavirus research at Wuhan Institute of Virology.",
            "Purpose": "Coronavirus research",
            "URL": "www.timesnownews.com"
        },
        {
            "sourceId": "M7NDMWVSV121P",
            "targetId": "M7NDMWVKO7A4T",
            "Action Summary": "Shi Zhengli publishes a paper identifying RaTG13.",
            "Article Summary": "Details how the virus might have been linked to research conducted at the Wuhan Institute of Virology.",
            "Action Text": "A scientist named Shi Zhengli of the Wuhan Institute of Virology published a paper saying that the novel coronavirus was 96 percent identical to a bat virus, RaTG13, found in Yunnan province in southern China."
        },
        {
            "sourceId": "M7NDMWVSV121P",
            "targetId": "M7NDMWVID0PNH",
            "Action Summary": "Identification of additional ORFs in the virus genome.",
            "Article Summary": "Novel open reading frames (ORFs) were identified in some SARSr-CoV strains, potentially affecting viral function or evolution.",
            "Action Text": "\"In our previous study, we identified an additional ORF termed ORFx present between ORF6 and ORF7 in strain WIV1 and WIV16. In this study, ORFx was also found in the genomes of Rs7327 and Rs4874.\""
        },
        {
            "sourceId": "M7NDMWVSV121P",
            "targetId": "M7NDMWVU55633",
            "Action Summary": "The institute closes its databases of viral genomes.",
            "Article Summary": "Highlights the secretive actions taken by the lab following the outbreak.",
            "Action Text": "The Wuhan Institute of Virology closed down its databases of viral genomes, and the Chinese Ministry of Education sent out a directive: “Any paper that traces the origin of the virus must be strictly and tightly managed.”"
        },
        {
            "sourceId": "M7NDMWVSV121P",
            "targetId": "M7NDMWVKX7AQ8",
            "Action Summary": "Identification of additional ORFs in the virus genome.",
            "Article Summary": "Novel open reading frames (ORFs) were identified in some SARSr-CoV strains, potentially affecting viral function or evolution.",
            "Action Text": "\"In our previous study, we identified an additional ORF termed ORFx present between ORF6 and ORF7 in strain WIV1 and WIV16. In this study, ORFx was also found in the genomes of Rs7327 and Rs4874.\""
        },
        {
            "sourceId": "M7NDMWVIZ3WIN",
            "targetId": "M7NDMWVL4FE1A",
            "Article Summary": "EcoHealth Alliance received federal funding for research on bat coronaviruses.",
            "Article Title": "Reschenthaler Introduces Bill to Defund EcoHealth Alliance",
            "Article URL": "https://reschenthaler.house.gov/media/press-releases/reschenthaler-introduces-bill-defund-ecohealth-alliance"
        },
        {
            "sourceId": "M7NDMWVMB2GQU",
            "targetId": "M7NDMWVKX7AQ8",
            "Article Summary": "NIH is seeking more details from EcoHealth Alliance about the research at the Wuhan Institute of Virology, focusing on virus modification and safety protocols.",
            "Article Title": "NIH Presses U.S. Nonprofit for Information on Wuhan Virology Lab",
            "Article URL": "articles/nih-presses-u-s-nonprofit-for-information-on-wuhan-virology-lab-11597829400"
        },
        {
            "sourceId": "M7NDMWVMB2GQU",
            "targetId": "M7NDMWVIZ3WIN",
            "Article Summary": "NIH paused funding due to safety issues at WIV.",
            "Article Title": "Reschenthaler Introduces Bill to Defund EcoHealth Alliance",
            "Article URL": "https://reschenthaler.house.gov/media/press-releases/reschenthaler-introduces-bill-defund-ecohealth-alliance"
        },
        {
            "sourceId": "M7NDMWVIJWSG1",
            "targetId": "M7NDMWVPGS4S6",
            "Article Summary": "The WHO team's assertion on lab leak theory was contradicted shortly after release.",
            "Article Title": "February 2021",
            "Article URL": "https://dailycaller.com/2021/02/13/world-health-organization-peter-daszak-conflict-of-interest-china-coronavirus/"
        },
        {
            "sourceId": "M7NDMWVIJWSG1",
            "targetId": "M7NDMWVKX7AQ8",
            "Article Summary": "Provided funding to WIV for research on diseases of humans and bats.",
            "Article Title": "Pre-2020",
            "Article URL": "https://dailycaller.com/2021/02/13/world-health-organization-peter-daszak-conflict-of-interest-china-coronavirus/"
        },
        {
            "sourceId": "M7NDMWVIJWSG1",
            "targetId": "M7NDMWVMB2GQU",
            "Article Summary": "Refused to conduct an outside inspection of WIV as requested by NIH.",
            "Article Title": "Post-April 2020",
            "Article URL": "https://dailycaller.com/2021/02/13/world-health-organization-peter-daszak-conflict-of-interest-china-coronavirus/"
        },
        {
            "sourceId": "M7NDMWVPGS4S6",
            "targetId": "M7NDMWVSV121P",
            "Article Summary": "The article discusses the WHO's investigation into the origins of COVID-19, highlighting issues with China's cooperation and conflicts of interest among investigators.",
            "Article Title": "Who Are the Covid Investigators?",
            "Article URL": "https://www.wsj.com/articles/who-are-the-covid-investigators-11613401955"
        },
        {
            "sourceId": "M7NDMWVKX7AQ8",
            "targetId": "M7NDMWVIZ3WIN",
            "Article Summary": "NIH is seeking more details from EcoHealth Alliance about the research at the Wuhan Institute of Virology, focusing on virus modification and safety protocols.",
            "Article Title": "NIH Presses U.S. Nonprofit for Information on Wuhan Virology Lab",
            "Article URL": "articles/nih-presses-u-s-nonprofit-for-information-on-wuhan-virology-lab-11597829400"
        },
        {
            "sourceId": "M7NDMWWEWTM5I",
            "targetId": "M7NDMWVIZ3WIN",
            "Relationship Summary": "Metabiota has been a partner of EcoHealth Alliance",
            "Article Text": "\"Since 2014, Metabiota has been a partner of EcoHealth Alliance as part of the U.S. Agency for International Development’s (USAID) “PREDICT” project, which seeks to “predict and prevent global emerging disease threats.”\"",
            "Relationship Date": "2014",
            "article URL": "https://thenationalpulse.com/archive-post/hunter-biden-invested-in-ecohealth-wuhan-partner/"
        },
        {
            "sourceId": "M7NDMWVJY4A78",
            "targetId": "M7NDMWWEWTM5I",
            "Relationship Summary": "Metabiota has been a partner of EcoHealth Alliance",
            "Article Text": "\"Since 2014, Metabiota has been a partner of EcoHealth Alliance as part of the U.S. Agency for International Development’s (USAID) “PREDICT” project, which seeks to “predict and prevent global emerging disease threats.”\"",
            "Relationship Date": "2014",
            "article URL": "https://thenationalpulse.com/archive-post/hunter-biden-invested-in-ecohealth-wuhan-partner/"
        },
        {
            "sourceId": "M7NDMWWHXHHX6",
            "targetId": "M7NDMWVPV2NTR",
            "Relationship Summary": "EcoHealth Alliance was partnered with the University of North Carolina",
            "Article Text": "\"Without USAID’s funding, the relationship between EHA, the WIV, and UNC would not have occurred\"",
            "article URL": "https://www.amazon.com/Truth-about-Wuhan-Uncovered-Biggest/dp/1510773886/ref=sr_1_1?sr=80"
        },
        {
            "sourceId": "M7NDMWVIZ3WIN",
            "targetId": "M7NDMWWHXHHX6",
            "Relationship Summary": "EcoHealth Alliance was partnered with the University of North Carolina",
            "Article Text": "\"Without USAID’s funding, the relationship between EHA, the WIV, and UNC would not have occurred\"",
            "article URL": "https://www.amazon.com/Truth-about-Wuhan-Uncovered-Biggest/dp/1510773886/ref=sr_1_1?sr=80"
        },
        {
            "sourceId": "M7NDMWVPGS4S6",
            "targetId": "M7NDMWVKX7AQ8",
            "Article Summary": "The article discusses the WHO's investigation into the origins of COVID-19, highlighting issues with China's cooperation and conflicts of interest among investigators.",
            "Article Title": "Who Are the Covid Investigators?",
            "Article URL": "https://www.wsj.com/articles/who-are-the-covid-investigators1271499934"
        },
        {
            "sourceId": "M7UDX5VKMPKCT",
            "targetId": "M7NDMWVMWJBSA",
            "Article Title": "Virome Violation: In Pursuing Science, USAID Official May Have Violated Law",
            "Article Text": "\"Global Virome Project’s list of board members includes Peter Daszak of the EcoHealth Alliance, Jonna Mazet of UC Davis, Oyewale Tomori of Nigeria, and Edward 'Eddy' Rubin of Metabiota.\"",
            "article URL": "https://disinformationchronicle.substack.com/p/virome-violation-in-pursuing-science",
            "Modifier Relationship": "Served on"
        },
        {
            "sourceId": "M7UDX5VKMPKCT",
            "targetId": "M7NDMWVIZ3WIN",
            "Article Title": "Virome Violation: In Pursuing Science, USAID Official May Have Violated Law",
            "Relationship Summary": "Peter Daszak was employed by EcoHealth Alliance and served on GVP’s board.",
            "Article Text": "\"Global Virome Project’s list of board members includes Peter Daszak of the EcoHealth Alliance, Jonna Mazet of UC Davis, Oyewale Tomori of Nigeria, and Edward 'Eddy' Rubin of Metabiota.\"",
            "article URL": "https://disinformationchronicle.substack.com/p/virome-violation-in-pursuing-science"
        },
        {
            "sourceId": "M7NDMWVIJWSG1",
            "targetId": "M7UDX5VKMPKCT",
            "Article Title": "Virome Violation: In Pursuing Science, USAID Official May Have Violated Law",
            "Relationship Summary": "Peter Daszak was employed by EcoHealth Alliance and served on GVP’s board.",
            "Article Text": "\"Global Virome Project’s list of board members includes Peter Daszak of the EcoHealth Alliance, Jonna Mazet of UC Davis, Oyewale Tomori of Nigeria, and Edward 'Eddy' Rubin of Metabiota.\"",
            "article URL": "https://disinformationchronicle.substack.com/p/virome-violation-in-pursuing-science"
        },
        {
            "sourceId": "M7NDMWWEWTM5I",
            "targetId": "M7UDX5VE61VSG",
            "Article Text": "\"Since 2014, Metabiota has been a partner of EcoHealth Alliance as part of the U.S. Agency for International Development’s (USAID) “PREDICT” project, which seeks to “predict and prevent global emerging disease threats.”\"",
            "Relationship Date": "2014",
            "article URL": "https://thenationalpulse.com/archive-post/hunter-biden-invested-in-ecohealth-wuhan-partner/",
            "Modifier Relationship": "As part of"
        },
        {
            "sourceId": "M7NDMWWHXHHX6",
            "targetId": "M7UDX5VE61VSG",
            "Article Text": "\"Without USAID’s funding, the relationship between EHA, the WIV, and UNC would not have occurred\"",
            "article URL": "https://www.amazon.com/Truth-about-Wuhan-Uncovered-Biggest/dp/1510773886/ref=sr_1_1?sr=80",
            "Modifier Relationship": "As a result of"
        },
        {
            "sourceId": "M7NDMWVJY4A78",
            "targetId": "M7NDMWVPGS4S6",
            "Article Title": "Metabiota Pulls In $30M In Funding To Help Predict The Global Spread Of Disease",
            "Relationship Summary": "Metabiota works with WHO on disease outbreaks",
            "Article Text": "\"Government organizations and NGOs such as the World Health Organization and the Centers for Disease Control have traditionally gathered information on the ground about outbreaks and then tried to work with various governments on a plan of action.\"",
            "Relationship Date": "05/20/15",
            "article URL": "https://techcrunch.com/2015/05/20/metabiota-pulls-in-30-million-in-funding-to-help-predict-the-global-spread-of-disease/"
        },
        {
            "sourceId": "M7NDMWVJY4A78",
            "targetId": "M7NDMWVJY4A78",
            "Article Title": "Metabiota Pulls In $30M In Funding To Help Predict The Global Spread Of Disease",
            "Relationship Summary": "Metabiota works with WHO on disease outbreaks",
            "Article Text": "\"Government organizations and NGOs such as the World Health Organization and the Centers for Disease Control have traditionally gathered information on the ground about outbreaks and then tried to work with various governments on a plan of action.\"",
            "Relationship Date": "05/20/15",
            "article URL": "https://techcrunch.com/2015/05/20/metabiota-pulls-in-30-million-in-funding-to-help-predict-the-global-spread-of-disease/"
        },
        {
            "sourceId": "M7NDMWVJY4A78",
            "targetId": "M7NDMWW1WAH1G",
            "Relationship Summary": "Metabiota was involved with biolabs in Ukraine",
            "Article Text": "\"Nathan Wolfe, the CEO of Metabiota, has connections to the NIH, Biolabs in Ukraine and Hunter Biden.\"",
            "article URL": "https://www.thegatewaypundit.com/2022/03/exclusive-ceo-metabiota-nathan-wolfe-connected-hunter-biden-nih-cdc-world-economic-forum/"
        },
        {
            "sourceId": "M7NDMWVJY4A78",
            "targetId": "M7NDMWVJY4A78",
            "Relationship Summary": "Metabiota was involved with biolabs in Ukraine",
            "Article Text": "\"Nathan Wolfe, the CEO of Metabiota, has connections to the NIH, Biolabs in Ukraine and Hunter Biden.\"",
            "article URL": "https://www.thegatewaypundit.com/2022/03/exclusive-ceo-metabiota-nathan-wolfe-connected-hunter-biden-nih-cdc-world-economic-forum/"
        },
        {
            "sourceId": "M7NDMWVJY4A78",
            "targetId": "M7NDMWVSRIVD2",
            "Article Title": "The Truth about Wuhan: How I Uncovered the Biggest Lie in History",
            "Relationship Summary": "Metabiota was a co-leading subcontractor on PREDICT",
            "Article Text": "\"and EcoHealth Alliance and Metabiota were co-leading sub-contractors.\"",
            "Relationship Date": "2014-2016",
            "article URL": "https://www.amazon.com/Truth-about-Wuhan-Uncovered-Biggest/dp/1510773886/ref=sr_1_1?sr=84"
        },
        {
            "sourceId": "M7NDMWVJY4A78",
            "targetId": "M7UDX5VE61VSG",
            "Article Title": "The Truth about Wuhan: How I Uncovered the Biggest Lie in History",
            "Article Text": "\"and EcoHealth Alliance and Metabiota were co-leading sub-contractors.\"",
            "Relationship Date": "2014-2016",
            "article URL": "https://www.amazon.com/Truth-about-Wuhan-Uncovered-Biggest/dp/1510773886/ref=sr_1_1?sr=84",
            "Modifier Relationship": "As a result of"
        },
        {
            "sourceId": "M7NDMWVJY4A78",
            "targetId": "M7NDMWVJY4A78",
            "Article Title": "The Truth about Wuhan: How I Uncovered the Biggest Lie in History",
            "Relationship Summary": "Metabiota was a co-leading subcontractor on PREDICT",
            "Article Text": "\"and EcoHealth Alliance and Metabiota were co-leading sub-contractors.\"",
            "Relationship Date": "2014-2016",
            "article URL": "https://www.amazon.com/Truth-about-Wuhan-Uncovered-Biggest/dp/1510773886/ref=sr_1_1?sr=84"
        },
        {
            "sourceId": "M7NDMWVJ95DOK",
            "targetId": "M7NDMWVJY4A78",
            "Article Title": "Hunter Biden's old emails linked to Ukraine labs",
            "Article Text": "\"Hunter Biden introduced Metabiota to officials at Burisma, the Ukrainian gas company where he was a highly paid board member, for a 'science project' involving biolabs in Ukraine, according to the emails.\"",
            "Relationship Date": "03/29/22",
            "article URL": "https://global.chinadaily.com.cn/a/202203/29/WS62426127a310fd2b29e53d95.html",
            "Modifier Relationship": "introduced"
        },
        {
            "sourceId": "M7NDMWVJ95DOK",
            "targetId": "M7NDMWVJ95DOK",
            "Article Title": "Hunter Biden's old emails linked to Ukraine labs",
            "Relationship Summary": "Hunter Biden served as a board member of Burisma",
            "Article Text": "\"Hunter Biden introduced Metabiota to officials at Burisma, the Ukrainian gas company where he was a highly paid board member, for a 'science project' involving biolabs in Ukraine, according to the emails.\"",
            "Relationship Date": "03/29/22",
            "article URL": "https://global.chinadaily.com.cn/a/202203/29/WS62426127a310fd2b29e53d95.html"
        },
        {
            "sourceId": "M7NDMWVPZU8G5",
            "targetId": "M7NDMWVPZU8G5",
            "Article Title": "Metabiota Pulls In $30M In Funding To Help Predict The Global Spread Of Disease",
            "Article Text": "\"Metabiota technology has played a fundamental role in helping the Sierra Leone government stem Ebola outbreaks in the country.\"",
            "Relationship Date": "05/20/15",
            "article URL": "https://techcrunch.com/2015/05/20/metabiota-pulls-in-30-million-in-funding-to-help-predict-the-global-spread-of-disease/",
            "Modifier Relationship": "in response to"
        },
        {
            "sourceId": "M7NDMWVJY4A78",
            "targetId": "M7NDMWVPZU8G5",
            "Article Title": "Metabiota Pulls In $30M In Funding To Help Predict The Global Spread Of Disease",
            "Relationship Summary": "Metabiota's technology helped stem Ebola outbreaks",
            "Article Text": "\"Metabiota technology has played a fundamental role in helping the Sierra Leone government stem Ebola outbreaks in the country.\"",
            "Relationship Date": "05/20/15",
            "article URL": "https://techcrunch.com/2015/05/20/metabiota-pulls-in-30-million-in-funding-to-help-predict-the-global-spread-of-disease/"
        },
        {
            "sourceId": "M7NDMWVSS1NI7",
            "targetId": "M7NDMWVSS1NI7",
            "Article Title": "American Company Metabiota Faces Problems During Ebola Outbreak",
            "Relationship Summary": "Metabiota worked with the Department of Defense",
            "Article Text": "\"Metabiota had a partnership with the Department of Defense for research into biological threats.\"",
            "Relationship Date": "2014",
            "article URL": "https://www.cbsnews.com/news/american-company-metabiota-problems-during-ebola-outbreak/"
        },
        {
            "sourceId": "M7NDMWVJY4A78",
            "targetId": "M7NDMWVSS1NI7",
            "Article Title": "American Company Metabiota Faces Problems During Ebola Outbreak",
            "Relationship Summary": "Metabiota worked with the Department of Defense",
            "Article Text": "\"Metabiota had a partnership with the Department of Defense for research into biological threats.\"",
            "Relationship Date": "2014",
            "article URL": "https://www.cbsnews.com/news/american-company-metabiota-problems-during-ebola-outbreak/"
        },
        {
            "sourceId": "M7W6R1ONG20VY",
            "targetId": "M7UDX5VFQ2TTB",
            "Article Title": "Our History - Global Virome Project",
            "Relationship Summary": "George Gao participated in the forum",
            "Article Text": "\"2016 GVP Bellagio Forum Attendees George Gao\"",
            "Relationship Date": "2016",
            "article URL": "https://web.archive.org/web/20200718034514/http://www.globalviromeproject.org/our-history"
        },
        {
            "sourceId": "M7W6R1ONG20VY",
            "targetId": "M7W6R1ONG20VY",
            "Article Title": "Our History - Global Virome Project",
            "Relationship Summary": "George Gao participated in the forum",
            "Article Text": "\"2016 GVP Bellagio Forum Attendees George Gao\"",
            "Relationship Date": "2016",
            "article URL": "https://web.archive.org/web/20200718034514/http://www.globalviromeproject.org/our-history"
        },
        {
            "sourceId": "M7W6R1ONG20VY",
            "targetId": "M7NDMWVU55633",
            "Article Title": "The Global Virome Project",
            "Article Text": "\"George Gao,f ... The Global Virome Project\"",
            "Modifier Relationship": "Affiliated with"
        },
        {
            "sourceId": "M7W6R1ONG20VY",
            "targetId": "M7W6R1ONG20VY",
            "Article Title": "The Global Virome Project",
            "Relationship Summary": "George Gao contributes to The Global Virome Project",
            "Article Text": "\"George Gao,f ... The Global Virome Project\""
        },
        {
            "sourceId": "M7NDMWVTKA53J",
            "targetId": "M7NDMWVTKA53J",
            "Article Title": "bidens-usaid-launches-project-to-find-novel-viruses",
            "Relationship Summary": "Wuhan Institute of Virology is believed by many to be the source of COVID-19.",
            "Article Text": "\"Many experts believe this Chinese Communist Party-run lab is the source of COVID-19.\"",
            "Relationship Date": "02/06/25",
            "article URL": "https://thenationalpulse.com/archive-post/bidens-usaid-launches-project-to-find-novel-viruses/"
        },
        {
            "sourceId": "M7NDMWVKX7AQ8",
            "targetId": "M7NDMWVTKA53J",
            "Article Title": "bidens-usaid-launches-project-to-find-novel-viruses",
            "Relationship Summary": "Wuhan Institute of Virology is believed by many to be the source of COVID-19.",
            "Article Text": "\"Many experts believe this Chinese Communist Party-run lab is the source of COVID-19.\"",
            "Relationship Date": "02/06/25",
            "article URL": "https://thenationalpulse.com/archive-post/bidens-usaid-launches-project-to-find-novel-viruses/"
        },
        {
            "sourceId": "M7NDMWVKNXWVY",
            "targetId": "M7NDMWVKO7A4T",
            "Article Summary": "Mentions collaboration between American and Chinese scientists on virus research.",
            "Article Title": "The Lab-Leak Hypothesis",
            "Article URL": "https://nymag.com/intelligencer/article/coronavirus-lab-escape-theory.html"
        },
        {
            "sourceId": "M7NDMWWHFCLVA",
            "targetId": "M7NDMWVKNXWVY",
            "Relationship Summary": "EcoHealth Alliance used Ralph Baric's work",
            "Article Text": "\"EcoHealth Alliance then used Dr. Baric’s work for testing experimental vaccines, treatments, and therapeutics\"",
            "article URL": "https://www.amazon.com/Truth-about-Wuhan-Uncovered-Biggest/dp/1510773886/ref=sr_1_1?sr=92"
        },
        {
            "sourceId": "M7NDMWVIZ3WIN",
            "targetId": "M7NDMWWHFCLVA",
            "Relationship Summary": "EcoHealth Alliance used Ralph Baric's work",
            "Article Text": "\"EcoHealth Alliance then used Dr. Baric’s work for testing experimental vaccines, treatments, and therapeutics\"",
            "article URL": "https://www.amazon.com/Truth-about-Wuhan-Uncovered-Biggest/dp/1510773886/ref=sr_1_1?sr=92"
        },
        {
            "sourceId": "M7NDMWWHFCLVA",
            "targetId": "M7NDMWVSRIVD2",
            "Article Text": "\"EcoHealth Alliance then used Dr. Baric’s work for testing experimental vaccines, treatments, and therapeutics\"",
            "article URL": "https://www.amazon.com/Truth-about-Wuhan-Uncovered-Biggest/dp/1510773886/ref=sr_1_1?sr=92",
            "Modifier Relationship": "In response to"
        },
        {
            "sourceId": "M7W6R1ON4J762",
            "targetId": "M7UDX5VFQ2TTB"
        },
        {
            "sourceId": "M7NDMWVZ4M2T6",
            "targetId": "M7NDMWVZ4M2T6",
            "Article Title": "NIH-EcoHealth-Grant-FOIA-April-2023",
            "Relationship Summary": "EHA works with UNC-CH for research",
            "Article Text": "\"We also collaborate with the University of North Carolina at Chapel Hill for parts of our research.\"",
            "Relationship Date": "Unknown",
            "article URL": "https://www.judicialwatch.org/wp-content/uploads/2023/04/NIH-EcoHealth-Grant-FOIA-April-2023-pg-523.pdf"
        },
        {
            "sourceId": "M7NDMWVIZ3WIN",
            "targetId": "M7NDMWVZ4M2T6",
            "Article Title": "NIH-EcoHealth-Grant-FOIA-April-2023",
            "Relationship Summary": "EHA works with UNC-CH for research",
            "Article Text": "\"We also collaborate with the University of North Carolina at Chapel Hill for parts of our research.\"",
            "Relationship Date": "Unknown",
            "article URL": "https://www.judicialwatch.org/wp-content/uploads/2023/04/NIH-EcoHealth-Grant-FOIA-April-2023-pg-523.pdf"
        },
        {
            "sourceId": "M7NDMWVZ4M2T6",
            "targetId": "M7NDMWVIJWSG1",
            "Article Title": "NIH-EcoHealth-Grant-FOIA-April-2023",
            "Article Text": "\"This project is a multi-institutional collaboration led by EcoHealth Alliance, New York (Daszak, PI), which will subcontract funds to three institutions: the Wuhan Institute of Virology (Dr. Shi), the University of North Carolina at Chapel Hill (Dr. Baric), and the Institute of Pathogen Biology (Dr. Ren).\"",
            "Relationship Date": "Unknown",
            "article URL": "https://www.judicialwatch.org/wp-content/uploads/2023/04/NIH-EcoHealth-Grant-FOIA-April-2023-pgs-516-518.pdf",
            "Modifier Relationship": "led by"
        },
        {
            "sourceId": "M7NDMWVZ4M2T6",
            "targetId": "M7NDMWVZ4M2T6",
            "Article Title": "NIH-EcoHealth-Grant-FOIA-April-2023",
            "Relationship Summary": "EHA collaborates with UNC-CH for research",
            "Article Text": "\"This project is a multi-institutional collaboration led by EcoHealth Alliance, New York (Daszak, PI), which will subcontract funds to three institutions: the Wuhan Institute of Virology (Dr. Shi), the University of North Carolina at Chapel Hill (Dr. Baric), and the Institute of Pathogen Biology (Dr. Ren).\"",
            "Relationship Date": "Unknown",
            "article URL": "https://www.judicialwatch.org/wp-content/uploads/2023/04/NIH-EcoHealth-Grant-FOIA-April-2023-pgs-516-518.pdf"
        },
        {
            "sourceId": "M7NDMWVIZ3WIN",
            "targetId": "M7NDMWVZ4M2T6",
            "Article Title": "NIH-EcoHealth-Grant-FOIA-April-2023",
            "Relationship Summary": "EHA collaborates with UNC-CH for research",
            "Article Text": "\"This project is a multi-institutional collaboration led by EcoHealth Alliance, New York (Daszak, PI), which will subcontract funds to three institutions: the Wuhan Institute of Virology (Dr. Shi), the University of North Carolina at Chapel Hill (Dr. Baric), and the Institute of Pathogen Biology (Dr. Ren).\"",
            "Relationship Date": "Unknown",
            "article URL": "https://www.judicialwatch.org/wp-content/uploads/2023/04/NIH-EcoHealth-Grant-FOIA-April-2023-pgs-516-518.pdf"
        },
        {
            "sourceId": "M7NDMWVIJWSG1",
            "targetId": "M7NDMWVPV2NTR",
            "Relationship Summary": "Peter Daszak discussed gain of function work at UNC",
            "Article Text": "\"In 2015 and 2016, Peter Daszak publicly discussed the gain of function work at UNC\"",
            "Relationship Date": "2015-2016",
            "article URL": "https://www.amazon.com/Truth-about-Wuhan-Uncovered-Biggest/dp/1510773886/ref=sr_1_1?sr=89"
        },
        {
            "sourceId": "M7NDMWVIJWSG1",
            "targetId": "M7NDMWVIJWSG1",
            "Relationship Summary": "Peter Daszak discussed gain of function work at UNC",
            "Article Text": "\"In 2015 and 2016, Peter Daszak publicly discussed the gain of function work at UNC\"",
            "Relationship Date": "2015-2016",
            "article URL": "https://www.amazon.com/Truth-about-Wuhan-Uncovered-Biggest/dp/1510773886/ref=sr_1_1?sr=89"
        },
        {
            "sourceId": "M7NDMWVPV2NTR",
            "targetId": "M7NDMWVPV2NTR",
            "Relationship Summary": "Ralph Baric conducted research at UNC",
            "Article Text": "\"In the pitch deck, we proposed ... SARS-CoV-2 gain of function and humanized mice research conducted by Drs. Baric\"",
            "article URL": "https://www.amazon.com/Truth-about-Wuhan-Uncovered-Biggest/dp/1510773886/ref=sr_1_1?sr=93"
        },
        {
            "sourceId": "M7NDMWVPV2NTR",
            "targetId": "M7NDMWVSRIVD2",
            "Article Text": "\"In the pitch deck, we proposed ... SARS-CoV-2 gain of function and humanized mice research conducted by Drs. Baric\"",
            "article URL": "https://www.amazon.com/Truth-about-Wuhan-Uncovered-Biggest/dp/1510773886/ref=sr_1_1?sr=93",
            "Modifier Relationship": "In response to"
        },
        {
            "sourceId": "M7NDMWVKNXWVY",
            "targetId": "M7NDMWVPV2NTR",
            "Relationship Summary": "Ralph Baric conducted research at UNC",
            "Article Text": "\"In the pitch deck, we proposed ... SARS-CoV-2 gain of function and humanized mice research conducted by Drs. Baric\"",
            "article URL": "https://www.amazon.com/Truth-about-Wuhan-Uncovered-Biggest/dp/1510773886/ref=sr_1_1?sr=93"
        },
        {
            "sourceId": "M7NDMWVSRIVD2",
            "targetId": "M7NDMWVSRIVD2",
            "Relationship Summary": "UC Davis was the prime contractor on the PREDICT award",
            "Article Text": "\"During my tenure at EcoHealth Alliance (2014–2016), UC Davis was the prime contractor on the PREDICT award\"",
            "Relationship Date": "2014-2016",
            "article URL": "https://www.amazon.com/Truth-about-Wuhan-Uncovered-Biggest/dp/1510773886/ref=sr_1_1?sr=82"
        },
        {
            "sourceId": "M7NDMWVSRIVD2",
            "targetId": "M7UDX5VE61VSG",
            "Article Text": "\"During my tenure at EcoHealth Alliance (2014–2016), UC Davis was the prime contractor on the PREDICT award\"",
            "Relationship Date": "2014-2016",
            "article URL": "https://www.amazon.com/Truth-about-Wuhan-Uncovered-Biggest/dp/1510773886/ref=sr_1_1?sr=82",
            "Modifier Relationship": "As a result of"
        },
        {
            "sourceId": "M7NDNMI3I5S70",
            "targetId": "M7NDMWVSRIVD2",
            "Article URL": "https://s3.documentcloud.org/documents/21055989/understanding-risk-bat-coronavirus-emergence-grant-notice.pdf",
            "Relationship Summary": "Led PREDICT project",
            "Article Text": "Completed Research Support USAID EPT PREDICT-1 Mazet (PI) 10/01/09-09/30/14 Modeling hotspots for disease emergence and conducting surveillance in wildlife in hotspots for new emerging zoonoses Role: Program Coordinator",
            "Relationship": "Principal Investigator",
            "Date": "2009-2014"
        },
        {
            "sourceId": "M7NDMWVJ9ILLE",
            "targetId": "M7NDNMI3I5S70",
            "Article URL": "https://s3.documentcloud.org/documents/21055989/understanding-risk-bat-coronavirus-emergence-grant-notice.pdf",
            "Relationship Summary": "Led PREDICT project",
            "Article Text": "Completed Research Support USAID EPT PREDICT-1 Mazet (PI) 10/01/09-09/30/14 Modeling hotspots for disease emergence and conducting surveillance in wildlife in hotspots for new emerging zoonoses Role: Program Coordinator",
            "Relationship": "Principal Investigator",
            "Date": "2009-2014"
        },
        {
            "sourceId": "M7NDNMI3I5S70",
            "targetId": "M7NDMWVMWJBSA",
            "Article Title": "Double-dipping ex-USAID pandemic official sent taxpayer money to his own virus-hunting group",
            "Relationship Summary": "Dennis Carroll played a crucial role in founding the Global Virome Project while at USAID.",
            "Article Text": "\"As part of its investigation of 'potentially dangerous viral research funded through taxpayer dollars,' public health watchdog U.S. Right to Know (USRTK) posted documents obtained through federal and California public records laws suggesting that Carroll played a crucial role in the private Global Virome Project (GVP) while he was on USAID's payroll.\"",
            "article URL": "https://justthenews.com/government/federal-agencies/double-dipping-ex-usaid-pandemic-official-sent-taxpayer-money-his"
        },
        {
            "sourceId": "M7NDNMI3I5S70",
            "targetId": "M7UDX5VE61VSG",
            "Article Title": "Double-dipping ex-USAID pandemic official sent taxpayer money to his own virus-hunting group",
            "Article Text": "\"As part of its investigation of 'potentially dangerous viral research funded through taxpayer dollars,' public health watchdog U.S. Right to Know (USRTK) posted documents obtained through federal and California public records laws suggesting that Carroll played a crucial role in the private Global Virome Project (GVP) while he was on USAID's payroll.\"",
            "article URL": "https://justthenews.com/government/federal-agencies/double-dipping-ex-usaid-pandemic-official-sent-taxpayer-money-his",
            "Modifier Relationship": "Employed by"
        },
        {
            "sourceId": "M7NDNMI3I5S70",
            "targetId": "M7NDNMI3I5S70",
            "Article Title": "Double-dipping ex-USAID pandemic official sent taxpayer money to his own virus-hunting group",
            "Relationship Summary": "Dennis Carroll played a crucial role in founding the Global Virome Project while at USAID.",
            "Article Text": "\"As part of its investigation of 'potentially dangerous viral research funded through taxpayer dollars,' public health watchdog U.S. Right to Know (USRTK) posted documents obtained through federal and California public records laws suggesting that Carroll played a crucial role in the private Global Virome Project (GVP) while he was on USAID's payroll.\"",
            "article URL": "https://justthenews.com/government/federal-agencies/double-dipping-ex-usaid-pandemic-official-sent-taxpayer-money-his"
        },
        {
            "sourceId": "M7NDNMI3I5S70",
            "targetId": "M7NDMWVMWJBSA",
            "Article Title": "Double-dipping ex-USAID pandemic official sent taxpayer money to his own virus-hunting group",
            "Article Text": "\"The U.S. Agency for International Development paid nearly half a million dollars in salary to the director of its Emerging Pandemic Threats Division while he was setting up a private virus-hunting entity that received USAID funds...\"",
            "article URL": "https://justthenews.com/government/federal-agencies/double-dipping-ex-usaid-pandemic-official-sent-taxpayer-money-his",
            "Modifier Relationship": "Setting up"
        },
        {
            "sourceId": "M7NDNMI3I5S70",
            "targetId": "M7UDX5VE61VSG",
            "Article Title": "Double-dipping ex-USAID pandemic official sent taxpayer money to his own virus-hunting group",
            "Relationship Summary": "Dennis Carroll directed the Emerging Pandemic Threats Division at USAID.",
            "Article Text": "\"The U.S. Agency for International Development paid nearly half a million dollars in salary to the director of its Emerging Pandemic Threats Division while he was setting up a private virus-hunting entity that received USAID funds...\"",
            "article URL": "https://justthenews.com/government/federal-agencies/double-dipping-ex-usaid-pandemic-official-sent-taxpayer-money-his"
        },
        {
            "sourceId": "M7NDNMI3I5S70",
            "targetId": "M7NDNMI3I5S70",
            "Article Title": "Double-dipping ex-USAID pandemic official sent taxpayer money to his own virus-hunting group",
            "Relationship Summary": "Dennis Carroll directed the Emerging Pandemic Threats Division at USAID.",
            "Article Text": "\"The U.S. Agency for International Development paid nearly half a million dollars in salary to the director of its Emerging Pandemic Threats Division while he was setting up a private virus-hunting entity that received USAID funds...\"",
            "article URL": "https://justthenews.com/government/federal-agencies/double-dipping-ex-usaid-pandemic-official-sent-taxpayer-money-his"
        },
        {
            "sourceId": "M7NDMWVJ9ILLE",
            "targetId": "M7UDX5VE61VSG",
            "Article Title": "Leadership - Global Virome Project",
            "Relationship Summary": "Jonna Mazet co-directs USAID’s One Health Workforce",
            "Article Text": "\"Currently, Jonna is the Co-Director of the US Agency for International Development’s One Health Workforce – Next Generation, an $85 million educational strengthening project to empower professionals in Central/East Africa and Southeast Asia to address complex and emerging health threats.\"",
            "article URL": "https://web.archive.org/web/20200713124729/http://www.globalviromeproject.org/who-we-are/leadership/jonna-mazet"
        },
        {
            "sourceId": "M7NDMWVJ9ILLE",
            "targetId": "M7NDMWVJ9ILLE",
            "Article Title": "Leadership - Global Virome Project",
            "Relationship Summary": "Jonna Mazet co-directs USAID’s One Health Workforce",
            "Article Text": "\"Currently, Jonna is the Co-Director of the US Agency for International Development’s One Health Workforce – Next Generation, an $85 million educational strengthening project to empower professionals in Central/East Africa and Southeast Asia to address complex and emerging health threats.\"",
            "article URL": "https://web.archive.org/web/20200713124729/http://www.globalviromeproject.org/who-we-are/leadership/jonna-mazet"
        },
        {
            "sourceId": "M7W6R1ONW7UTQ",
            "targetId": "M7W6R1ONW7UTQ",
            "Article Title": "Gavi, the Vaccine Alliance",
            "Relationship Summary": "USAID participated in a Gavi-related convening at Bellagio hosted by The Rockefeller Foundation",
            "Article Text": "\"The Rockefeller Foundation’s Bellagio Center continues to serve as a venue for meetings organized by UN agencies, international NGOs, national development agencies such as the US Agency for International Development (USAID) or the UK Department for International Development, as well as universities from around the world.\"",
            "article URL": "https://www.rockefellerfoundation.org/bellagio-bulletin/from-the-archives/gavi-the-vaccine-alliance/"
        },
        {
            "sourceId": "M7UDX5VE61VSG",
            "targetId": "M7W6R1ONW7UTQ",
            "Article Title": "Gavi, the Vaccine Alliance",
            "Relationship Summary": "USAID participated in a Gavi-related convening at Bellagio hosted by The Rockefeller Foundation",
            "Article Text": "\"The Rockefeller Foundation’s Bellagio Center continues to serve as a venue for meetings organized by UN agencies, international NGOs, national development agencies such as the US Agency for International Development (USAID) or the UK Department for International Development, as well as universities from around the world.\"",
            "article URL": "https://www.rockefellerfoundation.org/bellagio-bulletin/from-the-archives/gavi-the-vaccine-alliance/"
        },
        {
            "sourceId": "M7NDMWVSRIVD2",
            "targetId": "M7NDNMI3I5S70",
            "Relationship Summary": "Dennis Carroll created PREDICT",
            "Article Text": "\"In 2009, Dennis Carroll, a former USAID director of the emerging threats division who had led the United States’ response to Avian influenza (H5N1) in 2005, would go on to create PREDICT\"",
            "Relationship Date": "2009",
            "article URL": "https://www.amazon.com/Truth-about-Wuhan-Uncovered-Biggest/dp/1510773886/ref=sr_1_1?sr=80"
        },
        {
            "sourceId": "M7NDMWVSRIVD2",
            "targetId": "M7UDX5VE61VSG",
            "Relationship Summary": "Dennis Carroll created PREDICT",
            "Article Text": "\"In 2009, Dennis Carroll, a former USAID director of the emerging threats division who had led the United States’ response to Avian influenza (H5N1) in 2005, would go on to create PREDICT\"",
            "Relationship Date": "2009",
            "article URL": "https://www.amazon.com/Truth-about-Wuhan-Uncovered-Biggest/dp/1510773886/ref=sr_1_1?sr=80"
        },
        {
            "sourceId": "M7NDMWVIJWSG1",
            "targetId": "M7NDMWVIZ3WIN",
            "Article Title": "Virome Violation: In Pursuing Science, USAID Official May Have Violated Law",
            "Article Text": "\"Global Virome Project’s list of board members includes Peter Daszak of the EcoHealth Alliance, Jonna Mazet of UC Davis, Oyewale Tomori of Nigeria, and Edward 'Eddy' Rubin of Metabiota.\"",
            "article URL": "https://disinformationchronicle.substack.com/p/virome-violation-in-pursuing-science",
            "Modifier Relationship": "Employed by"
        },
        {
            "sourceId": "M7NDMWVIJWSG1",
            "targetId": "M7NDMWVIJWSG1",
            "Article Title": "Virome Violation: In Pursuing Science, USAID Official May Have Violated Law",
            "Relationship Summary": "The Global Virome Project included Peter Daszak as a board member.",
            "Article Text": "\"Global Virome Project’s list of board members includes Peter Daszak of the EcoHealth Alliance, Jonna Mazet of UC Davis, Oyewale Tomori of Nigeria, and Edward 'Eddy' Rubin of Metabiota.\"",
            "article URL": "https://disinformationchronicle.substack.com/p/virome-violation-in-pursuing-science"
        },
        {
            "sourceId": "M7NDMWVMWJBSA",
            "targetId": "M7NDMWVIJWSG1",
            "Article Title": "Virome Violation: In Pursuing Science, USAID Official May Have Violated Law",
            "Relationship Summary": "The Global Virome Project included Peter Daszak as a board member.",
            "Article Text": "\"Global Virome Project’s list of board members includes Peter Daszak of the EcoHealth Alliance, Jonna Mazet of UC Davis, Oyewale Tomori of Nigeria, and Edward 'Eddy' Rubin of Metabiota.\"",
            "article URL": "https://disinformationchronicle.substack.com/p/virome-violation-in-pursuing-science"
        },
        {
            "sourceId": "M7NDMWVJ9ILLE",
            "targetId": "M7NDMWVIJWSG1",
            "Article Title": "The Lab-Leak Hypothesis",
            "Article Text": "\"Baric, Jonna Mazet, and Peter Daszak of EcoHealth worked together for years — and Daszak also routed Predict money to Shi Zhengli’s bat-surveillance team in Wuhan through his nonprofit, mingling it with NIH money and money from the U.S. Defense Threat Reduction Agency.\"",
            "article URL": "https://nymag.com/intelligencer/article/coronavirus-lab-escape-theory.html"
        },
        {
            "sourceId": "M7NDMWVIJWSG1",
            "targetId": "M7NDMWVIJWSG1",
            "Article Title": "The Lab-Leak Hypothesis",
            "Relationship Summary": "Peter Daszak and Jonna Mazet worked together for years",
            "Article Text": "\"Baric, Jonna Mazet, and Peter Daszak of EcoHealth worked together for years — and Daszak also routed Predict money to Shi Zhengli’s bat-surveillance team in Wuhan through his nonprofit, mingling it with NIH money and money from the U.S. Defense Threat Reduction Agency.\"",
            "article URL": "https://nymag.com/intelligencer/article/coronavirus-lab-escape-theory.html"
        },
        {
            "sourceId": "M7NDNMI3I5S70",
            "targetId": "M7UDX5VFQ2TTB",
            "Article Title": "Our History - Global Virome Project",
            "Relationship Summary": "Dennis Carroll participated in the forum",
            "Article Text": "\"2016 GVP Bellagio Forum Attendees Dennis Carroll\"",
            "Relationship Date": "2016",
            "article URL": "https://web.archive.org/web/20200718034514/http://www.globalviromeproject.org/our-history"
        },
        {
            "sourceId": "M7NDNMI3I5S70",
            "targetId": "M7NDNMI3I5S70",
            "Article Title": "Our History - Global Virome Project",
            "Relationship Summary": "Dennis Carroll participated in the forum",
            "Article Text": "\"2016 GVP Bellagio Forum Attendees Dennis Carroll\"",
            "Relationship Date": "2016",
            "article URL": "https://web.archive.org/web/20200718034514/http://www.globalviromeproject.org/our-history"
        },
        {
            "sourceId": "M7NDMWVJ9ILLE",
            "targetId": "M7NDMWVUPS5S2",
            "Relationship Summary": "Jonna Mazet works for UC Davis OHI",
            "Article Text": "\"Jonna Mazet, UC Davis OHI\"",
            "article URL": "https://p2.predict.global/team"
        },
        {
            "sourceId": "M7NDMWVJ9ILLE",
            "targetId": "M7NDMWVJ9ILLE",
            "Relationship Summary": "Jonna Mazet works for UC Davis OHI",
            "Article Text": "\"Jonna Mazet, UC Davis OHI\"",
            "article URL": "https://p2.predict.global/team"
        },
        {
            "sourceId": "M7W6R1ON4J762",
            "targetId": "M7W6R1ON4J762",
            "Article Title": "Gavi, the Vaccine Alliance",
            "Article Text": "\"The Global Alliance for Vaccines and Immunization (now known as Gavi, the Vaccine Alliance) was created at Bellagio in March 1999.\"",
            "Relationship Date": "March 1999",
            "article URL": "https://www.rockefellerfoundation.org/bellagio-bulletin/from-the-archives/gavi-the-vaccine-alliance/",
            "Modifier Relationship": "Hosted"
        },
        {
            "sourceId": "M7W6R1ONW7UTQ",
            "targetId": "M7W6R1ON4J762",
            "Article Title": "Gavi, the Vaccine Alliance",
            "Relationship Summary": "The Rockefeller Foundation created Gavi at Bellagio",
            "Article Text": "\"The Global Alliance for Vaccines and Immunization (now known as Gavi, the Vaccine Alliance) was created at Bellagio in March 1999.\"",
            "Relationship Date": "March 1999",
            "article URL": "https://www.rockefellerfoundation.org/bellagio-bulletin/from-the-archives/gavi-the-vaccine-alliance/"
        },
        {
            "sourceId": "M7UDX5VEAE434",
            "targetId": "M7UDX5VEAE434",
            "Article Title": "Virome Violation: In Pursuing Science, USAID Official May Have Violated Law",
            "Article Text": "\"an assistant at UC Davis emailed a USAID official and asked to fund Metabiota’s Eddy Rubin with PREDICT money so that Rubin could discuss the GVP in China.\"",
            "article URL": "https://disinformationchronicle.substack.com/p/virome-violation-in-pursuing-science",
            "Modifier Relationship": "Asked to fund"
        },
        {
            "sourceId": "M7UDX5VE61VSG",
            "targetId": "M7UDX5VEAE434",
            "Article Title": "Virome Violation: In Pursuing Science, USAID Official May Have Violated Law",
            "Relationship Summary": "USAID was emailed by a UC Davis assistant about funding Eddy Rubin.",
            "Article Text": "\"an assistant at UC Davis emailed a USAID official and asked to fund Metabiota’s Eddy Rubin with PREDICT money so that Rubin could discuss the GVP in China.\"",
            "article URL": "https://disinformationchronicle.substack.com/p/virome-violation-in-pursuing-science"
        },
        {
            "sourceId": "M7UDX5VEAE434",
            "targetId": "M7UDX5VEAE434",
            "Article Title": "Virome Violation: In Pursuing Science, USAID Official May Have Violated Law",
            "Relationship Summary": "Dennis Carroll was emailed by Edward “Eddy” Rubin about a philanthropy opportunity.",
            "Article Text": "\"Rubin emailed Carroll about another opportunity. 'The Science Philanthropy Alliance has several foundation partners and so they are sort of a philanthropy brokerage,'\"",
            "article URL": "https://disinformationchronicle.substack.com/p/virome-violation-in-pursuing-science"
        },
        {
            "sourceId": "M7NDNMI3I5S70",
            "targetId": "M7UDX5VEAE434",
            "Article Title": "Virome Violation: In Pursuing Science, USAID Official May Have Violated Law",
            "Relationship Summary": "Dennis Carroll was emailed by Edward “Eddy” Rubin about a philanthropy opportunity.",
            "Article Text": "\"Rubin emailed Carroll about another opportunity. 'The Science Philanthropy Alliance has several foundation partners and so they are sort of a philanthropy brokerage,'\"",
            "article URL": "https://disinformationchronicle.substack.com/p/virome-violation-in-pursuing-science"
        },
        {
            "sourceId": "M7NDMWVJ9ILLE",
            "targetId": "M7UDX5VFQ2TTB",
            "Article Title": "Our History - Global Virome Project",
            "Relationship Summary": "Jonna Mazet participated in the forum",
            "Article Text": "\"2016 GVP Bellagio Forum Attendees Jonna Mazet\"",
            "Relationship Date": "2016",
            "article URL": "https://web.archive.org/web/20200718034514/http://www.globalviromeproject.org/our-history"
        },
        {
            "sourceId": "M7NDMWVJ9ILLE",
            "targetId": "M7NDMWVJ9ILLE",
            "Article Title": "Our History - Global Virome Project",
            "Relationship Summary": "Jonna Mazet participated in the forum",
            "Article Text": "\"2016 GVP Bellagio Forum Attendees Jonna Mazet\"",
            "Relationship Date": "2016",
            "article URL": "https://web.archive.org/web/20200718034514/http://www.globalviromeproject.org/our-history"
        },
        {
            "sourceId": "M7NDMWVIJWSG1",
            "targetId": "M7UDX5VFQ2TTB",
            "Article Title": "Our History - Global Virome Project",
            "Relationship Summary": "Peter Daszak participated in the forum",
            "Article Text": "\"2016 GVP Bellagio Forum Attendees Peter Daszak\"",
            "Relationship Date": "2016",
            "article URL": "https://web.archive.org/web/20200718034514/http://www.globalviromeproject.org/our-history"
        },
        {
            "sourceId": "M7NDMWVIJWSG1",
            "targetId": "M7NDMWVIJWSG1",
            "Article Title": "Our History - Global Virome Project",
            "Relationship Summary": "Peter Daszak participated in the forum",
            "Article Text": "\"2016 GVP Bellagio Forum Attendees Peter Daszak\"",
            "Relationship Date": "2016",
            "article URL": "https://web.archive.org/web/20200718034514/http://www.globalviromeproject.org/our-history"
        },
        {
            "sourceId": "M7NDMWVIJWSG1",
            "targetId": "M7NDMWVPGS4S6",
            "Action Summary": "United Nations",
            "Article Title": "February 2021",
            "Article URL": "https://dailycaller.com/2021/02/13/world-health-organization-peter-daszak-conflict-of-interest-china-coronavirus/"
        },
        {
            "sourceId": "M7NDMWVIJWSG1",
            "targetId": "M7NDMWVKX7AQ8",
            "Action Summary": "Chinese Academy of Sciences",
            "Article Title": "Pre-2020",
            "Article URL": "https://dailycaller.com/2021/02/13/world-health-organization-peter-daszak-conflict-of-interest-china-coronavirus/"
        },
        {
            "sourceId": "M7NDMWVIJWSG1",
            "targetId": "M7NDMWVMB2GQU",
            "Action Summary": "U.S. Department of Health and Human Services",
            "Article Title": "April 2020",
            "Article URL": "https://dailycaller.com/2021/02/13/world-health-organization-peter-daszak-conflict-of-interest-china-coronavirus/"
        },
        {
            "sourceId": "M7NDMWVIJWSG1",
            "targetId": "M7NDMWVMB2GQU",
            "Action Summary": "U.S. Department of Health and Human Services",
            "Article Title": "Post-April 2020",
            "Article URL": "https://dailycaller.com/2021/02/13/world-health-organization-peter-daszak-conflict-of-interest-china-coronavirus/"
        },
        {
            "sourceId": "M7NDMWVIJWSG1",
            "targetId": "M7NDMWVIJWSG1",
            "Article Title": "December 2019",
            "Article URL": "https://dailycaller.com/2021/02/13/world-health-organization-peter-daszak-conflict-of-interest-china-coronavirus/",
            "Action Text": "The article discusses Peter Daszak's potential conflict of interest in the WHO investigation into the origins of COVID-19 due to his financial and professional ties with the Wuhan Institute of Virology."
        },
        {
            "sourceId": "M7NDMWVIZ3WIN",
            "targetId": "M7NDMWVIJWSG1",
            "Article Title": "December 2019",
            "Article URL": "https://dailycaller.com/2021/02/13/world-health-organization-peter-daszak-conflict-of-interest-china-coronavirus/",
            "Action Text": "The article discusses Peter Daszak's potential conflict of interest in the WHO investigation into the origins of COVID-19 due to his financial and professional ties with the Wuhan Institute of Virology."
        },
        {
            "sourceId": "M7NDMWVIJWSG1",
            "targetId": "M7NDMWVIJWSG1",
            "Article Title": "Early 2020",
            "Article URL": "https://dailycaller.com/2021/02/13/world-health-organization-peter-daszak-conflict-of-interest-china-coronavirus/",
            "Action Text": "The article discusses Peter Daszak's potential conflict of interest in the WHO investigation into the origins of COVID-19 due to his financial and professional ties with the Wuhan Institute of Virology."
        },
        {
            "sourceId": "M7NDMWVIZ3WIN",
            "targetId": "M7NDMWVIJWSG1",
            "Article Title": "Early 2020",
            "Article URL": "https://dailycaller.com/2021/02/13/world-health-organization-peter-daszak-conflict-of-interest-china-coronavirus/",
            "Action Text": "The article discusses Peter Daszak's potential conflict of interest in the WHO investigation into the origins of COVID-19 due to his financial and professional ties with the Wuhan Institute of Virology."
        },
        {
            "sourceId": "M7NDMWVIJWSG1",
            "targetId": "M7NDMWVIJWSG1",
            "Action Summary": "United Nations",
            "Article Title": "February 2021",
            "Article URL": "https://dailycaller.com/2021/02/13/world-health-organization-peter-daszak-conflict-of-interest-china-coronavirus/",
            "Action Text": "The article discusses Peter Daszak's potential conflict of interest in the WHO investigation into the origins of COVID-19 due to his financial and professional ties with the Wuhan Institute of Virology."
        },
        {
            "sourceId": "M7NDMWVIZ3WIN",
            "targetId": "M7NDMWVIJWSG1",
            "Action Summary": "United Nations",
            "Article Title": "February 2021",
            "Article URL": "https://dailycaller.com/2021/02/13/world-health-organization-peter-daszak-conflict-of-interest-china-coronavirus/",
            "Action Text": "The article discusses Peter Daszak's potential conflict of interest in the WHO investigation into the origins of COVID-19 due to his financial and professional ties with the Wuhan Institute of Virology."
        },
        {
            "sourceId": "M7NDMWVIJWSG1",
            "targetId": "M7NDMWVIJWSG1",
            "Action Summary": "U.S. Government",
            "Article Title": "02/10/21",
            "Article URL": "https://dailycaller.com/2021/02/13/world-health-organization-peter-daszak-conflict-of-interest-china-coronavirus/",
            "Action Text": "The article discusses Peter Daszak's potential conflict of interest in the WHO investigation into the origins of COVID-19 due to his financial and professional ties with the Wuhan Institute of Virology."
        },
        {
            "sourceId": "M7NDMWVIZ3WIN",
            "targetId": "M7NDMWVIJWSG1",
            "Action Summary": "U.S. Government",
            "Article Title": "02/10/21",
            "Article URL": "https://dailycaller.com/2021/02/13/world-health-organization-peter-daszak-conflict-of-interest-china-coronavirus/",
            "Action Text": "The article discusses Peter Daszak's potential conflict of interest in the WHO investigation into the origins of COVID-19 due to his financial and professional ties with the Wuhan Institute of Virology."
        },
        {
            "sourceId": "M7NDMWVIJWSG1",
            "targetId": "M7NDMWVIJWSG1",
            "Article Title": "02/10/21",
            "Article URL": "https://dailycaller.com/2021/02/13/world-health-organization-peter-daszak-conflict-of-interest-china-coronavirus/",
            "Action Text": "The article discusses Peter Daszak's potential conflict of interest in the WHO investigation into the origins of COVID-19 due to his financial and professional ties with the Wuhan Institute of Virology."
        },
        {
            "sourceId": "M7NDMWVIZ3WIN",
            "targetId": "M7NDMWVIJWSG1",
            "Article Title": "02/10/21",
            "Article URL": "https://dailycaller.com/2021/02/13/world-health-organization-peter-daszak-conflict-of-interest-china-coronavirus/",
            "Action Text": "The article discusses Peter Daszak's potential conflict of interest in the WHO investigation into the origins of COVID-19 due to his financial and professional ties with the Wuhan Institute of Virology."
        },
        {
            "sourceId": "M7NDMWVIJWSG1",
            "targetId": "M7NDMWVIJWSG1",
            "Action Summary": "Chinese Academy of Sciences",
            "Article Title": "Pre-2020",
            "Article URL": "https://dailycaller.com/2021/02/13/world-health-organization-peter-daszak-conflict-of-interest-china-coronavirus/",
            "Action Text": "The article discusses Peter Daszak's potential conflict of interest in the WHO investigation into the origins of COVID-19 due to his financial and professional ties with the Wuhan Institute of Virology."
        },
        {
            "sourceId": "M7NDMWVIZ3WIN",
            "targetId": "M7NDMWVIJWSG1",
            "Action Summary": "Chinese Academy of Sciences",
            "Article Title": "Pre-2020",
            "Article URL": "https://dailycaller.com/2021/02/13/world-health-organization-peter-daszak-conflict-of-interest-china-coronavirus/",
            "Action Text": "The article discusses Peter Daszak's potential conflict of interest in the WHO investigation into the origins of COVID-19 due to his financial and professional ties with the Wuhan Institute of Virology."
        },
        {
            "sourceId": "M7NDMWVIJWSG1",
            "targetId": "M7NDMWVIJWSG1",
            "Action Summary": "U.S. Department of Health and Human Services",
            "Article Title": "April 2020",
            "Article URL": "https://dailycaller.com/2021/02/13/world-health-organization-peter-daszak-conflict-of-interest-china-coronavirus/",
            "Action Text": "The article discusses Peter Daszak's potential conflict of interest in the WHO investigation into the origins of COVID-19 due to his financial and professional ties with the Wuhan Institute of Virology."
        },
        {
            "sourceId": "M7NDMWVIZ3WIN",
            "targetId": "M7NDMWVIJWSG1",
            "Action Summary": "U.S. Department of Health and Human Services",
            "Article Title": "April 2020",
            "Article URL": "https://dailycaller.com/2021/02/13/world-health-organization-peter-daszak-conflict-of-interest-china-coronavirus/",
            "Action Text": "The article discusses Peter Daszak's potential conflict of interest in the WHO investigation into the origins of COVID-19 due to his financial and professional ties with the Wuhan Institute of Virology."
        },
        {
            "sourceId": "M7NDMWVIJWSG1",
            "targetId": "M7NDMWVIJWSG1",
            "Action Summary": "U.S. Department of Health and Human Services",
            "Article Title": "Post-April 2020",
            "Article URL": "https://dailycaller.com/2021/02/13/world-health-organization-peter-daszak-conflict-of-interest-china-coronavirus/",
            "Action Text": "The article discusses Peter Daszak's potential conflict of interest in the WHO investigation into the origins of COVID-19 due to his financial and professional ties with the Wuhan Institute of Virology."
        },
        {
            "sourceId": "M7NDMWVIZ3WIN",
            "targetId": "M7NDMWVIJWSG1",
            "Action Summary": "U.S. Department of Health and Human Services",
            "Article Title": "Post-April 2020",
            "Article URL": "https://dailycaller.com/2021/02/13/world-health-organization-peter-daszak-conflict-of-interest-china-coronavirus/",
            "Action Text": "The article discusses Peter Daszak's potential conflict of interest in the WHO investigation into the origins of COVID-19 due to his financial and professional ties with the Wuhan Institute of Virology."
        },
        {
            "sourceId": "M7NDMWVIJWSG1",
            "targetId": "M7NDMWVIJWSG1",
            "Action Summary": "Elsevier",
            "Article Title": "February 2020",
            "Article URL": "https://dailycaller.com/2021/02/13/world-health-organization-peter-daszak-conflict-of-interest-china-coronavirus/",
            "Action Text": "The article discusses Peter Daszak's potential conflict of interest in the WHO investigation into the origins of COVID-19 due to his financial and professional ties with the Wuhan Institute of Virology."
        },
        {
            "sourceId": "M7NDMWVIZ3WIN",
            "targetId": "M7NDMWVIJWSG1",
            "Action Summary": "Elsevier",
            "Article Title": "February 2020",
            "Article URL": "https://dailycaller.com/2021/02/13/world-health-organization-peter-daszak-conflict-of-interest-china-coronavirus/",
            "Action Text": "The article discusses Peter Daszak's potential conflict of interest in the WHO investigation into the origins of COVID-19 due to his financial and professional ties with the Wuhan Institute of Virology."
        }
    ]
}
