{
  "nodes": [
    {
      "id": "M7NDMWVI8F3V0",
      "Entity Name": "U.S. Department of State",
      "Article Text": "\"An Office of Population was set up within USAID\"",
      "Relationship Date": "June 2023",
      "Article Title": "Ridiculous,' says Chinese scientist accused of being pandemic's 'patient zero'",
      "article URL": "https://www.thenewatlantis.com/publications/the-population-control-holocaust",
      "Article URL": "https://reschenthaler.house.gov/media/press-releases/reschenthaler-introduces-bill-defund-ecohealth-alliance",
      "Entity Acronym": "Not specified",
      "type": "Entity",
      "name": "U.S. Department of State"
    },
    {
      "id": "M7NDMWVJZO7YD",
      "Entity Name": "White Coat Waste Project",
      "Article URL": "WCW-complaint-to-NIH-EcoHealth-Alliance-March-15-2021.pdf",
      "Entity Acronym": "WCW",
      "type": "Entity",
      "name": "White Coat Waste Project"
    },
    {
      "id": "M7NDMWVL1SHIO",
      "Entity Name": "The Intercept",
      "type": "Entity",
      "name": "The Intercept"
    },
    {
      "id": "M7NDMWVLIAYPT",
      "Entity Name": "Ryan Grim",
      "Article Text": "\"This story was reported by Ryan Grim for The Intercept.\"",
      "Relationship Date": "06/17/23",
      "Article Title": "covid-origin-wuhan-patient-zero",
      "article URL": "https://theintercept.com/2023/06/17/covid-origin-wuhan-patient-zero/",
      "type": "Entity",
      "name": "Ryan Grim"
    },
    {
      "id": "M7NDMWVPJZTGG",
      "Entity Name": "Dr. Andrew Huff",
      "type": "Entity",
      "name": "Dr. Andrew Huff"
    },
    {
      "id": "M7NDMWVTA0YAI",
      "Entity Name": "The Lancet",
      "Article URL": "https://dailycaller.com/2021/02/13/world-health-organization-peter-daszak-conflict-of-interest-china-coronavirus/",
      "Entity Acronym": "Daszak",
      "type": "Entity",
      "name": "The Lancet"
    },
    {
      "id": "M7NDMWVTH6U6P",
      "Entity Name": "GAO",
      "type": "Entity",
      "name": "GAO"
    },
    {
      "id": "M7NDMWVX2VU86",
      "Entity Name": "United Kingdom",
      "type": "Entity",
      "name": "United Kingdom"
    },
    {
      "id": "M7NDMWVYMYGWH",
      "Entity Name": "Coronavirus Scandal",
      "type": "Entity",
      "name": "Coronavirus Scandal"
    },
    {
      "id": "M7NDMWWKDQC4N",
      "Entity Name": "Release of Documents",
      "Article Text": "\"White Coat Waste Project (WCW) has filed a lawsuit against the National Institutes of Health (NIH) to compel the release of documents related to the origins of the COVID-19 virus.\"",
      "Relationship Date": "06/15/23",
      "Article Title": "covid-origin-wcw-investigation-proves-u-s-govt-funded-patient-zero",
      "article URL": "https://blog.whitecoatwaste.org/2023/06/15/covid-origin-wcw-investigation-proves-u-s-govt-funded-patient-zero/",
      "type": "Entity",
      "name": "Release of Documents"
    },
    {
      "id": "M7NDMWWK8J0AJ",
      "Entity Name": "U.S. Taxpayer Money",
      "Article Text": "\"White Coat Waste Project obtained federal accounting records that show U.S. taxpayer money was used to fund research at the Wuhan Institute of Virology.\"",
      "Relationship Date": "06/15/23",
      "Article Title": "covid-origin-wcw-investigation-proves-u-s-govt-funded-patient-zero",
      "article URL": "https://blog.whitecoatwaste.org/2023/06/15/covid-origin-wcw-investigation-proves-u-s-govt-funded-patient-zero/",
      "type": "Entity",
      "name": "U.S. Taxpayer Money"
    },
    {
      "id": "M7NDMWWK95F41",
      "Entity Name": "Evidence of U.S. Funding",
      "Article Text": "\"The release of these FOIA documents by WCW provides concrete evidence of how U.S. funding was directed towards potentially hazardous research in China.\"",
      "Relationship Date": "06/15/23",
      "Article Title": "covid-origin-wcw-investigation-proves-u-s-govt-funded-patient-zero",
      "article URL": "https://blog.whitecoatwaste.org/2023/06/15/covid-origin-wcw-investigation-proves-u-s-govt-funded-patient-zero/",
      "type": "Entity",
      "name": "Evidence of U.S. Funding"
    },
    {
      "id": "M7NDMWWM81DVT",
      "Entity Name": "Activities In Relation To Origins",
      "Article Text": "\"The Intercept has published several reports detailing the activities of EcoHealth Alliance in relation to the origins of SARS-CoV-2.\"",
      "Relationship Date": "12/28/21",
      "Article Title": "covid-pandemic-virus-hunters-ecohealth-alliance-peter-daszak-wuhan",
      "article URL": "https://theintercept.com/2021/12/28/covid-pandemic-virus-hunters-ecohealth-alliance-peter-daszak-wuhan/",
      "type": "Entity",
      "name": "Activities In Relation To Origins"
    },
    {
      "id": "M7NDMWWMPRT5Y",
      "Entity Name": "Grants from USAID and NIAID",
      "Article Text": "\"In FOIA documents, The Intercept found that Ben Hu was the recipient of grants from USAID and NIAID to the tune of about $41 million.\"",
      "Relationship Date": "06/17/23",
      "Article Title": "covid-origin-wuhan-patient-zero",
      "article URL": "https://theintercept.com/2023/06/17/covid-origin-wuhan-patient-zero/",
      "type": "Entity",
      "name": "Grants from USAID and NIAID"
    },
    {
      "id": "M7NDMWWR9M9JI",
      "Entity Name": "The Truth About Wuhan: How I Uncovered the Biggest Lie in History",
      "Article Text": "\"the Wuhan Institute of Virology ..... illegally exported the technology. didn’t have the proper safety controls\"",
      "Relationship Date": "01/04/25",
      "Article Title": "Exclusive — Dr. Andrew Huff: Coronavirus Timeline a ‘Giant Scandal’ to Subvert Trump",
      "article URL": "https://www.breitbart.com/radio/2025/01/04/exclusive-dr-andrew-huff-coronavirus-timeline-giant-scandal-to-subvert-trump/",
      "type": "Entity",
      "name": "The Truth About Wuhan: How I Uncovered the Biggest Lie in History"
    },
    {
      "id": "M7NDMWWCEC02X",
      "Relationship Summary": "White Coat Waste Project is filing of lawsuit against NIH to compel release of documents.",
      "Article Text": "\"White Coat Waste Project (WCW) has filed a lawsuit against the National Institutes of Health (NIH) to compel the release of documents related to the origins of the COVID-19 virus.\"",
      "Relationship NAME": "To Compel",
      "Relationship Date": "06/15/23",
      "article URL": "https://blog.whitecoatwaste.org/2023/06/15/covid-origin-wcw-investigation-proves-u-s-govt-funded-patient-zero/",
      "Tag": "Virology",
      "type": "Relationship",
      "name": "White Coat Waste Project is filing of lawsuit against NIH to compel release of documents."
    },
    {
      "id": "M7NDMWWCVBNLT",
      "Relationship Summary": "White Coat Waste Project achieved obtainment of federal accounting records, showing U.S. taxpayer money.",
      "Article Text": "\"White Coat Waste Project obtained federal accounting records that show U.S. taxpayer money was used to fund research at the Wuhan Institute of Virology.\"",
      "Relationship NAME": "Showing",
      "Relationship Date": "06/15/23",
      "article URL": "https://blog.whitecoatwaste.org/2023/06/15/covid-origin-wcw-investigation-proves-u-s-govt-funded-patient-zero/",
      "Tag": "Virology",
      "type": "Relationship",
      "name": "White Coat Waste Project achieved obtainment of federal accounting records, showing U.S. taxpayer money."
    },
    {
      "id": "M7NDMWWC23Y1G",
      "Relationship Summary": "White Coat Waste Project facilitated the release of FOIA documents, providing evidence of U.S. funding in China.",
      "Article Text": "\"The release of these FOIA documents by WCW provides concrete evidence of how U.S. funding was directed towards potentially hazardous research in China.\"",
      "Relationship NAME": "Providing",
      "Relationship Date": "06/15/23",
      "article URL": "https://blog.whitecoatwaste.org/2023/06/15/covid-origin-wcw-investigation-proves-u-s-govt-funded-patient-zero/",
      "Tag": "Virology",
      "type": "Relationship",
      "name": "White Coat Waste Project facilitated the release of FOIA documents, providing evidence of U.S. funding in China."
    },
    {
      "id": "M7NDMWWEYYDR3",
      "Relationship Summary": "The Intercept has been reporting on EcoHealth Alliance, detailing activities in relation to origins.",
      "Article Text": "\"The Intercept has published several reports detailing the activities of EcoHealth Alliance in relation to the origins of SARS-CoV-2.\"",
      "Relationship NAME": "Detailing",
      "Relationship Date": "12/28/21",
      "article URL": "https://theintercept.com/2021/12/28/covid-pandemic-virus-hunters-ecohealth-alliance-peter-daszak-wuhan/",
      "Tag": "Virology",
      "type": "Relationship",
      "name": "The Intercept has been reporting on EcoHealth Alliance, detailing activities in relation to origins."
    },
    {
      "id": "M7NDMWWEKM0BZ",
      "Relationship Summary": "Ryan Grim's publication by The Intercept was reported by Ryan Grim.",
      "Article Text": "\"This story was reported by Ryan Grim for The Intercept.\"",
      "Relationship NAME": "reported by",
      "Relationship Date": "06/17/23",
      "article URL": "https://theintercept.com/2023/06/17/covid-origin-wuhan-patient-zero/",
      "Tag": "Virology",
      "type": "Relationship",
      "name": "Ryan Grim's publication by The Intercept was reported by Ryan Grim."
    },
    {
      "id": "M7NDMWWEU8CY1",
      "Relationship Summary": "The Intercept published FOIA documents found grants from USAID and NIAID.",
      "Article Text": "\"In FOIA documents, The Intercept found that Ben Hu was the recipient of grants from USAID and NIAID to the tune of about $41 million.\"",
      "Relationship NAME": "found",
      "Relationship Date": "06/17/23",
      "article URL": "https://theintercept.com/2023/06/17/covid-origin-wuhan-patient-zero/",
      "Tag": "Virology",
      "type": "Relationship",
      "name": "The Intercept published FOIA documents found grants from USAID and NIAID."
    },
    {
      "id": "M7NDMWWEYNFRL",
      "Relationship Summary": "Freedom of Information Act was utilized for FOIA documents found grants from USAID and NIAID.",
      "Article Text": "\"In FOIA documents, The Intercept found that Ben Hu was the recipient of grants from USAID and NIAID to the tune of about $41 million.\"",
      "Relationship NAME": "found",
      "Relationship Date": "06/17/23",
      "article URL": "https://theintercept.com/2023/06/17/covid-origin-wuhan-patient-zero/",
      "Tag": "Virology",
      "type": "Relationship",
      "name": "Freedom of Information Act was utilized for FOIA documents found grants from USAID and NIAID."
    },
    {
      "id": "M7NDMWWH8SQI4",
      "Relationship Summary": "Dr. Huff claims technology was illegally exported to China",
      "Article Text": "\"Covid technology illegally exported to the Chinese.\"",
      "Relationship NAME": "author of",
      "Relationship Date": "01/04/25",
      "article URL": "https://www.breitbart.com/radio/2025/01/04/exclusive-dr-andrew-huff-coronavirus-timeline-giant-scandal-to-subvert-trump/",
      "Tag": "Virology",
      "type": "Relationship",
      "name": "Dr. Huff claims technology was illegally exported to China"
    },
    {
      "id": "M7NDMWWHT5QNH",
      "Relationship Summary": "Dr. Huff describes the scandal as aimed at subverting Trump",
      "Article Text": "\"So what we really have here is a giant scandal to subvert the President of the United States at the time: Donald Trump,\" Huff said.",
      "Relationship NAME": "author of",
      "Relationship Date": "01/04/25",
      "article URL": "https://www.breitbart.com/radio/2025/01/04/exclusive-dr-andrew-huff-coronavirus-timeline-giant-scandal-to-subvert-trump/",
      "Tag": "Virology",
      "type": "Relationship",
      "name": "Dr. Huff describes the scandal as aimed at subverting Trump"
    },
    {
      "id": "M7NDMWWI8EH79",
      "Relationship Summary": "Judicial Watch sues the Department of State for records",
      "Article Text": "\"Judicial Watch announced today that it filed a Freedom of Information Act (FOIA) lawsuit against the Department of State...\"",
      "Relationship NAME": "in response to",
      "Relationship Date": "02/09/25",
      "article URL": "https://www.judicialwatch.org/judicial-watch-sues-state-department-usaid-records-funding-political-activities-george-soros-open-society-foundation-macedonia/",
      "Tag": "Virology",
      "type": "Relationship",
      "name": "Judicial Watch sues the Department of State for records"
    },
    {
      "id": "M7NDMWWKS65MY",
      "Relationship Summary": "WCW co-authored report on Stevens Amendment violations by NIH grantees",
      "Article Text": "\"A report co-authored by WCW found widespread violations of the Stevens Amendment by NIH grant-receiving institutions performing wasteful animal experiments.\"",
      "Relationship Date": "03/15/21",
      "article URL": "https://blog.whitecoatwaste.org/wp-content/uploads/2021/03/WCW-complaint-to-NIH-EcoHealth-Alliance-March-15-2021.pdf",
      "Tag": "Virology",
      "type": "Relationship",
      "name": "WCW co-authored report on Stevens Amendment violations by NIH grantees"
    },
    {
      "id": "M7NDNMIDCRMYO",
      "Relationship Summary": "Judicial Watch files a lawsuit against USAID for disclosures",
      "Article Text": "\"Judicial Watch, Inc. v. U.S. Department of State, USAID, Case 1:17-cv-00729, Document 1, Filed 04/19/17.\"",
      "Relationship NAME": "Sues",
      "Relationship Date": "April 2017",
      "article URL": "https://www.judicialwatch.org/wp-content/uploads/2017/04/JW-v-State-USAID-complaint-00729.pdf",
      "type": "Relationship",
      "Entity 2 Name": "Judicial Watch",
      "name": "Judicial Watch files a lawsuit against USAID for disclosures"
    },
    {
      "id": "M7NDOJRPB83LP",
      "Action Text": "The article discusses Peter Daszak's potential conflict of interest in the WHO investigation into the origins of COVID-19 due to his financial and professional ties with the Wuhan Institute of Virology.",
      "Article Title": "December 2019",
      "Article URL": "https://dailycaller.com/2021/02/13/world-health-organization-peter-daszak-conflict-of-interest-china-coronavirus/",
      "type": "Action",
      "name": "Unknown"
    },
    {
      "id": "M7NDOJRPWJBO0",
      "Action Summary": "WCW investigates NIH's spending on what it considers ineffective and inhumane animal experiments.",
      "Action Text": "White Coat Waste Project spends every day investigating what the heck the National Institutes of Health (NIH) does with the $15 billion annually that it wastes on ineffective, stupid and often inhumane animal experiments.",
      "Article Title": "Sen. Ernst: NIH spent $1.3M to study cats' musical preferences — White Coat Waste Project",
      "Article URL": "https://blog.whitecoatwaste.org/wp-content/uploads/2021/03/WCW-complaint-to-NIH-EcoHealth-Alliance-March-15-2021.pdf",
      "type": "Action",
      "name": "WCW investigates NIH's spending on what it considers ineffective and inhumane animal experiments."
    },
    {
      "id": "M7NDTK1U00U7Y",
      "Process Summary": "Request for NIH to investigate transparency violations by EcoHealth Alliance",
      "Article Text": "On behalf of White Coat Waste Project (WCW) and its more than 3 million members and supporters, I am writing to request an investigation into widespread violations of federal spending transparency law by EcoHealth Alliance (EHA) related to its dangerous National Institutes of Health (NIH)-funded coronavirus animal experiments conducted in cooperation with the Wuhan Institute of Virology (WIV).",
      "Process Target": "Transparency in NIH funding for EHA's projects",
      "Process Result": "Investigation initiated by NIH (implied action)",
      "Process Date": "03/15/21",
      "Article URL": "WCW-complaint-to-NIH-EcoHealth-Alliance-March-15-2021.pdf",
      "type": "Result",
      "name": "Request for NIH to investigate transparency violations by EcoHealth Alliance"
    },
    {
      "id": "M7NDTK1U7ZPIU",
      "Process Summary": "WCW urged NIH to investigate EHA's transparency violations",
      "Article Text": "We urge you to investigate the federal transparency violations documented in this letter and hold EHA accountable for its repeated failure to properly disclose taxpayer funding for dangerous coronavirus experiments conducted in conjunction with WIV.",
      "Process Target": "Accountability for transparency violations by EHA",
      "Process Result": "Urging action towards investigation",
      "Process Date": "03/15/21",
      "Article URL": "WCW-complaint-to-NIH-EcoHealth-Alliance-March-15-2021.pdf",
      "type": "Result",
      "name": "WCW urged NIH to investigate EHA's transparency violations"
    },
    {
      "id": "M7NDTK1U94D29",
      "Process Summary": "WCW requested NIH to permanently disqualify EHA from receiving taxpayer funding",
      "Article Text": "We also request that the NIH permanently disqualify EHA from receiving taxpayer funding.",
      "Process Target": "Prevent future funding to EHA due to transparency issues",
      "Process Result": "Request made, outcome not stated in this document",
      "Process Date": "03/15/21",
      "Article URL": "WCW-complaint-to-NIH-EcoHealth-Alliance-March-15-2021.pdf",
      "type": "Result",
      "name": "WCW requested NIH to permanently disqualify EHA from receiving taxpayer funding"
    },
    {
      "id": "M7NDTK1TNBG3Q",
      "Process Category": "Investigation Request",
      "Process": "Requested investigation",
      "Process Summary": "Request for NIH to investigate transparency violations by EcoHealth Alliance",
      "Article Text": "On behalf of White Coat Waste Project (WCW) and its more than 3 million members and supporters, I am writing to request an investigation into widespread violations of federal spending transparency law by EcoHealth Alliance (EHA) related to its dangerous National Institutes of Health (NIH)-funded coronavirus animal experiments conducted in cooperation with the Wuhan Institute of Virology (WIV).",
      "Process Date": "03/15/21",
      "Article URL": "WCW-complaint-to-NIH-EcoHealth-Alliance-March-15-2021.pdf",
      "type": "Process",
      "name": "Request for NIH to investigate transparency violations by EcoHealth Alliance"
    },
    {
      "id": "M7NDTK1TD76TJ",
      "Process Category": "Urging Action",
      "Process": "Urged investigation",
      "Process Summary": "WCW urged NIH to investigate EHA's transparency violations",
      "Article Text": "We urge you to investigate the federal transparency violations documented in this letter and hold EHA accountable for its repeated failure to properly disclose taxpayer funding for dangerous coronavirus experiments conducted in conjunction with WIV.",
      "Process Date": "03/15/21",
      "Article URL": "WCW-complaint-to-NIH-EcoHealth-Alliance-March-15-2021.pdf",
      "type": "Process",
      "name": "WCW urged NIH to investigate EHA's transparency violations"
    },
    {
      "id": "M7NDTK1TKOD1Q",
      "Process Category": "Request for Action",
      "Process": "Requested disqualification",
      "Process Summary": "WCW requested NIH to permanently disqualify EHA from receiving taxpayer funding",
      "Article Text": "We also request that the NIH permanently disqualify EHA from receiving taxpayer funding.",
      "Process Date": "03/15/21",
      "Article URL": "WCW-complaint-to-NIH-EcoHealth-Alliance-March-15-2021.pdf",
      "type": "Process",
      "name": "WCW requested NIH to permanently disqualify EHA from receiving taxpayer funding"
    },
    {
      "id": "M7NDNMJ1SXT21",
      "USAID Region": "Home Office",
      "type": "USAID Program Region",
      "name": "Home Office"
    }
  ],
  "links": [
    {
      "sourceId": "M7NDMWVI8F3V0",
      "targetId": "M7NDNMJ1SXT21"
    },
    {
      "sourceId": "M7NDMWVX2VU86",
      "targetId": "M7NDMWVTA0YAI"
    },
    {
      "sourceId": "M7NDMWWCEC02X",
      "targetId": "M7NDMWWKDQC4N",
      "Article Text": "\"White Coat Waste Project (WCW) has filed a lawsuit against the National Institutes of Health (NIH) to compel the release of documents related to the origins of the COVID-19 virus.\"",
      "Modifier Relationship": "To Compel",
      "Relationship Date": "06/15/23",
      "Article Title": "covid-origin-wcw-investigation-proves-u-s-govt-funded-patient-zero",
      "article URL": "https://blog.whitecoatwaste.org/2023/06/15/covid-origin-wcw-investigation-proves-u-s-govt-funded-patient-zero/"
    },
    {
      "sourceId": "M7NDMWWCVBNLT",
      "targetId": "M7NDMWWK8J0AJ",
      "Article Text": "\"White Coat Waste Project obtained federal accounting records that show U.S. taxpayer money was used to fund research at the Wuhan Institute of Virology.\"",
      "Modifier Relationship": "Showing",
      "Relationship Date": "06/15/23",
      "Article Title": "covid-origin-wcw-investigation-proves-u-s-govt-funded-patient-zero",
      "article URL": "https://blog.whitecoatwaste.org/2023/06/15/covid-origin-wcw-investigation-proves-u-s-govt-funded-patient-zero/"
    },
    {
      "sourceId": "M7NDMWWC23Y1G",
      "targetId": "M7NDMWWK95F41",
      "Article Text": "\"The release of these FOIA documents by WCW provides concrete evidence of how U.S. funding was directed towards potentially hazardous research in China.\"",
      "Modifier Relationship": "Providing",
      "Relationship Date": "06/15/23",
      "Article Title": "covid-origin-wcw-investigation-proves-u-s-govt-funded-patient-zero",
      "article URL": "https://blog.whitecoatwaste.org/2023/06/15/covid-origin-wcw-investigation-proves-u-s-govt-funded-patient-zero/"
    },
    {
      "sourceId": "M7NDMWWEYYDR3",
      "targetId": "M7NDMWWM81DVT",
      "Article Text": "\"The Intercept has published several reports detailing the activities of EcoHealth Alliance in relation to the origins of SARS-CoV-2.\"",
      "Modifier Relationship": "Detailing",
      "Relationship Date": "12/28/21",
      "Article Title": "covid-pandemic-virus-hunters-ecohealth-alliance-peter-daszak-wuhan",
      "article URL": "https://theintercept.com/2021/12/28/covid-pandemic-virus-hunters-ecohealth-alliance-peter-daszak-wuhan/"
    },
    {
      "sourceId": "M7NDMWWEU8CY1",
      "targetId": "M7NDMWWMPRT5Y",
      "Article Text": "\"In FOIA documents, The Intercept found that Ben Hu was the recipient of grants from USAID and NIAID to the tune of about $41 million.\"",
      "Modifier Relationship": "found",
      "Relationship Date": "06/17/23",
      "Article Title": "covid-origin-wuhan-patient-zero",
      "article URL": "https://theintercept.com/2023/06/17/covid-origin-wuhan-patient-zero/"
    },
    {
      "sourceId": "M7NDMWWEYNFRL",
      "targetId": "M7NDMWWMPRT5Y",
      "Article Text": "\"In FOIA documents, The Intercept found that Ben Hu was the recipient of grants from USAID and NIAID to the tune of about $41 million.\"",
      "Modifier Relationship": "found",
      "Relationship Date": "06/17/23",
      "Article Title": "covid-origin-wuhan-patient-zero",
      "article URL": "https://theintercept.com/2023/06/17/covid-origin-wuhan-patient-zero/"
    },
    {
      "sourceId": "M7NDMWWH8SQI4",
      "targetId": "M7NDMWWR9M9JI",
      "Article Text": "\"Covid technology illegally exported to the Chinese.\"",
      "Modifier Relationship": "author of",
      "Relationship Date": "01/04/25",
      "Article Title": "Exclusive — Dr. Andrew Huff: Coronavirus Timeline a ‘Giant Scandal’ to Subvert Trump",
      "article URL": "https://www.breitbart.com/radio/2025/01/04/exclusive-dr-andrew-huff-coronavirus-timeline-giant-scandal-to-subvert-trump/"
    },
    {
      "sourceId": "M7NDMWWHT5QNH",
      "targetId": "M7NDMWWR9M9JI",
      "Article Text": "\"So what we really have here is a giant scandal to subvert the President of the United States at the time: Donald Trump,\" Huff said.",
      "Modifier Relationship": "author of",
      "Relationship Date": "01/04/25",
      "Article Title": "Exclusive — Dr. Andrew Huff: Coronavirus Timeline a ‘Giant Scandal’ to Subvert Trump",
      "article URL": "https://www.breitbart.com/radio/2025/01/04/exclusive-dr-andrew-huff-coronavirus-timeline-giant-scandal-to-subvert-trump/"
    },
    {
      "sourceId": "M7NDMWVPJZTGG",
      "targetId": "M7NDMWWH8SQI4",
      "Article Text": "\"Covid technology illegally exported to the Chinese.\"",
      "Modifier Relationship": "author of",
      "Relationship Date": "01/04/25",
      "Article Title": "Exclusive — Dr. Andrew Huff: Coronavirus Timeline a ‘Giant Scandal’ to Subvert Trump",
      "article URL": "https://www.breitbart.com/radio/2025/01/04/exclusive-dr-andrew-huff-coronavirus-timeline-giant-scandal-to-subvert-trump/",
      "Relationship Summary": "Dr. Huff claims technology was illegally exported to China"
    },
    {
      "sourceId": "M7NDMWVJZO7YD",
      "targetId": "M7NDMWWCEC02X",
      "Article Text": "\"White Coat Waste Project (WCW) has filed a lawsuit against the National Institutes of Health (NIH) to compel the release of documents related to the origins of the COVID-19 virus.\"",
      "Relationship Date": "06/15/23",
      "Article Title": "covid-origin-wcw-investigation-proves-u-s-govt-funded-patient-zero",
      "article URL": "https://blog.whitecoatwaste.org/2023/06/15/covid-origin-wcw-investigation-proves-u-s-govt-funded-patient-zero/",
      "Relationship Summary": "White Coat Waste Project is filing of lawsuit against NIH to compel release of documents."
    },
    {
      "sourceId": "M7NDMWVJZO7YD",
      "targetId": "M7NDMWWCVBNLT",
      "Article Text": "\"White Coat Waste Project obtained federal accounting records that show U.S. taxpayer money was used to fund research at the Wuhan Institute of Virology.\"",
      "Relationship Date": "06/15/23",
      "Article Title": "covid-origin-wcw-investigation-proves-u-s-govt-funded-patient-zero",
      "article URL": "https://blog.whitecoatwaste.org/2023/06/15/covid-origin-wcw-investigation-proves-u-s-govt-funded-patient-zero/",
      "Relationship Summary": "White Coat Waste Project achieved obtainment of federal accounting records, showing U.S. taxpayer money."
    },
    {
      "sourceId": "M7NDMWVJZO7YD",
      "targetId": "M7NDMWWC23Y1G",
      "Article Text": "\"The release of these FOIA documents by WCW provides concrete evidence of how U.S. funding was directed towards potentially hazardous research in China.\"",
      "Relationship Date": "06/15/23",
      "Article Title": "covid-origin-wcw-investigation-proves-u-s-govt-funded-patient-zero",
      "article URL": "https://blog.whitecoatwaste.org/2023/06/15/covid-origin-wcw-investigation-proves-u-s-govt-funded-patient-zero/",
      "Relationship Summary": "White Coat Waste Project facilitated the release of FOIA documents, providing evidence of U.S. funding in China."
    },
    {
      "sourceId": "M7NDMWVL1SHIO",
      "targetId": "M7NDMWWEYYDR3",
      "Article Text": "\"The Intercept has published several reports detailing the activities of EcoHealth Alliance in relation to the origins of SARS-CoV-2.\"",
      "Relationship Date": "12/28/21",
      "Article Title": "covid-pandemic-virus-hunters-ecohealth-alliance-peter-daszak-wuhan",
      "article URL": "https://theintercept.com/2021/12/28/covid-pandemic-virus-hunters-ecohealth-alliance-peter-daszak-wuhan/",
      "Relationship Summary": "The Intercept has been reporting on EcoHealth Alliance, detailing activities in relation to origins."
    },
    {
      "sourceId": "M7NDMWWEKM0BZ",
      "targetId": "M7NDMWVL1SHIO",
      "Article Text": "\"This story was reported by Ryan Grim for The Intercept.\"",
      "Relationship Date": "06/17/23",
      "Article Title": "covid-origin-wuhan-patient-zero",
      "article URL": "https://theintercept.com/2023/06/17/covid-origin-wuhan-patient-zero/",
      "Relationship Summary": "Ryan Grim's publication by The Intercept was reported by Ryan Grim."
    },
    {
      "sourceId": "M7NDMWVLIAYPT",
      "targetId": "M7NDMWWEKM0BZ",
      "Article Text": "\"This story was reported by Ryan Grim for The Intercept.\"",
      "Relationship Date": "06/17/23",
      "Article Title": "covid-origin-wuhan-patient-zero",
      "article URL": "https://theintercept.com/2023/06/17/covid-origin-wuhan-patient-zero/",
      "Relationship Summary": "Ryan Grim's publication by The Intercept was reported by Ryan Grim."
    },
    {
      "sourceId": "M7NDMWVL1SHIO",
      "targetId": "M7NDMWWEU8CY1",
      "Article Text": "\"In FOIA documents, The Intercept found that Ben Hu was the recipient of grants from USAID and NIAID to the tune of about $41 million.\"",
      "Relationship Date": "06/17/23",
      "Article Title": "covid-origin-wuhan-patient-zero",
      "article URL": "https://theintercept.com/2023/06/17/covid-origin-wuhan-patient-zero/",
      "Relationship Summary": "The Intercept published FOIA documents found grants from USAID and NIAID."
    },
    {
      "sourceId": "M7NDMWWHT5QNH",
      "targetId": "M7NDMWVYMYGWH",
      "Article Text": "\"So what we really have here is a giant scandal to subvert the President of the United States at the time: Donald Trump,\" Huff said.",
      "Relationship Date": "01/04/25",
      "Article Title": "Exclusive — Dr. Andrew Huff: Coronavirus Timeline a ‘Giant Scandal’ to Subvert Trump",
      "article URL": "https://www.breitbart.com/radio/2025/01/04/exclusive-dr-andrew-huff-coronavirus-timeline-giant-scandal-to-subvert-trump/",
      "Relationship Summary": "Dr. Huff describes the scandal as aimed at subverting Trump"
    },
    {
      "sourceId": "M7NDMWVPJZTGG",
      "targetId": "M7NDMWWHT5QNH",
      "Article Text": "\"So what we really have here is a giant scandal to subvert the President of the United States at the time: Donald Trump,\" Huff said.",
      "Relationship Date": "01/04/25",
      "Article Title": "Exclusive — Dr. Andrew Huff: Coronavirus Timeline a ‘Giant Scandal’ to Subvert Trump",
      "article URL": "https://www.breitbart.com/radio/2025/01/04/exclusive-dr-andrew-huff-coronavirus-timeline-giant-scandal-to-subvert-trump/",
      "Relationship Summary": "Dr. Huff describes the scandal as aimed at subverting Trump"
    },
    {
      "sourceId": "M7NDMWWKS65MY",
      "targetId": "M7NDMWVTH6U6P",
      "Article Text": "\"A report co-authored by WCW found widespread violations of the Stevens Amendment by NIH grant-receiving institutions performing wasteful animal experiments.\"",
      "Relationship Date": "03/15/21",
      "Article Title": "WCW-complaint-to-NIH-EcoHealth-Alliance-March-15-2021.pdf",
      "article URL": "https://blog.whitecoatwaste.org/wp-content/uploads/2021/03/WCW-complaint-to-NIH-EcoHealth-Alliance-March-15-2021.pdf",
      "Relationship Summary": "WCW co-authored report on Stevens Amendment violations by NIH grantees"
    },
    {
      "sourceId": "M7NDMWVJZO7YD",
      "targetId": "M7NDMWWKS65MY",
      "Article Text": "\"A report co-authored by WCW found widespread violations of the Stevens Amendment by NIH grant-receiving institutions performing wasteful animal experiments.\"",
      "Relationship Date": "03/15/21",
      "Article Title": "WCW-complaint-to-NIH-EcoHealth-Alliance-March-15-2021.pdf",
      "article URL": "https://blog.whitecoatwaste.org/wp-content/uploads/2021/03/WCW-complaint-to-NIH-EcoHealth-Alliance-March-15-2021.pdf",
      "Relationship Summary": "WCW co-authored report on Stevens Amendment violations by NIH grantees"
    },
    {
      "sourceId": "M7NDMWVI8F3V0",
      "targetId": "M7NDMWWI8EH79",
      "Article Text": "\"Judicial Watch, Inc. v. U.S. Department of State, USAID, Case 1:17-cv-00729, Document 1, Filed 04/19/17.\"",
      "Relationship Date": "04/19/17",
      "Article Title": "JW v. State USAID Complaint",
      "article URL": "https://www.judicialwatch.org/wp-content/uploads/2017/04/JW-v-State-USAID-complaint-00729.pdf",
      "Relationship Summary": "Judicial Watch files a lawsuit against the U.S. Department of State for disclosures"
    },
    {
      "sourceId": "M7NDTK1TNBG3Q",
      "targetId": "M7NDTK1U00U7Y",
      "Process Summary": "Request for NIH to investigate transparency violations by EcoHealth Alliance",
      "Article Text": "On behalf of White Coat Waste Project (WCW) and its more than 3 million members and supporters, I am writing to request an investigation into widespread violations of federal spending transparency law by EcoHealth Alliance (EHA) related to its dangerous National Institutes of Health (NIH)-funded coronavirus animal experiments conducted in cooperation with the Wuhan Institute of Virology (WIV).",
      "Process Target": "Transparency in NIH funding for EHA's projects",
      "Process Result": "Investigation initiated by NIH (implied action)",
      "Article URL": "WCW-complaint-to-NIH-EcoHealth-Alliance-March-15-2021.pdf"
    },
    {
      "sourceId": "M7NDTK1TD76TJ",
      "targetId": "M7NDTK1U7ZPIU",
      "Process Summary": "WCW urged NIH to investigate EHA's transparency violations",
      "Article Text": "We urge you to investigate the federal transparency violations documented in this letter and hold EHA accountable for its repeated failure to properly disclose taxpayer funding for dangerous coronavirus experiments conducted in conjunction with WIV.",
      "Process Target": "Accountability for transparency violations by EHA",
      "Process Result": "Urging action towards investigation",
      "Article URL": "WCW-complaint-to-NIH-EcoHealth-Alliance-March-15-2021.pdf"
    },
    {
      "sourceId": "M7NDTK1TKOD1Q",
      "targetId": "M7NDTK1U94D29",
      "Process Summary": "WCW requested NIH to permanently disqualify EHA from receiving taxpayer funding",
      "Article Text": "We also request that the NIH permanently disqualify EHA from receiving taxpayer funding.",
      "Process Target": "Prevent future funding to EHA due to transparency issues",
      "Process Result": "Request made, outcome not stated in this document",
      "Article URL": "WCW-complaint-to-NIH-EcoHealth-Alliance-March-15-2021.pdf"
    },
    {
      "sourceId": "M7NDMWVJZO7YD",
      "targetId": "M7NDOJRPWJBO0",
      "Action Summary": "WCW investigates NIH's spending on what it considers ineffective and inhumane animal experiments.",
      "Action Text": "White Coat Waste Project spends every day investigating what the heck the National Institutes of Health (NIH) does with the $15 billion annually that it wastes on ineffective, stupid and often inhumane animal experiments.",
      "Article Title": "Sen. Ernst: NIH spent $1.3M to study cats' musical preferences — White Coat Waste Project",
      "Article URL": "https://blog.whitecoatwaste.org/wp-content/uploads/2021/03/WCW-complaint-to-NIH-EcoHealth-Alliance-March-15-2021.pdf"
    },
    {
      "sourceId": "M7NDOJRPB83LP",
      "targetId": "M7NDMWVTA0YAI",
      "Action Summary": "Elsevier",
      "Article Title": "February 2020",
      "Article URL": "https://dailycaller.com/2021/02/13/world-health-organization-peter-daszak-conflict-of-interest-china-coronavirus/"
    },
    {
      "sourceId": "M7NDMWVJZO7YD",
      "targetId": "M7NDTK1TNBG3Q",
      "Entity Name": "White Coat Waste Project",
      "Process Category": "Investigation Request",
      "Process": "Requested investigation",
      "Process Summary": "Request for NIH to investigate transparency violations by EcoHealth Alliance",
      "Article Text": "On behalf of White Coat Waste Project (WCW) and its more than 3 million members and supporters, I am writing to request an investigation into widespread violations of federal spending transparency law by EcoHealth Alliance (EHA) related to its dangerous National Institutes of Health (NIH)-funded coronavirus animal experiments conducted in cooperation with the Wuhan Institute of Virology (WIV).",
      "Entity Target": "NIH",
      "Process Date": "03/15/21",
      "Article URL": "WCW-complaint-to-NIH-EcoHealth-Alliance-March-15-2021.pdf"
    },
    {
      "sourceId": "M7NDMWVJZO7YD",
      "targetId": "M7NDTK1TD76TJ",
      "Entity Name": "White Coat Waste Project",
      "Process Category": "Urging Action",
      "Process": "Urged investigation",
      "Process Summary": "WCW urged NIH to investigate EHA's transparency violations",
      "Article Text": "We urge you to investigate the federal transparency violations documented in this letter and hold EHA accountable for its repeated failure to properly disclose taxpayer funding for dangerous coronavirus experiments conducted in conjunction with WIV.",
      "Entity Target": "EcoHealth Alliance",
      "Process Date": "03/15/21",
      "Article URL": "WCW-complaint-to-NIH-EcoHealth-Alliance-March-15-2021.pdf"
    },
    {
      "sourceId": "M7NDMWVJZO7YD",
      "targetId": "M7NDTK1TKOD1Q",
      "Entity Name": "White Coat Waste Project",
      "Process Category": "Request for Action",
      "Process": "Requested disqualification",
      "Process Summary": "WCW requested NIH to permanently disqualify EHA from receiving taxpayer funding",
      "Article Text": "We also request that the NIH permanently disqualify EHA from receiving taxpayer funding.",
      "Entity Target": "EcoHealth Alliance",
      "Process Date": "03/15/21",
      "Article URL": "WCW-complaint-to-NIH-EcoHealth-Alliance-March-15-2021.pdf"
    },
    {
      "sourceId": "M7NDNMJ1SXT21",
      "targetId": "M7NDNMIDCRMYO",
      "Relationship Summary": "Judicial Watch files a lawsuit against USAID for disclosures",
      "Article Text": "\"Judicial Watch, Inc. v. U.S. Department of State, USAID, Case 1:17-cv-00729, Document 1, Filed 04/19/17.\"",
      "Relationship Date": "April 2017",
      "Article Title": "JW v. State USAID Complaint",
      "article URL": "https://www.judicialwatch.org/wp-content/uploads/2017/04/JW-v-State-USAID-complaint-00729.pdf"
    }
  ]
}