{
  "nodes": [
    {
      "id": "M7NDMWVJY4A78",
      "Entity Name": "Metabiota",
      "Article Text": "\"Nathan Wolfe,d ... The Global Virome Project\"",
      "Article Title": "The Global Virome Project",
      "type": "Entity",
      "name": "Metabiota"
    },
    {
      "id": "M7NDMWVJE7MWN",
      "Entity Name": "Hunter Biden's Rosemont Seneca Technology Partners",
      "type": "Entity",
      "name": "Hunter Biden's Rosemont Seneca Technology Partners"
    },
    {
      "id": "M7NDMWVJAKUH9",
      "Entity Name": "Nathan Wolfe",
      "type": "Entity",
      "name": "Nathan Wolfe"
    },
    {
      "id": "M7NDMWVJ94I35",
      "Entity Name": "Christopher Heinz",
      "type": "Entity",
      "name": "Christopher Heinz"
    },
    {
      "id": "M7NDMWVJIFZ60",
      "Entity Name": "Devon Archer",
      "type": "Entity",
      "name": "Devon Archer"
    },
    {
      "id": "M7NDMWVJ95DOK",
      "Entity Name": "Hunter Biden",
      "type": "Entity",
      "name": "Hunter Biden"
    },
    {
      "id": "M7NDMWVJ6M3B0",
      "Entity Name": "Rosemont Seneca Technology Partners",
      "type": "Entity",
      "name": "Rosemont Seneca Technology Partners"
    },
    {
      "id": "M7NDMWVKZXCG9",
      "Entity Name": "Bethany Edison",
      "type": "Entity",
      "name": "Bethany Edison"
    },
    {
      "id": "M7NDMWVK79G75",
      "Entity Name": "Christian Lange",
      "type": "Entity",
      "name": "Christian Lange"
    },
    {
      "id": "M7NDMWVK9ET4X",
      "Entity Name": "Daniel O’Rourke",
      "type": "Entity",
      "name": "Daniel O’Rourke"
    },
    {
      "id": "M7NDMWVKVIBD7",
      "Entity Name": "David McIver",
      "type": "Entity",
      "name": "David McIver"
    },
    {
      "id": "M7NDMWVKMJ3WG",
      "Entity Name": "Jason Euren",
      "type": "Entity",
      "name": "Jason Euren"
    },
    {
      "id": "M7NDMWVKS4A5L",
      "Entity Name": "Mat LeBreton",
      "type": "Entity",
      "name": "Mat LeBreton"
    },
    {
      "id": "M7NDMWVLAYQXE",
      "Entity Name": "Tammie O’Rourke",
      "type": "Entity",
      "name": "Tammie O’Rourke"
    },
    {
      "id": "M7NDMWVLNOW4P",
      "Entity Name": "Neil Callahan",
      "type": "Entity",
      "name": "Neil Callahan"
    },
    {
      "id": "M7NDMWVMMWEY0",
      "Entity Name": "John DeLoche",
      "type": "Entity",
      "name": "John DeLoche"
    },
    {
      "id": "M7NDMWVMGP3H4",
      "Entity Name": "William Lee",
      "type": "Entity",
      "name": "William Lee"
    },
    {
      "id": "M7NDMWVPZU8G5",
      "Entity Name": "Ebola Outbreak",
      "Article Text": "\"But in July that year, officials in Sierra Leone instructed the Kenema lab to stop Ebola testing, and the US government cut its funding to partners of the lab.\"",
      "Relationship Date": "July 2014",
      "Article Title": "American Company Metabiota Faces Problems During Ebola Outbreak",
      "article URL": "https://www.cbsnews.com/news/american-company-metabiota-problems-during-ebola-outbreak/",
      "type": "Entity",
      "name": "Ebola Outbreak"
    },
    {
      "id": "M7NDMWVR08NUJ",
      "Entity Name": "Nita Madhav",
      "type": "Entity",
      "name": "Nita Madhav"
    },
    {
      "id": "M7NDMWVR5TIAC",
      "Entity Name": "Bill Rossi",
      "type": "Entity",
      "name": "Bill Rossi"
    },
    {
      "id": "M7NDMWVRZHQ9U",
      "Entity Name": "Munich Re",
      "type": "Entity",
      "name": "Munich Re"
    },
    {
      "id": "M7NDMWVTYXGXO",
      "Entity Name": "John Kerry",
      "type": "Entity",
      "name": "John Kerry"
    },
    {
      "id": "M7NDMWVT07LZ3",
      "Entity Name": "Great-Great Grandson",
      "type": "Entity",
      "name": "Great-Great Grandson"
    },
    {
      "id": "M7NDMWVTOL33M",
      "Entity Name": "Burisma",
      "type": "Entity",
      "name": "Burisma"
    },
    {
      "id": "M7NDMWVUUIFK8",
      "Entity Name": "Goldman Sachs",
      "Article Text": "\"Rosemont Seneca Technology Partners invested $500,000 in Metabiota, a pathogen-research company headquartered in San Francisco, and raised millions more through firms that included Goldman Sachs, according to emails found on the computer, which was abandoned at a Wilmington, Delaware, repair shop in April 2019.\"",
      "Relationship Date": "04/01/19",
      "Article Title": "Hunter Biden's old emails linked to Ukraine labs",
      "article URL": "https://global.chinadaily.com.cn/a/202203/29/WS62426127a310fd2b29e53d95.html",
      "type": "Entity",
      "name": "Goldman Sachs"
    },
    {
      "id": "M7NDMWVVJ1H53",
      "Entity Name": "Rosemont Capital",
      "type": "Entity",
      "name": "Rosemont Capital"
    },
    {
      "id": "M7NDMWVY3YABB",
      "Entity Name": "Rosemont Seneca",
      "type": "Entity",
      "name": "Rosemont Seneca"
    },
    {
      "id": "M7NDMWVZCRE23",
      "Entity Name": "Dr. Jean-Paul Gonzalez",
      "type": "Entity",
      "name": "Dr. Jean-Paul Gonzalez"
    },
    {
      "id": "M7NDMWWKLG8DN",
      "Entity Name": "13.4% stake",
      "Article Text": "\"Hunter Biden's Rosemont Seneca Technology Partners was reported to have a 13.4% stake in Metabiota in 2014.\"",
      "Relationship Date": "2014",
      "Article Title": "Metabiota",
      "article URL": "https://en.wikipedia.org/wiki/Metabiota",
      "type": "Entity",
      "name": "13.4% stake"
    },
    {
      "id": "M7NDMWWKTTUBE",
      "Entity Name": "Immunology and infectious diseases",
      "Article Text": "\"Nathan Wolfe, Metabiota's founder, has a background in immunology and infectious diseases from Harvard.\"",
      "Relationship Date": "Last updated date",
      "Article Title": "Metabiota",
      "article URL": "https://en.wikipedia.org/wiki/Metabiota",
      "type": "Entity",
      "name": "Immunology and infectious diseases"
    },
    {
      "id": "M7NDMWWLB98JG",
      "Entity Name": "Hunter Biden, Devon Archer",
      "Article Text": "\"Rosemont Seneca is an investment firm based in Washington DC. It was founded in 2009 by Hunter Biden, Christopher Heinz and Devon Archer.\"",
      "Relationship Date": "01/01/09",
      "Article Title": "Hunter Biden's old emails linked to Ukraine labs",
      "article URL": "https://global.chinadaily.com.cn/a/202203/29/WS62426127a310fd2b29e53d95.html",
      "type": "Entity",
      "name": "Hunter Biden, Devon Archer"
    },
    {
      "id": "M7NDMWWLYLYIC",
      "Entity Name": "Henry J. Heinz",
      "Article Text": "\"Heinz is the great-great grandson of Henry J. Heinz, founder of the international food processing company famous for Heinz ketchup.\"",
      "Relationship Date": "03/29/22",
      "Article Title": "Hunter Biden's old emails linked to Ukraine labs",
      "article URL": "https://global.chinadaily.com.cn/a/202203/29/WS62426127a310fd2b29e53d95.html",
      "type": "Entity",
      "name": "Henry J. Heinz"
    },
    {
      "id": "M7NDMWWLJNUMX",
      "Entity Name": "Hunter Biden, Christopher Heinz",
      "Article Text": "\"Rosemont Seneca is an investment firm based in Washington DC. It was founded in 2009 by Hunter Biden, Christopher Heinz and Devon Archer.\"",
      "Relationship Date": "01/01/09",
      "Article Title": "Hunter Biden's old emails linked to Ukraine labs",
      "article URL": "https://global.chinadaily.com.cn/a/202203/29/WS62426127a310fd2b29e53d95.html",
      "type": "Entity",
      "name": "Hunter Biden, Christopher Heinz"
    },
    {
      "id": "M7NDMWWLHO5FV",
      "Entity Name": "Christopher Heinz, Devon Archer",
      "Article Text": "\"Rosemont Seneca is an investment firm based in Washington DC. It was founded in 2009 by Hunter Biden, Christopher Heinz and Devon Archer.\"",
      "Relationship Date": "01/01/09",
      "Article Title": "Hunter Biden's old emails linked to Ukraine labs",
      "article URL": "https://global.chinadaily.com.cn/a/202203/29/WS62426127a310fd2b29e53d95.html",
      "type": "Entity",
      "name": "Christopher Heinz, Devon Archer"
    },
    {
      "id": "M7NDMWW8KFBV0",
      "Entity Name": "Global Emergency Status",
      "Article Text": "\"The World Health Organization declared the Ebola outbreak a Public Health Emergency of International Concern, highlighting its status as a global emergency.\"",
      "Relationship Date": "2014",
      "Article Title": "American Company Metabiota Faces Problems During Ebola Outbreak",
      "article URL": "https://www.cbsnews.com/news/american-company-metabiota-problems-during-ebola-outbreak/",
      "Relationship Summary": "Ebola Outbreak was declared a global emergency",
      "Relationship NAME": "Declared, Global Emergency",
      "Tag": "Virology",
      "type": "Relationship",
      "name": "Global Emergency Status"
    },
    {
      "id": "M7NDMWWC2MQBN",
      "Article Text": "\"Hunter Biden's Rosemont Seneca Technology Partners was reported to have a 13.4% stake in Metabiota in 2014.\"",
      "Relationship Date": "2014",
      "article URL": "https://en.wikipedia.org/wiki/Metabiota",
      "Relationship Summary": "Hunter Biden's Rosemont Seneca Technology Partners held a 13.4% stake in Metabiota, reported to have in 2014.",
      "Relationship NAME": "Reported to have",
      "Tag": "Virology",
      "type": "Relationship",
      "name": "Hunter Biden's Rosemont Seneca Technology Partners held a 13.4% stake in Metabiota, reported to have in 2014."
    },
    {
      "id": "M7NDMWWC7BFIL",
      "Article Text": "\"Nathan Wolfe, Metabiota's founder, has a background in immunology and infectious diseases from Harvard.\"",
      "Relationship Date": "Last updated date",
      "article URL": "https://en.wikipedia.org/wiki/Metabiota",
      "Relationship Summary": "Nathan Wolfe is the founder of Metabiota, has a background in immunology and infectious diseases.",
      "Relationship NAME": "Has a background in",
      "Tag": "Virology",
      "type": "Relationship",
      "name": "Nathan Wolfe is the founder of Metabiota, has a background in immunology and infectious diseases."
    },
    {
      "id": "M7NDMWWC4IE9U",
      "Article Text": "\"Rosemont Seneca is an investment firm based in Washington DC. It was founded in 2009 by Hunter Biden, Christopher Heinz and Devon Archer.\"",
      "Relationship Date": "01/01/09",
      "article URL": "https://global.chinadaily.com.cn/a/202203/29/WS62426127a310fd2b29e53d95.html",
      "Relationship Summary": "Christopher Heinz co-founded Rosemont Seneca Technology Partners",
      "Relationship NAME": "co-founded",
      "Tag": "Virology",
      "type": "Relationship",
      "name": "Christopher Heinz co-founded Rosemont Seneca Technology Partners"
    },
    {
      "id": "M7NDMWWCTNKUI",
      "Article Text": "\"Heinz is the stepson of former US secretary of state and senator and current climate czar John Kerry.\"",
      "Relationship Date": "03/29/22",
      "article URL": "https://global.chinadaily.com.cn/a/202203/29/WS62426127a310fd2b29e53d95.html",
      "Relationship Summary": "Christopher Heinz is the stepson of John Kerry",
      "Tag": "Virology",
      "type": "Relationship",
      "name": "Christopher Heinz is the stepson of John Kerry"
    },
    {
      "id": "M7NDMWWCABMQD",
      "Article Text": "\"Heinz is the great-great grandson of Henry J. Heinz, founder of the international food processing company famous for Heinz ketchup.\"",
      "Relationship Date": "03/29/22",
      "article URL": "https://global.chinadaily.com.cn/a/202203/29/WS62426127a310fd2b29e53d95.html",
      "Relationship Summary": "Christopher Heinz is the great-great grandson of Henry J. Heinz",
      "Relationship NAME": "is",
      "Tag": "Virology",
      "type": "Relationship",
      "name": "Christopher Heinz is the great-great grandson of Henry J. Heinz"
    },
    {
      "id": "M7NDMWWCYVSHI",
      "Article Text": "\"Rosemont Seneca is an investment firm based in Washington DC. It was founded in 2009 by Hunter Biden, Christopher Heinz and Devon Archer.\"",
      "Relationship Date": "01/01/09",
      "article URL": "https://global.chinadaily.com.cn/a/202203/29/WS62426127a310fd2b29e53d95.html",
      "Relationship Summary": "Devon Archer co-founded Rosemont Seneca Technology Partners",
      "Relationship NAME": "co-founded",
      "Tag": "Virology",
      "type": "Relationship",
      "name": "Devon Archer co-founded Rosemont Seneca Technology Partners"
    },
    {
      "id": "M7NDMWWCBI93W",
      "Article Text": "\"An investment fund run by … Hunter Biden funded research and the implementation of the United States' military biological program. It is obvious that Joe Biden, as his father and the head of state, was aware of that activity,\"",
      "Relationship Date": "03/29/22",
      "article URL": "https://global.chinadaily.com.cn/a/202203/29/WS62426127a310fd2b29e53d95.html",
      "Relationship Summary": "Hunter Biden is the son of US President Joe Biden",
      "Tag": "Virology",
      "type": "Relationship",
      "name": "Hunter Biden is the son of US President Joe Biden"
    },
    {
      "id": "M7NDMWWC126PR",
      "Article Text": "\"Hunter Biden introduced Metabiota to officials at Burisma, the Ukrainian gas company where he was a highly paid board member, for a 'science project' involving biolabs in Ukraine, according to the emails.\"",
      "Relationship Date": "03/29/22",
      "article URL": "https://global.chinadaily.com.cn/a/202203/29/WS62426127a310fd2b29e53d95.html",
      "Relationship Summary": "Hunter Biden served as a board member of Burisma",
      "Relationship NAME": "introduced",
      "Tag": "Virology",
      "type": "Relationship",
      "name": "Hunter Biden served as a board member of Burisma"
    },
    {
      "id": "M7NDMWWCM73YU",
      "Article Text": "\"Rosemont Seneca is an investment firm based in Washington DC. It was founded in 2009 by Hunter Biden, Christopher Heinz and Devon Archer.\"",
      "Relationship Date": "01/01/09",
      "article URL": "https://global.chinadaily.com.cn/a/202203/29/WS62426127a310fd2b29e53d95.html",
      "Relationship Summary": "Hunter Biden co-founded Rosemont Seneca Technology Partners",
      "Relationship NAME": "co-founded",
      "Tag": "Virology",
      "type": "Relationship",
      "name": "Hunter Biden co-founded Rosemont Seneca Technology Partners"
    },
    {
      "id": "M7NDMWWCO0E8G",
      "Article Text": "\"Rosemont Seneca Technology Partners invested $500,000 in Metabiota, a pathogen-research company headquartered in San Francisco, and raised millions more through firms that included Goldman Sachs, according to emails found on the computer, which was abandoned at a Wilmington, Delaware, repair shop in April 2019.\"",
      "Relationship Date": "04/01/19",
      "article URL": "https://global.chinadaily.com.cn/a/202203/29/WS62426127a310fd2b29e53d95.html",
      "Relationship Summary": "Metabiota raised millions more through firms that included Goldman Sachs",
      "Relationship NAME": "included",
      "Tag": "Virology",
      "type": "Relationship",
      "name": "Metabiota raised millions more through firms that included Goldman Sachs"
    },
    {
      "id": "M7NDMWWCNCLYA",
      "Article Text": "\"Rosemont Seneca Technology Partners invested $500,000 in Metabiota, a pathogen-research company headquartered in San Francisco, and raised millions more through firms that included Goldman Sachs, according to emails found on the computer, which was abandoned at a Wilmington, Delaware, repair shop in April 2019.\"",
      "Relationship Date": "04/01/19",
      "article URL": "https://global.chinadaily.com.cn/a/202203/29/WS62426127a310fd2b29e53d95.html",
      "Relationship Summary": "Rosemont Seneca Technology Partners invested in Metabiota",
      "Relationship NAME": "raised funds through",
      "Tag": "Virology",
      "type": "Relationship",
      "name": "Rosemont Seneca Technology Partners invested in Metabiota"
    },
    {
      "id": "M7NDMWWD04ICO",
      "Article Text": "\"Bethany Edison, Metabiota\"",
      "article URL": "https://p2.predict.global/team",
      "Relationship Summary": "Bethany Edison works for Metabiota",
      "Tag": "Virology",
      "type": "Relationship",
      "name": "Bethany Edison works for Metabiota"
    },
    {
      "id": "M7NDMWWD2VUC2",
      "Article Text": "\"Christian Lange, Metabiota\"",
      "article URL": "https://p2.predict.global/team",
      "Relationship Summary": "Christian Lange works for Metabiota",
      "Tag": "Virology",
      "type": "Relationship",
      "name": "Christian Lange works for Metabiota"
    },
    {
      "id": "M7NDMWWDVHON1",
      "Article Text": "\"Daniel O’Rourke, Metabiota\"",
      "article URL": "https://p2.predict.global/team",
      "Relationship Summary": "Daniel O’Rourke works for Metabiota",
      "Tag": "Virology",
      "type": "Relationship",
      "name": "Daniel O’Rourke works for Metabiota"
    },
    {
      "id": "M7NDMWWDM5R5R",
      "Article Text": "\"David McIver, Metabiota\"",
      "article URL": "https://p2.predict.global/team",
      "Relationship Summary": "David McIver works for Metabiota",
      "Tag": "Virology",
      "type": "Relationship",
      "name": "David McIver works for Metabiota"
    },
    {
      "id": "M7NDMWWD41D6T",
      "Article Text": "\"Jason Euren, Metabiota\"",
      "article URL": "https://p2.predict.global/team",
      "Relationship Summary": "Jason Euren works for Metabiota",
      "Tag": "Virology",
      "type": "Relationship",
      "name": "Jason Euren works for Metabiota"
    },
    {
      "id": "M7NDMWWDROO27",
      "Article Text": "\"Mat LeBreton, Metabiota\"",
      "article URL": "https://p2.predict.global/team",
      "Relationship Summary": "Mat LeBreton works for Metabiota",
      "Tag": "Virology",
      "type": "Relationship",
      "name": "Mat LeBreton works for Metabiota"
    },
    {
      "id": "M7NDMWWDQATBY",
      "Article Text": "\"Tammie O’Rourke, Metabiota\"",
      "article URL": "https://p2.predict.global/team",
      "Relationship Summary": "Tammie O’Rourke works for Metabiota",
      "Tag": "Virology",
      "type": "Relationship",
      "name": "Tammie O’Rourke works for Metabiota"
    },
    {
      "id": "M7NDMWWEOA9QV",
      "Article Text": "\"Financial reports reveal that RSTP led the company’s first round of funding, which amounted to $30 million. Former Managing Director and co-founder of RSTP Neil Callahan – a name that appears many times on Hunter Biden’s hard drive – also sits on Metabiota’s Board of Advisors.\"",
      "article URL": "https://thenationalpulse.com/archive-post/hunter-biden-invested-in-ecohealth-wuhan-partner/",
      "Relationship Summary": "Neil Callahan was former Managing Director and co-founder of RSTP",
      "Tag": "Virology",
      "type": "Relationship",
      "name": "Neil Callahan was former Managing Director and co-founder of RSTP"
    },
    {
      "id": "M7NDMWWEO7WIV",
      "Article Text": "\"Former Managing Director and co-founder of RSTP Neil Callahan – a name that appears many times on Hunter Biden’s hard drive – also sits on Metabiota’s Board of Advisors.\"",
      "article URL": "https://thenationalpulse.com/archive-post/hunter-biden-invested-in-ecohealth-wuhan-partner/",
      "Relationship Summary": "Neil Callahan sits on Metabiota's Board of Advisors",
      "Tag": "Virology",
      "type": "Relationship",
      "name": "Neil Callahan sits on Metabiota's Board of Advisors"
    },
    {
      "id": "M7NDMWWEL6DCW",
      "Article Text": "\"Rosemont Seneca Technology Partners (RSTP) was an offshoot of Rosemont Capital\"",
      "article URL": "https://thenationalpulse.com/archive-post/hunter-biden-invested-in-ecohealth-wuhan-partner/",
      "Relationship Summary": "RSTP was an offshoot of Rosemont Capital",
      "Tag": "Virology",
      "type": "Relationship",
      "name": "RSTP was an offshoot of Rosemont Capital"
    },
    {
      "id": "M7NDMWWENJS8K",
      "article URL": "https://web.archive.org/web/20140315054332/http://www.rstp.com/people/",
      "Relationship Summary": "Devon Archer is a Managing Director at RSTP",
      "Tag": "Virology",
      "type": "Relationship",
      "name": "Devon Archer is a Managing Director at RSTP"
    },
    {
      "id": "M7NDMWWEA7X55",
      "article URL": "https://web.archive.org/web/20140315054332/http://www.rstp.com/people/",
      "Relationship Summary": "Eric Schwerin is a Managing Director at RSTP",
      "Tag": "Virology",
      "type": "Relationship",
      "name": "Eric Schwerin is a Managing Director at RSTP"
    },
    {
      "id": "M7NDMWWEIYM93",
      "article URL": "https://web.archive.org/web/20140315054332/http://www.rstp.com/people/",
      "Relationship Summary": "John DeLoche is a Managing Director at RSTP",
      "Tag": "Virology",
      "type": "Relationship",
      "name": "John DeLoche is a Managing Director at RSTP"
    },
    {
      "id": "M7NDMWWEKT7I0",
      "article URL": "https://web.archive.org/web/20140315054332/http://www.rstp.com/people/",
      "Relationship Summary": "Neil Callahan is a Managing Director at RSTP",
      "Tag": "Virology",
      "type": "Relationship",
      "name": "Neil Callahan is a Managing Director at RSTP"
    },
    {
      "id": "M7NDMWWEN9FWN",
      "article URL": "https://web.archive.org/web/20140315054332/http://www.rstp.com/people/",
      "Relationship Summary": "R. Hunter Biden is a Managing Director at RSTP",
      "Tag": "Virology",
      "type": "Relationship",
      "name": "R. Hunter Biden is a Managing Director at RSTP"
    },
    {
      "id": "M7NDMWWEDE7ZC",
      "article URL": "https://web.archive.org/web/20140315054332/http://www.rstp.com/people/",
      "Relationship Summary": "Rob Walker is a Managing Director at RSTP",
      "Tag": "Virology",
      "type": "Relationship",
      "name": "Rob Walker is a Managing Director at RSTP"
    },
    {
      "id": "M7NDMWWEF3ZSA",
      "article URL": "https://web.archive.org/web/20140315054332/http://www.rstp.com/people/",
      "Relationship Summary": "William Lee is a Managing Director at RSTP",
      "Tag": "Virology",
      "type": "Relationship",
      "name": "William Lee is a Managing Director at RSTP"
    },
    {
      "id": "M7NDMWWHZZFSX",
      "Article Text": "\"Metabiota is partially owned by a venture capital firm called Rosemont Seneca\"",
      "article URL": "https://www.amazon.com/Truth-about-Wuhan-Uncovered-Biggest/dp/1510773886/ref=sr_1_1?sr=82",
      "Relationship Summary": "Metabiota is partially owned by Rosemont Seneca",
      "Tag": "Virology",
      "type": "Relationship",
      "name": "Metabiota is partially owned by Rosemont Seneca"
    },
    {
      "id": "M7NDMWWHMMYIX",
      "Article Text": "\"Dr. Jean-Paul Gonzalez, known for his work on viral hemorrhagic fevers, was affiliated with Metabiota during the Ebola outbreak.\"",
      "Relationship Date": "2014",
      "article URL": "https://www.cbsnews.com/news/american-company-metabiota-problems-during-ebola-outbreak/",
      "Relationship Summary": "Metabiota was affiliated with Dr. Jean-Paul Gonzalez",
      "Relationship NAME": "During",
      "Tag": "Virology",
      "type": "Relationship",
      "name": "Metabiota was affiliated with Dr. Jean-Paul Gonzalez"
    },
    {
      "id": "M7NDMWWIZ5YKL",
      "Article Text": "\"Nita Madhav, CEO of Metabiota\"",
      "article URL": "https://www.iqt.org/library/catastrophic-modeling-and-risk-analytics-with-metabiotas-nita-madhav",
      "Relationship Summary": "Nita Madhav is the CEO of Metabiota",
      "Tag": "Virology",
      "type": "Relationship",
      "name": "Nita Madhav is the CEO of Metabiota"
    },
    {
      "id": "M7NDMWWI56CQ0",
      "Article Text": "\"“We believe that when risk can be properly assessed and mitigated by insurance, the world will be more prepared and able to manage these events,” said Bill Rossi, CEO of Metabiota.\"",
      "article URL": "https://www.iqt.org/library/munich-re-in-q-tel-select-metabiota-to-gain-deeper-insights-into-epidemic-risk-and-global-preparedness-for-infectious-diseases",
      "Relationship Summary": "Bill Rossi is the CEO of Metabiota",
      "Tag": "Virology",
      "type": "Relationship",
      "name": "Bill Rossi is the CEO of Metabiota"
    },
    {
      "id": "M7NDMWWI9ZIO2",
      "Article Text": "\"Munich Re & In-Q-Tel Select Metabiota to Gain Deeper Insights into Epidemic Risk and Global Preparedness for Infectious Diseases\"",
      "article URL": "https://www.iqt.org/library/munich-re-in-q-tel-select-metabiota-to-gain-deeper-insights-into-epidemic-risk-and-global-preparedness-for-infectious-diseases",
      "Relationship Summary": "Munich Re selected Metabiota for insights into epidemic risk",
      "Tag": "Virology",
      "type": "Relationship",
      "name": "Munich Re selected Metabiota for insights into epidemic risk"
    },
    {
      "id": "M7NDMWWJ17B76",
      "Article Text": "\"We know that Hunter’s firm, Rosemont Seneca, invested in Metabiota and provided evidence of this from the Wayback Machine.\"",
      "article URL": "https://www.thegatewaypundit.com/2022/03/exclusive-ceo-metabiota-nathan-wolfe-connected-hunter-biden-nih-cdc-world-economic-forum/",
      "Relationship Summary": "Hunter Biden's firm, Rosemont Seneca, invested in Metabiota",
      "Tag": "Virology",
      "type": "Relationship",
      "name": "Hunter Biden's firm, Rosemont Seneca, invested in Metabiota"
    },
    {
      "id": "M7NDMWWJ8UA9A",
      "Article Text": "\"Nathan Wolfe, the CEO of Metabiota\"",
      "article URL": "https://www.thegatewaypundit.com/2022/03/exclusive-ceo-metabiota-nathan-wolfe-connected-hunter-biden-nih-cdc-world-economic-forum/",
      "Relationship Summary": "Nathan Wolfe is the CEO of Metabiota",
      "Tag": "Virology",
      "type": "Relationship",
      "name": "Nathan Wolfe is the CEO of Metabiota"
    },
    {
      "id": "M7NDMWWJUDVFV",
      "Article Text": "\"Nathan Wolfe, the CEO of Metabiota, has connections to the NIH, Biolabs in Ukraine and Hunter Biden.\"",
      "article URL": "https://www.thegatewaypundit.com/2022/03/exclusive-ceo-metabiota-nathan-wolfe-connected-hunter-biden-nih-cdc-world-economic-forum/",
      "Relationship Summary": "Nathan Wolfe is connected to Hunter Biden",
      "Tag": "Virology",
      "type": "Relationship",
      "name": "Nathan Wolfe is connected to Hunter Biden"
    }
  ],
  "links": [
    {
      "sourceId": "M7NDMWWC2MQBN",
      "targetId": "M7NDMWWKLG8DN",
      "Article Text": "\"Hunter Biden's Rosemont Seneca Technology Partners was reported to have a 13.4% stake in Metabiota in 2014.\"",
      "Modifier Relationship": "Reported to have",
      "Relationship Date": "2014",
      "Article Title": "Metabiota",
      "article URL": "https://en.wikipedia.org/wiki/Metabiota"
    },
    {
      "sourceId": "M7NDMWWC7BFIL",
      "targetId": "M7NDMWWKTTUBE",
      "Article Text": "\"Nathan Wolfe, Metabiota's founder, has a background in immunology and infectious diseases from Harvard.\"",
      "Modifier Relationship": "Has a background in",
      "Relationship Date": "Last updated date",
      "Article Title": "Metabiota",
      "article URL": "https://en.wikipedia.org/wiki/Metabiota"
    },
    {
      "sourceId": "M7NDMWWC4IE9U",
      "targetId": "M7NDMWWLB98JG",
      "Article Text": "\"Rosemont Seneca is an investment firm based in Washington DC. It was founded in 2009 by Hunter Biden, Christopher Heinz and Devon Archer.\"",
      "Modifier Relationship": "co-founded",
      "Relationship Date": "01/01/09",
      "Article Title": "Hunter Biden's old emails linked to Ukraine labs",
      "article URL": "https://global.chinadaily.com.cn/a/202203/29/WS62426127a310fd2b29e53d95.html"
    },
    {
      "sourceId": "M7NDMWWCABMQD",
      "targetId": "M7NDMWWLYLYIC",
      "Article Text": "\"Heinz is the great-great grandson of Henry J. Heinz, founder of the international food processing company famous for Heinz ketchup.\"",
      "Modifier Relationship": "is",
      "Relationship Date": "03/29/22",
      "Article Title": "Hunter Biden's old emails linked to Ukraine labs",
      "article URL": "https://global.chinadaily.com.cn/a/202203/29/WS62426127a310fd2b29e53d95.html"
    },
    {
      "sourceId": "M7NDMWWCYVSHI",
      "targetId": "M7NDMWWLJNUMX",
      "Article Text": "\"Rosemont Seneca is an investment firm based in Washington DC. It was founded in 2009 by Hunter Biden, Christopher Heinz and Devon Archer.\"",
      "Modifier Relationship": "co-founded",
      "Relationship Date": "01/01/09",
      "Article Title": "Hunter Biden's old emails linked to Ukraine labs",
      "article URL": "https://global.chinadaily.com.cn/a/202203/29/WS62426127a310fd2b29e53d95.html"
    },
    {
      "sourceId": "M7NDMWWC126PR",
      "targetId": "M7NDMWVJY4A78",
      "Article Text": "\"Hunter Biden introduced Metabiota to officials at Burisma, the Ukrainian gas company where he was a highly paid board member, for a 'science project' involving biolabs in Ukraine, according to the emails.\"",
      "Modifier Relationship": "introduced",
      "Relationship Date": "03/29/22",
      "Article Title": "Hunter Biden's old emails linked to Ukraine labs",
      "article URL": "https://global.chinadaily.com.cn/a/202203/29/WS62426127a310fd2b29e53d95.html"
    },
    {
      "sourceId": "M7NDMWWCM73YU",
      "targetId": "M7NDMWWLHO5FV",
      "Article Text": "\"Rosemont Seneca is an investment firm based in Washington DC. It was founded in 2009 by Hunter Biden, Christopher Heinz and Devon Archer.\"",
      "Modifier Relationship": "co-founded",
      "Relationship Date": "01/01/09",
      "Article Title": "Hunter Biden's old emails linked to Ukraine labs",
      "article URL": "https://global.chinadaily.com.cn/a/202203/29/WS62426127a310fd2b29e53d95.html"
    },
    {
      "sourceId": "M7NDMWWCNCLYA",
      "targetId": "M7NDMWVUUIFK8",
      "Article Text": "\"Rosemont Seneca Technology Partners invested $500,000 in Metabiota, a pathogen-research company headquartered in San Francisco, and raised millions more through firms that included Goldman Sachs, according to emails found on the computer, which was abandoned at a Wilmington, Delaware, repair shop in April 2019.\"",
      "Modifier Relationship": "raised funds through",
      "Relationship Date": "04/01/19",
      "Article Title": "Hunter Biden's old emails linked to Ukraine labs",
      "article URL": "https://global.chinadaily.com.cn/a/202203/29/WS62426127a310fd2b29e53d95.html"
    },
    {
      "sourceId": "M7NDMWWHMMYIX",
      "targetId": "M7NDMWVPZU8G5",
      "Article Text": "\"Dr. Jean-Paul Gonzalez, known for his work on viral hemorrhagic fevers, was affiliated with Metabiota during the Ebola outbreak.\"",
      "Modifier Relationship": "During",
      "Relationship Date": "2014",
      "Article Title": "American Company Metabiota Faces Problems During Ebola Outbreak",
      "article URL": "https://www.cbsnews.com/news/american-company-metabiota-problems-during-ebola-outbreak/"
    },
    {
      "sourceId": "M7NDMWVPZU8G5",
      "targetId": "M7NDMWW8KFBV0",
      "Article Text": "\"The World Health Organization declared the Ebola outbreak a Public Health Emergency of International Concern, highlighting its status as a global emergency.\"",
      "Modifier Relationship": "Highlighting",
      "Relationship Date": "2014",
      "Article Title": "American Company Metabiota Faces Problems During Ebola Outbreak",
      "article URL": "https://www.cbsnews.com/news/american-company-metabiota-problems-during-ebola-outbreak/",
      "Relationship Summary": "Ebola Outbreak was declared a global emergency"
    },
    {
      "sourceId": "M7NDMWWC2MQBN",
      "targetId": "M7NDMWVJY4A78",
      "Article Text": "\"Hunter Biden's Rosemont Seneca Technology Partners was reported to have a 13.4% stake in Metabiota in 2014.\"",
      "Relationship Date": "2014",
      "Article Title": "Metabiota",
      "article URL": "https://en.wikipedia.org/wiki/Metabiota",
      "Relationship Summary": "Hunter Biden's Rosemont Seneca Technology Partners held a 13.4% stake in Metabiota, reported to have in 2014."
    },
    {
      "sourceId": "M7NDMWVJE7MWN",
      "targetId": "M7NDMWWC2MQBN",
      "Article Text": "\"Hunter Biden's Rosemont Seneca Technology Partners was reported to have a 13.4% stake in Metabiota in 2014.\"",
      "Relationship Date": "2014",
      "Article Title": "Metabiota",
      "article URL": "https://en.wikipedia.org/wiki/Metabiota",
      "Relationship Summary": "Hunter Biden's Rosemont Seneca Technology Partners held a 13.4% stake in Metabiota, reported to have in 2014."
    },
    {
      "sourceId": "M7NDMWWC7BFIL",
      "targetId": "M7NDMWVJY4A78",
      "Article Text": "\"Nathan Wolfe, Metabiota's founder, has a background in immunology and infectious diseases from Harvard.\"",
      "Relationship Date": "Last updated date",
      "Article Title": "Metabiota",
      "article URL": "https://en.wikipedia.org/wiki/Metabiota",
      "Relationship Summary": "Nathan Wolfe is the founder of Metabiota, has a background in immunology and infectious diseases."
    },
    {
      "sourceId": "M7NDMWVJAKUH9",
      "targetId": "M7NDMWWC7BFIL",
      "Article Text": "\"Nathan Wolfe, Metabiota's founder, has a background in immunology and infectious diseases from Harvard.\"",
      "Relationship Date": "Last updated date",
      "Article Title": "Metabiota",
      "article URL": "https://en.wikipedia.org/wiki/Metabiota",
      "Relationship Summary": "Nathan Wolfe is the founder of Metabiota, has a background in immunology and infectious diseases."
    },
    {
      "sourceId": "M7NDMWWC4IE9U",
      "targetId": "M7NDMWVJ6M3B0",
      "Article Text": "\"Rosemont Seneca is an investment firm based in Washington DC. It was founded in 2009 by Hunter Biden, Christopher Heinz and Devon Archer.\"",
      "Relationship Date": "01/01/09",
      "Article Title": "Hunter Biden's old emails linked to Ukraine labs",
      "article URL": "https://global.chinadaily.com.cn/a/202203/29/WS62426127a310fd2b29e53d95.html",
      "Relationship Summary": "Christopher Heinz co-founded Rosemont Seneca Technology Partners"
    },
    {
      "sourceId": "M7NDMWVJ94I35",
      "targetId": "M7NDMWWC4IE9U",
      "Article Text": "\"Rosemont Seneca is an investment firm based in Washington DC. It was founded in 2009 by Hunter Biden, Christopher Heinz and Devon Archer.\"",
      "Relationship Date": "01/01/09",
      "Article Title": "Hunter Biden's old emails linked to Ukraine labs",
      "article URL": "https://global.chinadaily.com.cn/a/202203/29/WS62426127a310fd2b29e53d95.html",
      "Relationship Summary": "Christopher Heinz co-founded Rosemont Seneca Technology Partners"
    },
    {
      "sourceId": "M7NDMWWCTNKUI",
      "targetId": "M7NDMWVTYXGXO",
      "Article Text": "\"Heinz is the stepson of former US secretary of state and senator and current climate czar John Kerry.\"",
      "Relationship Date": "03/29/22",
      "Article Title": "Hunter Biden's old emails linked to Ukraine labs",
      "article URL": "https://global.chinadaily.com.cn/a/202203/29/WS62426127a310fd2b29e53d95.html",
      "Relationship Summary": "Christopher Heinz is the stepson of John Kerry"
    },
    {
      "sourceId": "M7NDMWVJ94I35",
      "targetId": "M7NDMWWCTNKUI",
      "Article Text": "\"Heinz is the stepson of former US secretary of state and senator and current climate czar John Kerry.\"",
      "Relationship Date": "03/29/22",
      "Article Title": "Hunter Biden's old emails linked to Ukraine labs",
      "article URL": "https://global.chinadaily.com.cn/a/202203/29/WS62426127a310fd2b29e53d95.html",
      "Relationship Summary": "Christopher Heinz is the stepson of John Kerry"
    },
    {
      "sourceId": "M7NDMWWCABMQD",
      "targetId": "M7NDMWVT07LZ3",
      "Article Text": "\"Heinz is the great-great grandson of Henry J. Heinz, founder of the international food processing company famous for Heinz ketchup.\"",
      "Relationship Date": "03/29/22",
      "Article Title": "Hunter Biden's old emails linked to Ukraine labs",
      "article URL": "https://global.chinadaily.com.cn/a/202203/29/WS62426127a310fd2b29e53d95.html",
      "Relationship Summary": "Christopher Heinz is the great-great grandson of Henry J. Heinz"
    },
    {
      "sourceId": "M7NDMWVJ94I35",
      "targetId": "M7NDMWWCABMQD",
      "Article Text": "\"Heinz is the great-great grandson of Henry J. Heinz, founder of the international food processing company famous for Heinz ketchup.\"",
      "Relationship Date": "03/29/22",
      "Article Title": "Hunter Biden's old emails linked to Ukraine labs",
      "article URL": "https://global.chinadaily.com.cn/a/202203/29/WS62426127a310fd2b29e53d95.html",
      "Relationship Summary": "Christopher Heinz is the great-great grandson of Henry J. Heinz"
    },
    {
      "sourceId": "M7NDMWWCYVSHI",
      "targetId": "M7NDMWVJ6M3B0",
      "Article Text": "\"Rosemont Seneca is an investment firm based in Washington DC. It was founded in 2009 by Hunter Biden, Christopher Heinz and Devon Archer.\"",
      "Relationship Date": "01/01/09",
      "Article Title": "Hunter Biden's old emails linked to Ukraine labs",
      "article URL": "https://global.chinadaily.com.cn/a/202203/29/WS62426127a310fd2b29e53d95.html",
      "Relationship Summary": "Devon Archer co-founded Rosemont Seneca Technology Partners"
    },
    {
      "sourceId": "M7NDMWVJIFZ60",
      "targetId": "M7NDMWWCYVSHI",
      "Article Text": "\"Rosemont Seneca is an investment firm based in Washington DC. It was founded in 2009 by Hunter Biden, Christopher Heinz and Devon Archer.\"",
      "Relationship Date": "01/01/09",
      "Article Title": "Hunter Biden's old emails linked to Ukraine labs",
      "article URL": "https://global.chinadaily.com.cn/a/202203/29/WS62426127a310fd2b29e53d95.html",
      "Relationship Summary": "Devon Archer co-founded Rosemont Seneca Technology Partners"
    },
    {
      "sourceId": "M7NDMWVJ95DOK",
      "targetId": "M7NDMWWCBI93W",
      "Article Text": "\"An investment fund run by … Hunter Biden funded research and the implementation of the United States' military biological program. It is obvious that Joe Biden, as his father and the head of state, was aware of that activity,\"",
      "Relationship Date": "03/29/22",
      "Article Title": "Hunter Biden's old emails linked to Ukraine labs",
      "article URL": "https://global.chinadaily.com.cn/a/202203/29/WS62426127a310fd2b29e53d95.html",
      "Relationship Summary": "Hunter Biden is the son of US President Joe Biden"
    },
    {
      "sourceId": "M7NDMWWC126PR",
      "targetId": "M7NDMWVTOL33M",
      "Article Text": "\"Hunter Biden introduced Metabiota to officials at Burisma, the Ukrainian gas company where he was a highly paid board member, for a 'science project' involving biolabs in Ukraine, according to the emails.\"",
      "Relationship Date": "03/29/22",
      "Article Title": "Hunter Biden's old emails linked to Ukraine labs",
      "article URL": "https://global.chinadaily.com.cn/a/202203/29/WS62426127a310fd2b29e53d95.html",
      "Relationship Summary": "Hunter Biden served as a board member of Burisma"
    },
    {
      "sourceId": "M7NDMWVJ95DOK",
      "targetId": "M7NDMWWC126PR",
      "Article Text": "\"Hunter Biden introduced Metabiota to officials at Burisma, the Ukrainian gas company where he was a highly paid board member, for a 'science project' involving biolabs in Ukraine, according to the emails.\"",
      "Relationship Date": "03/29/22",
      "Article Title": "Hunter Biden's old emails linked to Ukraine labs",
      "article URL": "https://global.chinadaily.com.cn/a/202203/29/WS62426127a310fd2b29e53d95.html",
      "Relationship Summary": "Hunter Biden served as a board member of Burisma"
    },
    {
      "sourceId": "M7NDMWWCM73YU",
      "targetId": "M7NDMWVJ6M3B0",
      "Article Text": "\"Rosemont Seneca is an investment firm based in Washington DC. It was founded in 2009 by Hunter Biden, Christopher Heinz and Devon Archer.\"",
      "Relationship Date": "01/01/09",
      "Article Title": "Hunter Biden's old emails linked to Ukraine labs",
      "article URL": "https://global.chinadaily.com.cn/a/202203/29/WS62426127a310fd2b29e53d95.html",
      "Relationship Summary": "Hunter Biden co-founded Rosemont Seneca Technology Partners"
    },
    {
      "sourceId": "M7NDMWVJ95DOK",
      "targetId": "M7NDMWWCM73YU",
      "Article Text": "\"Rosemont Seneca is an investment firm based in Washington DC. It was founded in 2009 by Hunter Biden, Christopher Heinz and Devon Archer.\"",
      "Relationship Date": "01/01/09",
      "Article Title": "Hunter Biden's old emails linked to Ukraine labs",
      "article URL": "https://global.chinadaily.com.cn/a/202203/29/WS62426127a310fd2b29e53d95.html",
      "Relationship Summary": "Hunter Biden co-founded Rosemont Seneca Technology Partners"
    },
    {
      "sourceId": "M7NDMWWCO0E8G",
      "targetId": "M7NDMWVUUIFK8",
      "Article Text": "\"Rosemont Seneca Technology Partners invested $500,000 in Metabiota, a pathogen-research company headquartered in San Francisco, and raised millions more through firms that included Goldman Sachs, according to emails found on the computer, which was abandoned at a Wilmington, Delaware, repair shop in April 2019.\"",
      "Relationship Date": "04/01/19",
      "Article Title": "Hunter Biden's old emails linked to Ukraine labs",
      "article URL": "https://global.chinadaily.com.cn/a/202203/29/WS62426127a310fd2b29e53d95.html",
      "Relationship Summary": "Metabiota raised millions more through firms that included Goldman Sachs"
    },
    {
      "sourceId": "M7NDMWVJY4A78",
      "targetId": "M7NDMWWCO0E8G",
      "Article Text": "\"Rosemont Seneca Technology Partners invested $500,000 in Metabiota, a pathogen-research company headquartered in San Francisco, and raised millions more through firms that included Goldman Sachs, according to emails found on the computer, which was abandoned at a Wilmington, Delaware, repair shop in April 2019.\"",
      "Relationship Date": "04/01/19",
      "Article Title": "Hunter Biden's old emails linked to Ukraine labs",
      "article URL": "https://global.chinadaily.com.cn/a/202203/29/WS62426127a310fd2b29e53d95.html",
      "Relationship Summary": "Metabiota raised millions more through firms that included Goldman Sachs"
    },
    {
      "sourceId": "M7NDMWWCNCLYA",
      "targetId": "M7NDMWVJY4A78",
      "Article Text": "\"Rosemont Seneca Technology Partners invested $500,000 in Metabiota, a pathogen-research company headquartered in San Francisco, and raised millions more through firms that included Goldman Sachs, according to emails found on the computer, which was abandoned at a Wilmington, Delaware, repair shop in April 2019.\"",
      "Relationship Date": "04/01/19",
      "Article Title": "Hunter Biden's old emails linked to Ukraine labs",
      "article URL": "https://global.chinadaily.com.cn/a/202203/29/WS62426127a310fd2b29e53d95.html",
      "Relationship Summary": "Rosemont Seneca Technology Partners invested in Metabiota"
    },
    {
      "sourceId": "M7NDMWVJ6M3B0",
      "targetId": "M7NDMWWCNCLYA",
      "Article Text": "\"Rosemont Seneca Technology Partners invested $500,000 in Metabiota, a pathogen-research company headquartered in San Francisco, and raised millions more through firms that included Goldman Sachs, according to emails found on the computer, which was abandoned at a Wilmington, Delaware, repair shop in April 2019.\"",
      "Relationship Date": "04/01/19",
      "Article Title": "Hunter Biden's old emails linked to Ukraine labs",
      "article URL": "https://global.chinadaily.com.cn/a/202203/29/WS62426127a310fd2b29e53d95.html",
      "Relationship Summary": "Rosemont Seneca Technology Partners invested in Metabiota"
    },
    {
      "sourceId": "M7NDMWWD04ICO",
      "targetId": "M7NDMWVJY4A78",
      "Article Text": "\"Bethany Edison, Metabiota\"",
      "article URL": "https://p2.predict.global/team",
      "Relationship Summary": "Bethany Edison works for Metabiota"
    },
    {
      "sourceId": "M7NDMWVKZXCG9",
      "targetId": "M7NDMWWD04ICO",
      "Article Text": "\"Bethany Edison, Metabiota\"",
      "article URL": "https://p2.predict.global/team",
      "Relationship Summary": "Bethany Edison works for Metabiota"
    },
    {
      "sourceId": "M7NDMWWD2VUC2",
      "targetId": "M7NDMWVJY4A78",
      "Article Text": "\"Christian Lange, Metabiota\"",
      "article URL": "https://p2.predict.global/team",
      "Relationship Summary": "Christian Lange works for Metabiota"
    },
    {
      "sourceId": "M7NDMWVK79G75",
      "targetId": "M7NDMWWD2VUC2",
      "Article Text": "\"Christian Lange, Metabiota\"",
      "article URL": "https://p2.predict.global/team",
      "Relationship Summary": "Christian Lange works for Metabiota"
    },
    {
      "sourceId": "M7NDMWWDVHON1",
      "targetId": "M7NDMWVJY4A78",
      "Article Text": "\"Daniel O’Rourke, Metabiota\"",
      "article URL": "https://p2.predict.global/team",
      "Relationship Summary": "Daniel O’Rourke works for Metabiota"
    },
    {
      "sourceId": "M7NDMWVK9ET4X",
      "targetId": "M7NDMWWDVHON1",
      "Article Text": "\"Daniel O’Rourke, Metabiota\"",
      "article URL": "https://p2.predict.global/team",
      "Relationship Summary": "Daniel O’Rourke works for Metabiota"
    },
    {
      "sourceId": "M7NDMWWDM5R5R",
      "targetId": "M7NDMWVJY4A78",
      "Article Text": "\"David McIver, Metabiota\"",
      "article URL": "https://p2.predict.global/team",
      "Relationship Summary": "David McIver works for Metabiota"
    },
    {
      "sourceId": "M7NDMWVKVIBD7",
      "targetId": "M7NDMWWDM5R5R",
      "Article Text": "\"David McIver, Metabiota\"",
      "article URL": "https://p2.predict.global/team",
      "Relationship Summary": "David McIver works for Metabiota"
    },
    {
      "sourceId": "M7NDMWWD41D6T",
      "targetId": "M7NDMWVJY4A78",
      "Article Text": "\"Jason Euren, Metabiota\"",
      "Article Title": "Predict Global Team",
      "article URL": "https://p2.predict.global/team",
      "Relationship Summary": "Jason Euren works for Metabiota"
    },
    {
      "sourceId": "M7NDMWVKMJ3WG",
      "targetId": "M7NDMWWD41D6T",
      "Article Text": "\"Jason Euren, Metabiota\"",
      "Article Title": "Predict Global Team",
      "article URL": "https://p2.predict.global/team",
      "Relationship Summary": "Jason Euren works for Metabiota"
    },
    {
      "sourceId": "M7NDMWWDROO27",
      "targetId": "M7NDMWVJY4A78",
      "Article Text": "\"Mat LeBreton, Metabiota\"",
      "article URL": "https://p2.predict.global/team",
      "Relationship Summary": "Mat LeBreton works for Metabiota"
    },
    {
      "sourceId": "M7NDMWVKS4A5L",
      "targetId": "M7NDMWWDROO27",
      "Article Text": "\"Mat LeBreton, Metabiota\"",
      "article URL": "https://p2.predict.global/team",
      "Relationship Summary": "Mat LeBreton works for Metabiota"
    },
    {
      "sourceId": "M7NDMWWDQATBY",
      "targetId": "M7NDMWVJY4A78",
      "Article Text": "\"Tammie O’Rourke, Metabiota\"",
      "article URL": "https://p2.predict.global/team",
      "Relationship Summary": "Tammie O’Rourke works for Metabiota"
    },
    {
      "sourceId": "M7NDMWVLAYQXE",
      "targetId": "M7NDMWWDQATBY",
      "Article Text": "\"Tammie O’Rourke, Metabiota\"",
      "article URL": "https://p2.predict.global/team",
      "Relationship Summary": "Tammie O’Rourke works for Metabiota"
    },
    {
      "sourceId": "M7NDMWWEOA9QV",
      "targetId": "M7NDMWVJ6M3B0",
      "Article Text": "\"Financial reports reveal that RSTP led the company’s first round of funding, which amounted to $30 million. Former Managing Director and co-founder of RSTP Neil Callahan – a name that appears many times on Hunter Biden’s hard drive – also sits on Metabiota’s Board of Advisors.\"",
      "article URL": "https://thenationalpulse.com/archive-post/hunter-biden-invested-in-ecohealth-wuhan-partner/",
      "Relationship Summary": "Neil Callahan was former Managing Director and co-founder of RSTP"
    },
    {
      "sourceId": "M7NDMWVLNOW4P",
      "targetId": "M7NDMWWEOA9QV",
      "Article Text": "\"Financial reports reveal that RSTP led the company’s first round of funding, which amounted to $30 million. Former Managing Director and co-founder of RSTP Neil Callahan – a name that appears many times on Hunter Biden’s hard drive – also sits on Metabiota’s Board of Advisors.\"",
      "article URL": "https://thenationalpulse.com/archive-post/hunter-biden-invested-in-ecohealth-wuhan-partner/",
      "Relationship Summary": "Neil Callahan was former Managing Director and co-founder of RSTP"
    },
    {
      "sourceId": "M7NDMWWEO7WIV",
      "targetId": "M7NDMWVJY4A78",
      "Article Text": "\"Former Managing Director and co-founder of RSTP Neil Callahan – a name that appears many times on Hunter Biden’s hard drive – also sits on Metabiota’s Board of Advisors.\"",
      "article URL": "https://thenationalpulse.com/archive-post/hunter-biden-invested-in-ecohealth-wuhan-partner/",
      "Relationship Summary": "Neil Callahan sits on Metabiota's Board of Advisors"
    },
    {
      "sourceId": "M7NDMWVLNOW4P",
      "targetId": "M7NDMWWEO7WIV",
      "Article Text": "\"Former Managing Director and co-founder of RSTP Neil Callahan – a name that appears many times on Hunter Biden’s hard drive – also sits on Metabiota’s Board of Advisors.\"",
      "article URL": "https://thenationalpulse.com/archive-post/hunter-biden-invested-in-ecohealth-wuhan-partner/",
      "Relationship Summary": "Neil Callahan sits on Metabiota's Board of Advisors"
    },
    {
      "sourceId": "M7NDMWWEL6DCW",
      "targetId": "M7NDMWVVJ1H53",
      "Article Text": "\"Rosemont Seneca Technology Partners (RSTP) was an offshoot of Rosemont Capital\"",
      "article URL": "https://thenationalpulse.com/archive-post/hunter-biden-invested-in-ecohealth-wuhan-partner/",
      "Relationship Summary": "RSTP was an offshoot of Rosemont Capital"
    },
    {
      "sourceId": "M7NDMWVJ6M3B0",
      "targetId": "M7NDMWWEL6DCW",
      "Article Text": "\"Rosemont Seneca Technology Partners (RSTP) was an offshoot of Rosemont Capital\"",
      "article URL": "https://thenationalpulse.com/archive-post/hunter-biden-invested-in-ecohealth-wuhan-partner/",
      "Relationship Summary": "RSTP was an offshoot of Rosemont Capital"
    },
    {
      "sourceId": "M7NDMWWENJS8K",
      "targetId": "M7NDMWVJ6M3B0",
      "article URL": "https://web.archive.org/web/20140315054332/http://www.rstp.com/people/",
      "Relationship Summary": "Devon Archer is a Managing Director at RSTP"
    },
    {
      "sourceId": "M7NDMWVJIFZ60",
      "targetId": "M7NDMWWENJS8K",
      "article URL": "https://web.archive.org/web/20140315054332/http://www.rstp.com/people/",
      "Relationship Summary": "Devon Archer is a Managing Director at RSTP"
    },
    {
      "sourceId": "M7NDMWWEA7X55",
      "targetId": "M7NDMWVJ6M3B0",
      "article URL": "https://web.archive.org/web/20140315054332/http://www.rstp.com/people/",
      "Relationship Summary": "Eric Schwerin is a Managing Director at RSTP"
    },
    {
      "sourceId": "M7NDMWWEIYM93",
      "targetId": "M7NDMWVJ6M3B0",
      "article URL": "https://web.archive.org/web/20140315054332/http://www.rstp.com/people/",
      "Relationship Summary": "John DeLoche is a Managing Director at RSTP"
    },
    {
      "sourceId": "M7NDMWVMMWEY0",
      "targetId": "M7NDMWWEIYM93",
      "article URL": "https://web.archive.org/web/20140315054332/http://www.rstp.com/people/",
      "Relationship Summary": "John DeLoche is a Managing Director at RSTP"
    },
    {
      "sourceId": "M7NDMWWEKT7I0",
      "targetId": "M7NDMWVJ6M3B0",
      "article URL": "https://web.archive.org/web/20140315054332/http://www.rstp.com/people/",
      "Relationship Summary": "Neil Callahan is a Managing Director at RSTP"
    },
    {
      "sourceId": "M7NDMWVLNOW4P",
      "targetId": "M7NDMWWEKT7I0",
      "article URL": "https://web.archive.org/web/20140315054332/http://www.rstp.com/people/",
      "Relationship Summary": "Neil Callahan is a Managing Director at RSTP"
    },
    {
      "sourceId": "M7NDMWWEN9FWN",
      "targetId": "M7NDMWVJ6M3B0",
      "article URL": "https://web.archive.org/web/20140315054332/http://www.rstp.com/people/",
      "Relationship Summary": "R. Hunter Biden is a Managing Director at RSTP"
    },
    {
      "sourceId": "M7NDMWWEDE7ZC",
      "targetId": "M7NDMWVJ6M3B0",
      "article URL": "https://web.archive.org/web/20140315054332/http://www.rstp.com/people/",
      "Relationship Summary": "Rob Walker is a Managing Director at RSTP"
    },
    {
      "sourceId": "M7NDMWWEF3ZSA",
      "targetId": "M7NDMWVJ6M3B0",
      "article URL": "https://web.archive.org/web/20140315054332/http://www.rstp.com/people/",
      "Relationship Summary": "William Lee is a Managing Director at RSTP"
    },
    {
      "sourceId": "M7NDMWVMGP3H4",
      "targetId": "M7NDMWWEF3ZSA",
      "article URL": "https://web.archive.org/web/20140315054332/http://www.rstp.com/people/",
      "Relationship Summary": "William Lee is a Managing Director at RSTP"
    },
    {
      "sourceId": "M7NDMWWHZZFSX",
      "targetId": "M7NDMWVY3YABB",
      "Article Text": "\"Metabiota is partially owned by a venture capital firm called Rosemont Seneca\"",
      "Article Title": "The Truth about Wuhan: How I Uncovered the Biggest Lie in History",
      "article URL": "https://www.amazon.com/Truth-about-Wuhan-Uncovered-Biggest/dp/1510773886/ref=sr_1_1?sr=82",
      "Relationship Summary": "Metabiota is partially owned by Rosemont Seneca"
    },
    {
      "sourceId": "M7NDMWVJY4A78",
      "targetId": "M7NDMWWHZZFSX",
      "Article Text": "\"Metabiota is partially owned by a venture capital firm called Rosemont Seneca\"",
      "Article Title": "The Truth about Wuhan: How I Uncovered the Biggest Lie in History",
      "article URL": "https://www.amazon.com/Truth-about-Wuhan-Uncovered-Biggest/dp/1510773886/ref=sr_1_1?sr=82",
      "Relationship Summary": "Metabiota is partially owned by Rosemont Seneca"
    },
    {
      "sourceId": "M7NDMWWHMMYIX",
      "targetId": "M7NDMWVZCRE23",
      "Article Text": "\"Dr. Jean-Paul Gonzalez, known for his work on viral hemorrhagic fevers, was affiliated with Metabiota during the Ebola outbreak.\"",
      "Relationship Date": "2014",
      "Article Title": "American Company Metabiota Faces Problems During Ebola Outbreak",
      "article URL": "https://www.cbsnews.com/news/american-company-metabiota-problems-during-ebola-outbreak/",
      "Relationship Summary": "Metabiota was affiliated with Dr. Jean-Paul Gonzalez"
    },
    {
      "sourceId": "M7NDMWVJY4A78",
      "targetId": "M7NDMWWHMMYIX",
      "Article Text": "\"Dr. Jean-Paul Gonzalez, known for his work on viral hemorrhagic fevers, was affiliated with Metabiota during the Ebola outbreak.\"",
      "Relationship Date": "2014",
      "Article Title": "American Company Metabiota Faces Problems During Ebola Outbreak",
      "article URL": "https://www.cbsnews.com/news/american-company-metabiota-problems-during-ebola-outbreak/",
      "Relationship Summary": "Metabiota was affiliated with Dr. Jean-Paul Gonzalez"
    },
    {
      "sourceId": "M7NDMWWIZ5YKL",
      "targetId": "M7NDMWVJY4A78",
      "Article Text": "\"Nita Madhav, CEO of Metabiota\"",
      "article URL": "https://www.iqt.org/library/catastrophic-modeling-and-risk-analytics-with-metabiotas-nita-madhav",
      "Relationship Summary": "Nita Madhav is the CEO of Metabiota"
    },
    {
      "sourceId": "M7NDMWVR08NUJ",
      "targetId": "M7NDMWWIZ5YKL",
      "Article Text": "\"Nita Madhav, CEO of Metabiota\"",
      "article URL": "https://www.iqt.org/library/catastrophic-modeling-and-risk-analytics-with-metabiotas-nita-madhav",
      "Relationship Summary": "Nita Madhav is the CEO of Metabiota"
    },
    {
      "sourceId": "M7NDMWWI56CQ0",
      "targetId": "M7NDMWVJY4A78",
      "Article Text": "\"“We believe that when risk can be properly assessed and mitigated by insurance, the world will be more prepared and able to manage these events,” said Bill Rossi, CEO of Metabiota.\"",
      "article URL": "https://www.iqt.org/library/munich-re-in-q-tel-select-metabiota-to-gain-deeper-insights-into-epidemic-risk-and-global-preparedness-for-infectious-diseases",
      "Relationship Summary": "Bill Rossi is the CEO of Metabiota"
    },
    {
      "sourceId": "M7NDMWVR5TIAC",
      "targetId": "M7NDMWWI56CQ0",
      "Article Text": "\"“We believe that when risk can be properly assessed and mitigated by insurance, the world will be more prepared and able to manage these events,” said Bill Rossi, CEO of Metabiota.\"",
      "article URL": "https://www.iqt.org/library/munich-re-in-q-tel-select-metabiota-to-gain-deeper-insights-into-epidemic-risk-and-global-preparedness-for-infectious-diseases",
      "Relationship Summary": "Bill Rossi is the CEO of Metabiota"
    },
    {
      "sourceId": "M7NDMWWI9ZIO2",
      "targetId": "M7NDMWVJY4A78",
      "Article Text": "\"Munich Re & In-Q-Tel Select Metabiota to Gain Deeper Insights into Epidemic Risk and Global Preparedness for Infectious Diseases\"",
      "article URL": "https://www.iqt.org/library/munich-re-in-q-tel-select-metabiota-to-gain-deeper-insights-into-epidemic-risk-and-global-preparedness-for-infectious-diseases",
      "Relationship Summary": "Munich Re selected Metabiota for insights into epidemic risk"
    },
    {
      "sourceId": "M7NDMWVRZHQ9U",
      "targetId": "M7NDMWWI9ZIO2",
      "Article Text": "\"Munich Re & In-Q-Tel Select Metabiota to Gain Deeper Insights into Epidemic Risk and Global Preparedness for Infectious Diseases\"",
      "article URL": "https://www.iqt.org/library/munich-re-in-q-tel-select-metabiota-to-gain-deeper-insights-into-epidemic-risk-and-global-preparedness-for-infectious-diseases",
      "Relationship Summary": "Munich Re selected Metabiota for insights into epidemic risk"
    },
    {
      "sourceId": "M7NDMWWJ17B76",
      "targetId": "M7NDMWVJY4A78",
      "Article Text": "\"We know that Hunter’s firm, Rosemont Seneca, invested in Metabiota and provided evidence of this from the Wayback Machine.\"",
      "article URL": "https://www.thegatewaypundit.com/2022/03/exclusive-ceo-metabiota-nathan-wolfe-connected-hunter-biden-nih-cdc-world-economic-forum/",
      "Relationship Summary": "Hunter Biden's firm, Rosemont Seneca, invested in Metabiota"
    },
    {
      "sourceId": "M7NDMWVJ95DOK",
      "targetId": "M7NDMWWJ17B76",
      "Article Text": "\"We know that Hunter’s firm, Rosemont Seneca, invested in Metabiota and provided evidence of this from the Wayback Machine.\"",
      "article URL": "https://www.thegatewaypundit.com/2022/03/exclusive-ceo-metabiota-nathan-wolfe-connected-hunter-biden-nih-cdc-world-economic-forum/",
      "Relationship Summary": "Hunter Biden's firm, Rosemont Seneca, invested in Metabiota"
    },
    {
      "sourceId": "M7NDMWWJ8UA9A",
      "targetId": "M7NDMWVJY4A78",
      "Article Text": "\"Nathan Wolfe, the CEO of Metabiota\"",
      "Article Title": "EXCLUSIVE: CEO of Metabiota, Nathan Wolfe, Connected to Hunter Biden, the NIH, the CDC and the World Economic Forum",
      "article URL": "https://www.thegatewaypundit.com/2022/03/exclusive-ceo-metabiota-nathan-wolfe-connected-hunter-biden-nih-cdc-world-economic-forum/",
      "Relationship Summary": "Nathan Wolfe is the CEO of Metabiota"
    },
    {
      "sourceId": "M7NDMWVJAKUH9",
      "targetId": "M7NDMWWJ8UA9A",
      "Article Text": "\"Nathan Wolfe, the CEO of Metabiota\"",
      "Article Title": "EXCLUSIVE: CEO of Metabiota, Nathan Wolfe, Connected to Hunter Biden, the NIH, the CDC and the World Economic Forum",
      "article URL": "https://www.thegatewaypundit.com/2022/03/exclusive-ceo-metabiota-nathan-wolfe-connected-hunter-biden-nih-cdc-world-economic-forum/",
      "Relationship Summary": "Nathan Wolfe is the CEO of Metabiota"
    },
    {
      "sourceId": "M7NDMWWJUDVFV",
      "targetId": "M7NDMWVJ95DOK",
      "Article Text": "\"Nathan Wolfe, the CEO of Metabiota, has connections to the NIH, Biolabs in Ukraine and Hunter Biden.\"",
      "Article Title": "EXCLUSIVE: CEO of Metabiota, Nathan Wolfe, Connected to Hunter Biden, the NIH, the CDC and the World Economic Forum",
      "article URL": "https://www.thegatewaypundit.com/2022/03/exclusive-ceo-metabiota-nathan-wolfe-connected-hunter-biden-nih-cdc-world-economic-forum/",
      "Relationship Summary": "Nathan Wolfe is connected to Hunter Biden"
    },
    {
      "sourceId": "M7NDMWVJAKUH9",
      "targetId": "M7NDMWWJUDVFV",
      "Article Text": "\"Nathan Wolfe, the CEO of Metabiota, has connections to the NIH, Biolabs in Ukraine and Hunter Biden.\"",
      "Article Title": "EXCLUSIVE: CEO of Metabiota, Nathan Wolfe, Connected to Hunter Biden, the NIH, the CDC and the World Economic Forum",
      "article URL": "https://www.thegatewaypundit.com/2022/03/exclusive-ceo-metabiota-nathan-wolfe-connected-hunter-biden-nih-cdc-world-economic-forum/",
      "Relationship Summary": "Nathan Wolfe is connected to Hunter Biden"
    },
    {
      "sourceId": "M7NDMWW8KFBV0",
      "targetId": "M7NDMWW8KFBV0",
      "Article Text": "\"The World Health Organization declared the Ebola outbreak a Public Health Emergency of International Concern, highlighting its status as a global emergency.\"",
      "Relationship Date": "2014",
      "Article Title": "American Company Metabiota Faces Problems During Ebola Outbreak",
      "article URL": "https://www.cbsnews.com/news/american-company-metabiota-problems-during-ebola-outbreak/",
      "Relationship Summary": "Ebola Outbreak was declared a global emergency"
    },
    {
      "sourceId": "M7NDMWVJ95DOK",
      "targetId": "M7NDMWWEN9FWN",
      "article URL": "https://web.archive.org/web/20140315054332/http://www.rstp.com/people/",
      "Relationship Summary": "R. Hunter Biden is a Managing Director at RSTP"
    }
  ]
}